datetime,wtr_0,wtr_0.5,wtr_1,wtr_1.5,wtr_2,wtr_2.5,wtr_3,wtr_3.5,wtr_4,wtr_4.5,wtr_5,wtr_5.5,wtr_6,wtr_6.5,wtr_7,wtr_7.5,wtr_8,wtr_8.5,wtr_9,wtr_9.5,wtr_10,wtr_10.5,wtr_11,wtr_11.5,wtr_12,wtr_12.5,wtr_13,wtr_13.5,wtr_14,wtr_14.5,wtr_15,wtr_15.5,wtr_16,wtr_16.5,wtr_17,wtr_17.5,wtr_18,wtr_18.5,wtr_19,wtr_19.5,wtr_20,wtr_20.5,wtr_21,wtr_21.5,wtr_22,wtr_22.5,wtr_23,wtr_23.5,wtr_24,wtr_24.5
2020-04-03 00:00:00,4.57,4.57,4.57,4.57,4.57,4.57,4.58,4.47,4.38,4.35,4.33,4.32,4.31,4.31,4.3,4.3,4.3,4.29,4.29,4.25,4.21,4.21,4.2,4.17,4.15,4.16,4.16,4.14,4.13,4.13,4.14,4.12,4.09,4.08,4.07,4.07,4.07,4.07,4.06,4.05,4.05,4.05,4.05,4.03,4.01,4.34,4.63,4.69,4.69,4.69
2020-04-04 00:00:00,4.77,4.74,4.69,4.64,4.61,4.57,4.54,4.5,4.47,4.44,4.41,4.39,4.37,4.35,4.34,4.32,4.3,4.29,4.28,4.26,4.25,4.24,4.23,4.22,4.21,4.2,4.19,4.19,4.18,4.17,4.17,4.16,4.16,4.15,4.15,4.15,4.15,4.15,4.15,4.14,4.14,4.14,4.14,4.14,4.15,4.17,4.18,4.18,4.18,4.18
2020-04-05 00:00:00,4.44,4.45,4.45,4.44,4.44,4.44,4.43,4.43,4.43,4.42,4.42,4.42,4.41,4.41,4.41,4.4,4.4,4.4,4.39,4.39,4.39,4.38,4.38,4.38,4.38,4.37,4.37,4.37,4.37,4.36,4.36,4.36,4.36,4.36,4.36,4.35,4.35,4.35,4.35,4.35,4.35,4.35,4.35,4.35,4.35,4.35,4.35,4.35,4.35,4.35
2020-04-06 00:00:00,4.74,4.72,4.67,4.61,4.57,4.54,4.51,4.49,4.48,4.46,4.45,4.44,4.44,4.43,4.43,4.42,4.42,4.42,4.41,4.41,4.41,4.41,4.41,4.41,4.4,4.4,4.4,4.4,4.4,4.4,4.4,4.4,4.4,4.4,4.4,4.4,4.4,4.4,4.4,4.4,4.4,4.4,4.4,4.4,4.4,4.4,4.4,4.4,4.4,4.4
2020-04-07 00:00:00,4.88,4.86,4.79,4.72,4.67,4.64,4.61,4.59,4.57,4.56,4.55,4.54,4.53,4.53,4.52,4.51,4.51,4.5,4.5,4.5,4.49,4.49,4.49,4.48,4.48,4.48,4.47,4.47,4.47,4.47,4.46,4.46,4.46,4.46,4.46,4.46,4.46,4.45,4.45,4.45,4.45,4.45,4.45,4.45,4.45,4.45,4.45,4.45,4.45,4.45
2020-04-08 00:00:00,5.47,5.38,5.21,5.08,4.99,4.92,4.86,4.81,4.77,4.74,4.71,4.68,4.66,4.64,4.62,4.61,4.59,4.58,4.57,4.57,4.56,4.55,4.55,4.54,4.54,4.53,4.53,4.52,4.52,4.52,4.52,4.52,4.51,4.51,4.51,4.51,4.51,4.51,4.51,4.51,4.51,4.51,4.51,4.51,4.51,4.51,4.51,4.51,4.51,4.51
2020-04-09 00:00:00,5.56,5.53,5.47,5.41,5.33,5.26,5.19,5.12,5.06,5.01,4.96,4.91,4.87,4.84,4.8,4.77,4.75,4.72,4.7,4.68,4.67,4.65,4.64,4.62,4.61,4.61,4.6,4.59,4.59,4.58,4.58,4.58,4.57,4.57,4.57,4.57,4.57,4.57,4.57,4.57,4.57,4.57,4.56,4.56,4.56,4.56,4.56,4.56,4.56,4.56
2020-04-10 00:00:00,4.87,4.87,4.88,4.89,4.89,4.89,4.89,4.89,4.89,4.89,4.89,4.89,4.89,4.89,4.89,4.89,4.89,4.89,4.89,4.89,4.88,4.88,4.87,4.87,4.86,4.86,4.85,4.84,4.83,4.82,4.81,4.8,4.8,4.79,4.78,4.77,4.77,4.76,4.76,4.76,4.75,4.75,4.75,4.75,4.75,4.75,4.75,4.75,4.75,4.75
2020-04-11 00:00:00,4.72,4.72,4.73,4.73,4.73,4.73,4.73,4.73,4.73,4.73,4.73,4.73,4.73,4.73,4.73,4.73,4.73,4.73,4.73,4.73,4.73,4.73,4.73,4.73,4.73,4.73,4.73,4.73,4.73,4.73,4.73,4.73,4.73,4.73,4.73,4.73,4.73,4.72,4.72,4.72,4.72,4.72,4.72,4.72,4.72,4.72,4.72,4.72,4.72,4.72
2020-04-12 00:00:00,5.07,5.04,4.98,4.92,4.87,4.83,4.81,4.79,4.77,4.76,4.75,4.75,4.74,4.74,4.73,4.73,4.73,4.73,4.72,4.72,4.72,4.72,4.72,4.72,4.72,4.72,4.72,4.72,4.72,4.72,4.72,4.72,4.72,4.72,4.72,4.72,4.72,4.72,4.72,4.72,4.72,4.72,4.72,4.72,4.72,4.72,4.72,4.72,4.72,4.72
2020-04-13 00:00:00,5.23,5.22,5.18,5.15,5.11,5.07,5.03,5,4.96,4.93,4.91,4.88,4.86,4.85,4.83,4.82,4.8,4.79,4.79,4.78,4.77,4.77,4.76,4.76,4.75,4.75,4.75,4.75,4.74,4.74,4.74,4.74,4.74,4.74,4.74,4.73,4.73,4.73,4.73,4.73,4.73,4.73,4.73,4.73,4.73,4.73,4.73,4.73,4.73,4.73
2020-04-14 00:00:00,4.77,4.77,4.78,4.79,4.79,4.79,4.79,4.79,4.79,4.8,4.8,4.8,4.8,4.8,4.8,4.8,4.8,4.8,4.8,4.79,4.79,4.79,4.79,4.79,4.79,4.79,4.79,4.79,4.79,4.79,4.79,4.79,4.79,4.79,4.79,4.78,4.78,4.78,4.78,4.78,4.78,4.78,4.78,4.78,4.78,4.78,4.78,4.78,4.78,4.78
2020-04-15 00:00:00,4.5,4.51,4.52,4.53,4.54,4.54,4.54,4.55,4.55,4.55,4.55,4.56,4.56,4.56,4.56,4.56,4.56,4.56,4.56,4.56,4.57,4.57,4.57,4.57,4.57,4.57,4.57,4.57,4.57,4.57,4.57,4.57,4.57,4.57,4.57,4.57,4.57,4.57,4.57,4.57,4.57,4.57,4.57,4.58,4.58,4.58,4.58,4.58,4.58,4.58
2020-04-16 00:00:00,4.29,4.3,4.32,4.33,4.33,4.34,4.34,4.34,4.35,4.35,4.35,4.35,4.35,4.36,4.36,4.36,4.36,4.36,4.36,4.36,4.36,4.36,4.36,4.37,4.37,4.37,4.37,4.37,4.37,4.37,4.37,4.37,4.37,4.37,4.37,4.37,4.37,4.37,4.37,4.37,4.37,4.37,4.37,4.37,4.37,4.37,4.37,4.37,4.37,4.37
2020-04-17 00:00:00,4.21,4.21,4.23,4.23,4.24,4.24,4.24,4.24,4.24,4.24,4.24,4.24,4.25,4.25,4.25,4.25,4.25,4.25,4.25,4.25,4.25,4.25,4.25,4.25,4.25,4.25,4.25,4.25,4.25,4.25,4.25,4.25,4.25,4.25,4.25,4.25,4.25,4.25,4.25,4.25,4.25,4.25,4.25,4.25,4.25,4.25,4.25,4.25,4.25,4.25
2020-04-18 00:00:00,4.23,4.24,4.25,4.25,4.25,4.25,4.25,4.25,4.25,4.25,4.25,4.25,4.25,4.25,4.25,4.25,4.25,4.25,4.24,4.24,4.24,4.24,4.24,4.24,4.24,4.24,4.23,4.23,4.23,4.23,4.23,4.23,4.23,4.23,4.23,4.23,4.23,4.23,4.22,4.22,4.22,4.22,4.22,4.22,4.22,4.22,4.22,4.22,4.22,4.22
2020-04-19 00:00:00,4.32,4.32,4.32,4.32,4.32,4.32,4.32,4.32,4.32,4.32,4.32,4.32,4.32,4.32,4.32,4.32,4.32,4.32,4.32,4.32,4.32,4.32,4.32,4.32,4.32,4.32,4.32,4.32,4.32,4.32,4.32,4.32,4.32,4.32,4.32,4.32,4.32,4.32,4.32,4.32,4.32,4.32,4.32,4.32,4.32,4.32,4.32,4.32,4.32,4.32
2020-04-20 00:00:00,4.64,4.64,4.63,4.61,4.6,4.59,4.57,4.56,4.56,4.55,4.54,4.53,4.53,4.52,4.52,4.52,4.51,4.51,4.51,4.51,4.5,4.5,4.5,4.5,4.5,4.5,4.49,4.49,4.49,4.49,4.49,4.49,4.49,4.49,4.49,4.49,4.49,4.49,4.49,4.49,4.49,4.49,4.49,4.49,4.49,4.49,4.49,4.49,4.49,4.49
2020-04-21 00:00:00,4.7,4.7,4.71,4.7,4.7,4.7,4.7,4.7,4.7,4.7,4.7,4.69,4.69,4.69,4.69,4.69,4.68,4.68,4.68,4.68,4.68,4.68,4.67,4.67,4.67,4.67,4.67,4.67,4.67,4.66,4.66,4.66,4.66,4.66,4.66,4.66,4.66,4.66,4.66,4.66,4.66,4.66,4.66,4.66,4.66,4.66,4.66,4.66,4.66,4.66
2020-04-22 00:00:00,4.71,4.71,4.72,4.72,4.73,4.73,4.73,4.73,4.73,4.73,4.73,4.73,4.73,4.73,4.73,4.73,4.73,4.73,4.73,4.73,4.73,4.73,4.73,4.73,4.73,4.73,4.73,4.73,4.73,4.73,4.73,4.73,4.73,4.73,4.73,4.73,4.73,4.73,4.73,4.73,4.73,4.73,4.73,4.73,4.73,4.73,4.73,4.73,4.73,4.73
2020-04-23 00:00:00,5.01,4.98,4.94,4.89,4.85,4.82,4.8,4.79,4.78,4.77,4.76,4.75,4.75,4.74,4.74,4.74,4.74,4.74,4.73,4.73,4.73,4.73,4.73,4.73,4.73,4.73,4.73,4.73,4.73,4.73,4.73,4.73,4.73,4.73,4.73,4.73,4.73,4.73,4.73,4.73,4.73,4.73,4.73,4.73,4.73,4.73,4.73,4.73,4.73,4.73
2020-04-24 00:00:00,5.62,5.55,5.39,5.26,5.16,5.1,5.05,5.01,4.97,4.94,4.92,4.89,4.87,4.86,4.84,4.83,4.82,4.81,4.8,4.79,4.79,4.78,4.78,4.77,4.77,4.76,4.76,4.76,4.76,4.75,4.75,4.75,4.75,4.75,4.75,4.75,4.75,4.75,4.75,4.75,4.75,4.75,4.75,4.74,4.74,4.74,4.74,4.74,4.74,4.74
2020-04-25 00:00:00,5.79,5.76,5.68,5.6,5.52,5.44,5.38,5.32,5.26,5.21,5.16,5.1,5.05,5.01,4.98,4.95,4.93,4.91,4.89,4.88,4.87,4.86,4.85,4.84,4.83,4.83,4.82,4.81,4.81,4.81,4.8,4.8,4.8,4.8,4.79,4.79,4.79,4.79,4.79,4.79,4.79,4.79,4.79,4.79,4.79,4.79,4.79,4.79,4.79,4.79
2020-04-26 00:00:00,5.92,5.87,5.76,5.66,5.59,5.53,5.49,5.45,5.41,5.37,5.33,5.29,5.24,5.19,5.14,5.1,5.06,5.03,5,4.98,4.96,4.94,4.93,4.92,4.91,4.9,4.89,4.88,4.88,4.87,4.86,4.86,4.86,4.85,4.85,4.85,4.85,4.85,4.85,4.85,4.84,4.84,4.84,4.84,4.84,4.84,4.84,4.84,4.84,4.84
2020-04-27 00:00:00,6.14,6.07,5.93,5.8,5.7,5.64,5.59,5.55,5.51,5.48,5.45,5.42,5.38,5.35,5.32,5.29,5.25,5.22,5.18,5.14,5.11,5.07,5.04,5.02,5,4.99,4.97,4.96,4.95,4.94,4.94,4.93,4.93,4.92,4.92,4.92,4.91,4.91,4.91,4.91,4.91,4.91,4.91,4.91,4.91,4.91,4.91,4.91,4.91,4.91
2020-04-28 00:00:00,6.03,6.01,5.97,5.92,5.88,5.85,5.82,5.78,5.75,5.71,5.67,5.63,5.59,5.55,5.51,5.47,5.43,5.38,5.33,5.28,5.23,5.19,5.16,5.13,5.11,5.09,5.07,5.05,5.04,5.03,5.02,5.01,5,5,4.99,4.99,4.99,4.99,4.98,4.98,4.98,4.98,4.98,4.98,4.98,4.98,4.98,4.98,4.98,4.98
2020-04-29 00:00:00,6.68,6.59,6.4,6.25,6.15,6.07,6,5.94,5.89,5.83,5.78,5.73,5.68,5.63,5.59,5.54,5.5,5.45,5.41,5.37,5.33,5.3,5.27,5.24,5.21,5.19,5.17,5.15,5.13,5.12,5.11,5.1,5.09,5.08,5.08,5.07,5.07,5.07,5.06,5.06,5.06,5.06,5.06,5.06,5.06,5.06,5.06,5.06,5.06,5.06
2020-04-30 00:00:00,6.38,6.37,6.34,6.3,6.25,6.19,6.15,6.1,6.06,6.02,5.98,5.94,5.91,5.87,5.83,5.8,5.77,5.73,5.7,5.67,5.64,5.61,5.58,5.55,5.53,5.5,5.47,5.45,5.42,5.4,5.38,5.35,5.33,5.31,5.29,5.27,5.25,5.24,5.22,5.21,5.2,5.19,5.18,5.17,5.16,5.16,5.16,5.16,5.16,5.16
2020-05-01 00:00:00,6.03,6.03,6.03,6.02,6.01,6.01,6,6,5.99,5.98,5.98,5.97,5.97,5.96,5.95,5.95,5.94,5.94,5.93,5.93,5.92,5.92,5.91,5.91,5.91,5.9,5.9,5.89,5.89,5.89,5.88,5.88,5.88,5.87,5.87,5.86,5.86,5.85,5.84,5.83,5.81,5.8,5.78,5.77,5.75,5.73,5.72,5.71,5.7,5.7
2020-05-02 00:00:00,6.76,6.69,6.53,6.4,6.32,6.26,6.23,6.2,6.18,6.17,6.16,6.15,6.14,6.13,6.12,6.1,6.09,6.08,6.07,6.06,6.05,6.04,6.04,6.03,6.02,6.01,6,5.99,5.99,5.98,5.98,5.97,5.97,5.96,5.96,5.96,5.95,5.95,5.95,5.95,5.95,5.95,5.95,5.95,5.95,5.95,5.95,5.95,5.95,5.95
2020-05-03 00:00:00,7.5,7.4,7.18,6.99,6.84,6.7,6.58,6.49,6.42,6.36,6.31,6.27,6.24,6.21,6.19,6.17,6.15,6.13,6.12,6.1,6.09,6.08,6.07,6.06,6.05,6.05,6.04,6.03,6.02,6.02,6.01,6.01,6.01,6,6,6,6,6,5.99,5.99,5.99,5.99,5.99,5.99,5.99,5.99,5.99,5.99,5.99,5.99
2020-05-04 00:00:00,8.09,7.99,7.77,7.55,7.36,7.18,7.02,6.85,6.72,6.61,6.53,6.46,6.4,6.35,6.31,6.27,6.24,6.22,6.19,6.17,6.15,6.14,6.13,6.11,6.1,6.09,6.08,6.08,6.07,6.06,6.06,6.05,6.05,6.05,6.04,6.04,6.04,6.04,6.04,6.04,6.03,6.03,6.03,6.03,6.03,6.03,6.03,6.03,6.03,6.03
2020-05-05 00:00:00,7.72,7.71,7.68,7.62,7.57,7.51,7.44,7.35,7.23,7.08,6.91,6.74,6.62,6.53,6.46,6.4,6.36,6.32,6.29,6.26,6.24,6.21,6.2,6.18,6.16,6.15,6.14,6.13,6.12,6.11,6.11,6.1,6.1,6.09,6.09,6.09,6.08,6.08,6.08,6.08,6.08,6.08,6.08,6.08,6.08,6.08,6.08,6.08,6.08,6.08
2020-05-06 00:00:00,7.5,7.5,7.49,7.47,7.45,7.43,7.4,7.37,7.34,7.31,7.26,7.19,7.07,6.92,6.75,6.62,6.53,6.46,6.41,6.37,6.33,6.3,6.28,6.26,6.24,6.22,6.2,6.19,6.18,6.17,6.16,6.15,6.15,6.14,6.14,6.14,6.13,6.13,6.13,6.13,6.13,6.13,6.13,6.13,6.12,6.12,6.12,6.12,6.12,6.12
2020-05-07 00:00:00,8.05,7.98,7.81,7.67,7.56,7.49,7.44,7.4,7.36,7.32,7.27,7.2,7.11,7.01,6.89,6.79,6.7,6.62,6.56,6.5,6.45,6.41,6.38,6.35,6.32,6.3,6.28,6.26,6.25,6.23,6.22,6.21,6.21,6.2,6.2,6.19,6.19,6.19,6.18,6.18,6.18,6.18,6.18,6.18,6.18,6.18,6.18,6.18,6.18,6.18
2020-05-08 00:00:00,7.93,7.93,7.93,7.92,7.91,7.89,7.86,7.81,7.75,7.67,7.56,7.41,7.25,7.11,6.99,6.9,6.81,6.74,6.67,6.61,6.56,6.52,6.48,6.44,6.41,6.38,6.36,6.34,6.32,6.31,6.29,6.28,6.27,6.26,6.26,6.25,6.25,6.25,6.24,6.24,6.24,6.24,6.24,6.24,6.24,6.24,6.24,6.23,6.23,6.23
2020-05-09 00:00:00,7.49,7.5,7.51,7.52,7.52,7.52,7.52,7.52,7.52,7.52,7.51,7.48,7.42,7.35,7.28,7.2,7.13,7.06,6.98,6.9,6.81,6.72,6.62,6.55,6.51,6.47,6.45,6.42,6.4,6.38,6.37,6.35,6.34,6.33,6.32,6.32,6.31,6.31,6.31,6.3,6.3,6.3,6.3,6.3,6.3,6.3,6.3,6.3,6.3,6.3
2020-05-10 00:00:00,7.19,7.19,7.2,7.19,7.19,7.18,7.18,7.17,7.16,7.15,7.14,7.12,7.11,7.1,7.09,7.08,7.06,7.05,7.04,7.03,7.01,6.97,6.9,6.82,6.73,6.65,6.59,6.54,6.5,6.47,6.45,6.43,6.42,6.41,6.4,6.39,6.38,6.38,6.38,6.37,6.37,6.37,6.37,6.37,6.37,6.37,6.37,6.37,6.37,6.37
2020-05-11 00:00:00,7.17,7.17,7.18,7.18,7.18,7.18,7.18,7.18,7.18,7.18,7.18,7.18,7.18,7.17,7.15,7.14,7.12,7.1,7.08,7.06,7.03,7,6.97,6.92,6.87,6.82,6.77,6.72,6.67,6.62,6.58,6.54,6.52,6.5,6.48,6.47,6.47,6.46,6.45,6.45,6.45,6.44,6.44,6.44,6.44,6.44,6.44,6.44,6.44,6.44
2020-05-12 00:00:00,7.07,7.08,7.08,7.08,7.08,7.07,7.07,7.06,7.06,7.05,7.05,7.04,7.03,7.02,7.01,7,6.99,6.98,6.97,6.96,6.95,6.95,6.95,6.94,6.93,6.92,6.9,6.87,6.83,6.78,6.73,6.69,6.65,6.62,6.6,6.58,6.57,6.56,6.55,6.54,6.54,6.53,6.53,6.53,6.53,6.53,6.53,6.53,6.53,6.53
2020-05-13 00:00:00,7.67,7.61,7.46,7.31,7.21,7.14,7.1,7.07,7.05,7.03,7.02,7.01,7,6.99,6.99,6.98,6.98,6.97,6.96,6.95,6.95,6.94,6.93,6.91,6.9,6.88,6.86,6.84,6.82,6.79,6.77,6.75,6.73,6.71,6.69,6.68,6.67,6.66,6.65,6.65,6.64,6.64,6.63,6.63,6.63,6.63,6.63,6.63,6.63,6.63
2020-05-14 00:00:00,7.66,7.66,7.65,7.63,7.61,7.58,7.54,7.5,7.45,7.41,7.36,7.31,7.24,7.18,7.11,7.06,7.03,7,6.98,6.97,6.95,6.94,6.93,6.91,6.9,6.88,6.87,6.85,6.84,6.82,6.81,6.79,6.78,6.77,6.76,6.75,6.74,6.74,6.73,6.73,6.73,6.72,6.72,6.72,6.72,6.72,6.72,6.72,6.72,6.72
2020-05-15 00:00:00,8.75,8.59,8.29,8.08,7.96,7.88,7.84,7.8,7.77,7.75,7.72,7.69,7.64,7.58,7.47,7.35,7.24,7.16,7.11,7.06,7.03,7,6.97,6.95,6.93,6.92,6.9,6.89,6.87,6.86,6.85,6.84,6.83,6.82,6.81,6.81,6.8,6.8,6.8,6.8,6.79,6.79,6.79,6.79,6.79,6.79,6.79,6.79,6.79,6.79
2020-05-16 00:00:00,10.17,9.97,9.51,9.05,8.7,8.44,8.26,8.12,8,7.91,7.82,7.74,7.66,7.58,7.51,7.43,7.36,7.3,7.24,7.18,7.14,7.1,7.06,7.03,7.01,6.98,6.96,6.94,6.93,6.91,6.9,6.89,6.88,6.87,6.87,6.86,6.86,6.86,6.85,6.85,6.85,6.85,6.85,6.85,6.85,6.85,6.85,6.85,6.85,6.85
2020-05-17 00:00:00,10.52,10.42,10.19,9.91,9.58,9.21,8.84,8.54,8.32,8.15,8.01,7.89,7.78,7.69,7.6,7.52,7.45,7.39,7.33,7.28,7.23,7.19,7.15,7.11,7.08,7.06,7.03,7.01,6.99,6.98,6.96,6.95,6.94,6.93,6.93,6.92,6.92,6.91,6.91,6.91,6.91,6.9,6.9,6.9,6.9,6.9,6.9,6.9,6.9,6.9
2020-05-18 00:00:00,10.49,10.45,10.35,10.26,10.16,9.99,9.75,9.49,9.18,8.85,8.48,8.18,7.98,7.83,7.72,7.63,7.55,7.48,7.42,7.36,7.31,7.27,7.23,7.19,7.16,7.13,7.1,7.08,7.06,7.04,7.03,7.01,7,6.99,6.99,6.98,6.97,6.97,6.97,6.97,6.96,6.96,6.96,6.96,6.96,6.96,6.96,6.96,6.96,6.96
2020-05-19 00:00:00,10.05,10.05,10.04,10.04,10.03,10.02,9.99,9.93,9.82,9.64,9.33,8.93,8.49,8.13,7.93,7.79,7.68,7.59,7.51,7.45,7.4,7.35,7.31,7.27,7.23,7.2,7.17,7.15,7.13,7.11,7.09,7.08,7.07,7.06,7.05,7.04,7.04,7.03,7.03,7.03,7.02,7.02,7.02,7.02,7.02,7.02,7.02,7.02,7.02,7.02
2020-05-20 00:00:00,9.98,9.97,9.95,9.92,9.88,9.85,9.81,9.78,9.75,9.71,9.65,9.5,9.1,8.63,8.29,8.06,7.88,7.75,7.65,7.57,7.5,7.44,7.39,7.35,7.31,7.28,7.25,7.22,7.2,7.17,7.16,7.14,7.13,7.12,7.11,7.1,7.1,7.09,7.09,7.09,7.08,7.08,7.08,7.08,7.08,7.08,7.08,7.08,7.08,7.08
2020-05-21 00:00:00,11,10.91,10.68,10.4,10.24,10.14,10.04,9.92,9.79,9.65,9.48,9.27,9.03,8.77,8.52,8.3,8.11,7.95,7.82,7.72,7.63,7.56,7.5,7.45,7.4,7.36,7.33,7.3,7.27,7.25,7.23,7.21,7.2,7.18,7.18,7.17,7.16,7.16,7.15,7.15,7.15,7.15,7.14,7.14,7.14,7.14,7.14,7.14,7.14,7.14
2020-05-22 00:00:00,11.7,11.59,11.36,11.13,10.88,10.58,10.32,10.1,9.9,9.7,9.49,9.27,9.06,8.84,8.63,8.44,8.27,8.11,7.98,7.87,7.77,7.69,7.62,7.56,7.5,7.46,7.42,7.38,7.35,7.32,7.3,7.28,7.27,7.25,7.24,7.24,7.23,7.22,7.22,7.22,7.21,7.21,7.21,7.21,7.21,7.21,7.21,7.21,7.21,7.21
2020-05-23 00:00:00,12.35,12.22,11.91,11.57,11.22,10.89,10.59,10.31,10.05,9.81,9.57,9.34,9.13,8.92,8.73,8.55,8.39,8.24,8.11,8,7.9,7.81,7.73,7.67,7.61,7.55,7.51,7.47,7.44,7.41,7.38,7.36,7.34,7.33,7.32,7.31,7.3,7.29,7.29,7.28,7.28,7.28,7.28,7.28,7.28,7.27,7.27,7.27,7.27,7.27
2020-05-24 00:00:00,13,12.84,12.44,12.01,11.58,11.19,10.84,10.52,10.22,9.95,9.69,9.45,9.23,9.02,8.83,8.65,8.49,8.35,8.22,8.11,8.01,7.92,7.84,7.77,7.71,7.65,7.6,7.56,7.52,7.49,7.46,7.44,7.42,7.4,7.39,7.38,7.37,7.37,7.36,7.36,7.35,7.35,7.35,7.35,7.35,7.35,7.34,7.34,7.34,7.34
2020-05-25 00:00:00,14.05,13.78,13.18,12.58,12.03,11.56,11.14,10.77,10.44,10.13,9.85,9.59,9.35,9.14,8.94,8.77,8.61,8.46,8.33,8.22,8.11,8.02,7.94,7.87,7.81,7.75,7.7,7.65,7.61,7.58,7.55,7.52,7.5,7.48,7.47,7.46,7.45,7.44,7.44,7.43,7.43,7.42,7.42,7.42,7.42,7.42,7.42,7.42,7.42,7.42
2020-05-26 00:00:00,15.48,15.12,14.29,13.4,12.65,12.04,11.52,11.08,10.7,10.35,10.04,9.76,9.5,9.28,9.07,8.89,8.73,8.58,8.44,8.33,8.22,8.13,8.05,7.97,7.9,7.84,7.79,7.74,7.7,7.66,7.63,7.6,7.58,7.56,7.55,7.54,7.53,7.52,7.51,7.51,7.5,7.5,7.5,7.5,7.5,7.49,7.49,7.49,7.49,7.49
2020-05-27 00:00:00,16.44,16.07,15.17,14.15,13.25,12.52,11.91,11.4,10.96,10.58,10.23,9.93,9.66,9.42,9.2,9.01,8.84,8.69,8.56,8.43,8.33,8.23,8.15,8.07,8,7.93,7.88,7.83,7.79,7.75,7.71,7.69,7.66,7.64,7.63,7.62,7.61,7.6,7.59,7.59,7.58,7.58,7.58,7.57,7.57,7.57,7.57,7.57,7.57,7.57
2020-05-28 00:00:00,17.1,16.76,15.88,14.79,13.81,12.98,12.29,11.72,11.23,10.81,10.43,10.11,9.82,9.56,9.34,9.14,8.96,8.81,8.67,8.54,8.43,8.33,8.24,8.16,8.09,8.03,7.97,7.92,7.87,7.83,7.8,7.77,7.75,7.73,7.71,7.7,7.69,7.68,7.67,7.66,7.66,7.66,7.65,7.65,7.65,7.65,7.65,7.65,7.65,7.65
2020-05-29 00:00:00,17.24,17.04,16.4,15.39,14.31,13.41,12.66,12.04,11.5,11.04,10.64,10.29,9.98,9.71,9.48,9.27,9.09,8.92,8.78,8.65,8.53,8.43,8.34,8.26,8.19,8.12,8.06,8.01,7.96,7.92,7.88,7.85,7.83,7.81,7.79,7.78,7.77,7.76,7.75,7.74,7.74,7.74,7.73,7.73,7.73,7.73,7.73,7.73,7.73,7.73
2020-05-30 00:00:00,15.5,15.5,15.5,15.43,15.17,14.57,13.28,12.41,11.8,11.29,10.86,10.48,10.15,9.87,9.62,9.4,9.21,9.04,8.89,8.76,8.64,8.53,8.44,8.36,8.28,8.21,8.15,8.1,8.05,8.01,7.97,7.94,7.91,7.89,7.87,7.86,7.85,7.84,7.83,7.83,7.82,7.82,7.81,7.81,7.81,7.81,7.81,7.81,7.81,7.81
2020-05-31 00:00:00,14.81,14.82,14.81,14.8,14.77,14.66,14.25,13.08,12.25,11.62,11.12,10.7,10.35,10.04,9.78,9.55,9.35,9.17,9.01,8.87,8.75,8.64,8.54,8.46,8.38,8.31,8.24,8.19,8.14,8.09,8.05,8.02,8,7.97,7.96,7.94,7.93,7.92,7.91,7.91,7.9,7.9,7.89,7.89,7.89,7.89,7.89,7.89,7.89,7.89
2020-06-01 00:00:00,15.08,14.99,14.79,14.59,14.42,14.24,13.88,13.28,12.59,11.96,11.41,10.95,10.56,10.23,9.95,9.7,9.49,9.3,9.13,8.99,8.86,8.75,8.65,8.56,8.47,8.4,8.33,8.28,8.23,8.18,8.14,8.11,8.08,8.06,8.04,8.02,8.01,8,7.99,7.99,7.98,7.98,7.98,7.97,7.97,7.97,7.97,7.97,7.97,7.97
2020-06-02 00:00:00,14.55,14.55,14.54,14.53,14.5,14.42,14.24,13.89,13.23,12.34,11.67,11.18,10.76,10.41,10.11,9.85,9.63,9.43,9.26,9.11,8.97,8.86,8.75,8.66,8.57,8.5,8.43,8.37,8.31,8.27,8.23,8.19,8.17,8.14,8.12,8.11,8.09,8.08,8.08,8.07,8.06,8.06,8.06,8.06,8.05,8.05,8.05,8.05,8.05,8.05
2020-06-03 00:00:00,16.04,15.77,15.27,14.97,14.8,14.67,14.53,14.27,13.79,12.94,12.12,11.49,11,10.61,10.29,10.01,9.77,9.57,9.38,9.23,9.09,8.96,8.86,8.76,8.67,8.59,8.52,8.46,8.4,8.36,8.32,8.28,8.25,8.23,8.21,8.19,8.18,8.17,8.16,8.15,8.15,8.14,8.14,8.14,8.14,8.13,8.13,8.13,8.13,8.13
2020-06-04 00:00:00,17.94,17.58,16.78,16.02,15.45,15,14.6,14.15,13.62,13,12.37,11.78,11.27,10.84,10.49,10.19,9.93,9.71,9.52,9.35,9.21,9.08,8.96,8.86,8.77,8.69,8.62,8.55,8.5,8.45,8.4,8.37,8.34,8.31,8.29,8.27,8.26,8.25,8.24,8.24,8.23,8.23,8.22,8.22,8.22,8.22,8.22,8.22,8.22,8.22
2020-06-05 00:00:00,18.47,18.27,17.75,17.02,16.14,15.45,14.86,14.28,13.7,13.11,12.53,11.98,11.49,11.06,10.69,10.37,10.1,9.86,9.66,9.48,9.33,9.2,9.08,8.97,8.87,8.79,8.71,8.65,8.59,8.54,8.49,8.46,8.42,8.4,8.38,8.36,8.35,8.33,8.33,8.32,8.31,8.31,8.31,8.3,8.3,8.3,8.3,8.3,8.3,8.3
2020-06-06 00:00:00,19.26,19.05,18.51,17.75,16.77,15.93,15.19,14.52,13.89,13.28,12.7,12.16,11.68,11.25,10.87,10.55,10.26,10.02,9.8,9.62,9.46,9.31,9.19,9.08,8.98,8.89,8.81,8.74,8.68,8.63,8.58,8.54,8.51,8.49,8.46,8.45,8.43,8.42,8.41,8.4,8.4,8.39,8.39,8.39,8.38,8.38,8.38,8.38,8.38,8.38
2020-06-07 00:00:00,19.23,19.12,18.83,18.31,17.41,16.41,15.56,14.81,14.12,13.48,12.89,12.35,11.86,11.43,11.05,10.71,10.42,10.17,9.94,9.75,9.58,9.44,9.31,9.19,9.09,8.99,8.91,8.84,8.78,8.72,8.67,8.63,8.6,8.57,8.55,8.53,8.52,8.5,8.5,8.49,8.48,8.48,8.47,8.47,8.47,8.47,8.47,8.47,8.47,8.47
2020-06-08 00:00:00,18.36,18.36,18.34,18.26,17.94,17.08,15.97,15.13,14.39,13.71,13.1,12.54,12.04,11.6,11.22,10.88,10.58,10.31,10.08,9.88,9.71,9.56,9.42,9.3,9.19,9.1,9.01,8.94,8.87,8.82,8.77,8.72,8.69,8.66,8.64,8.62,8.6,8.59,8.58,8.57,8.57,8.56,8.56,8.56,8.55,8.55,8.55,8.55,8.55,8.55
2020-06-09 00:00:00,19.03,18.87,18.53,18.24,17.98,17.53,16.43,15.5,14.69,13.96,13.32,12.74,12.23,11.78,11.38,11.04,10.73,10.46,10.22,10.02,9.84,9.68,9.54,9.42,9.3,9.2,9.12,9.04,8.97,8.91,8.86,8.82,8.78,8.75,8.73,8.71,8.69,8.68,8.67,8.66,8.65,8.65,8.64,8.64,8.64,8.64,8.64,8.64,8.64,8.64
2020-06-10 00:00:00,19.09,19.05,18.95,18.81,18.47,17.78,16.86,15.79,14.95,14.2,13.53,12.94,12.41,11.95,11.54,11.19,10.88,10.6,10.36,10.15,9.96,9.8,9.66,9.53,9.41,9.31,9.22,9.14,9.07,9.01,8.95,8.91,8.87,8.84,8.82,8.79,8.78,8.77,8.75,8.75,8.74,8.73,8.73,8.73,8.73,8.72,8.72,8.72,8.72,8.72
2020-06-11 00:00:00,19.12,19.09,19.03,18.95,18.85,18.67,18.22,16.62,15.37,14.47,13.74,13.12,12.58,12.11,11.69,11.33,11.01,10.73,10.49,10.27,10.08,9.92,9.77,9.64,9.52,9.41,9.32,9.24,9.16,9.1,9.05,9,8.96,8.93,8.9,8.88,8.87,8.85,8.84,8.83,8.83,8.82,8.82,8.81,8.81,8.81,8.81,8.81,8.81,8.81
2020-06-12 00:00:00,18.3,18.3,18.3,18.3,18.29,18.26,18.16,17.24,15.84,14.82,14.01,13.34,12.77,12.28,11.86,11.48,11.16,10.87,10.62,10.4,10.21,10.03,9.88,9.75,9.63,9.52,9.42,9.34,9.26,9.2,9.14,9.09,9.05,9.02,9,8.97,8.96,8.94,8.93,8.92,8.91,8.91,8.9,8.9,8.9,8.9,8.9,8.9,8.9,8.9
2020-06-13 00:00:00,18.83,18.71,18.45,18.23,18.08,17.96,17.8,17.39,16.26,15.21,14.33,13.61,13,12.48,12.04,11.65,11.31,11.02,10.76,10.53,10.33,10.16,10,9.86,9.74,9.62,9.53,9.44,9.36,9.29,9.24,9.19,9.15,9.11,9.09,9.06,9.05,9.03,9.02,9.01,9,9,8.99,8.99,8.99,8.99,8.99,8.99,8.99,8.98
2020-06-14 00:00:00,17.92,17.93,17.93,17.93,17.91,17.85,17.72,17.37,16.38,15.45,14.61,13.87,13.23,12.69,12.22,11.82,11.47,11.16,10.9,10.66,10.46,10.28,10.12,9.97,9.85,9.73,9.63,9.54,9.46,9.39,9.33,9.28,9.24,9.21,9.18,9.15,9.14,9.12,9.11,9.1,9.09,9.09,9.08,9.08,9.08,9.07,9.07,9.07,9.07,9.07
2020-06-15 00:00:00,17.08,17.09,17.09,17.09,17.09,17.07,17.05,17.01,16.59,15.68,14.83,14.1,13.45,12.89,12.41,11.99,11.63,11.31,11.04,10.8,10.59,10.4,10.24,10.09,9.96,9.84,9.73,9.64,9.56,9.49,9.43,9.38,9.33,9.3,9.27,9.25,9.23,9.21,9.2,9.19,9.18,9.18,9.17,9.17,9.17,9.16,9.16,9.16,9.16,9.16
2020-06-16 00:00:00,16.97,16.96,16.92,16.8,16.65,16.55,16.47,16.39,16.26,15.68,14.99,14.29,13.66,13.09,12.6,12.17,11.79,11.47,11.18,10.93,10.71,10.52,10.35,10.2,10.07,9.95,9.84,9.74,9.66,9.59,9.53,9.47,9.43,9.39,9.36,9.34,9.32,9.3,9.29,9.28,9.27,9.27,9.26,9.26,9.25,9.25,9.25,9.25,9.25,9.25
2020-06-17 00:00:00,17.54,17.39,17.09,16.84,16.69,16.59,16.48,16.32,15.99,15.55,15,14.41,13.82,13.27,12.77,12.34,11.96,11.62,11.32,11.07,10.85,10.65,10.47,10.32,10.18,10.05,9.94,9.85,9.76,9.69,9.62,9.57,9.52,9.49,9.45,9.43,9.41,9.39,9.38,9.37,9.36,9.36,9.35,9.35,9.35,9.34,9.34,9.34,9.34,9.34
2020-06-18 00:00:00,18.26,18.1,17.77,17.48,17.22,16.96,16.65,16.33,15.97,15.53,15.02,14.48,13.93,13.41,12.93,12.5,12.11,11.77,11.47,11.2,10.98,10.77,10.59,10.43,10.29,10.16,10.05,9.95,9.86,9.79,9.72,9.66,9.62,9.58,9.55,9.52,9.5,9.49,9.47,9.46,9.45,9.45,9.44,9.44,9.44,9.43,9.43,9.43,9.43,9.43
2020-06-19 00:00:00,18.92,18.76,18.41,18.07,17.76,17.4,16.92,16.5,16.06,15.59,15.08,14.56,14.04,13.54,13.07,12.64,12.26,11.91,11.61,11.34,11.11,10.9,10.72,10.55,10.4,10.27,10.16,10.06,9.96,9.89,9.82,9.76,9.71,9.67,9.64,9.62,9.59,9.58,9.56,9.55,9.54,9.54,9.53,9.53,9.53,9.53,9.52,9.52,9.52,9.52
2020-06-20 00:00:00,19.63,19.44,19.05,18.7,18.28,17.72,17.21,16.71,16.2,15.69,15.17,14.65,14.14,13.65,13.2,12.78,12.39,12.05,11.74,11.47,11.23,11.02,10.84,10.67,10.52,10.38,10.26,10.16,10.07,9.99,9.92,9.86,9.81,9.77,9.74,9.71,9.69,9.67,9.66,9.65,9.64,9.63,9.62,9.62,9.62,9.62,9.62,9.62,9.61,9.61
2020-06-21 00:00:00,20.39,20.25,19.83,19.23,18.61,18.01,17.44,16.89,16.34,15.8,15.27,14.74,14.23,13.75,13.31,12.89,12.52,12.17,11.87,11.59,11.35,11.14,10.95,10.78,10.63,10.49,10.37,10.26,10.17,10.09,10.02,9.96,9.91,9.86,9.83,9.8,9.78,9.76,9.75,9.74,9.73,9.72,9.72,9.71,9.71,9.71,9.71,9.71,9.71,9.71
2020-06-22 00:00:00,20.51,20.35,19.99,19.57,18.97,18.31,17.69,17.08,16.5,15.93,15.38,14.85,14.34,13.86,13.42,13.01,12.63,12.29,11.99,11.71,11.47,11.26,11.07,10.89,10.74,10.6,10.48,10.37,10.27,10.19,10.11,10.05,10,9.96,9.93,9.9,9.87,9.86,9.84,9.83,9.82,9.81,9.81,9.8,9.8,9.8,9.8,9.8,9.8,9.8
2020-06-23 00:00:00,20.67,20.59,20.39,20.02,19.33,18.61,17.93,17.29,16.68,16.08,15.51,14.96,14.45,13.97,13.53,13.12,12.75,12.41,12.1,11.83,11.59,11.37,11.18,11,10.85,10.71,10.58,10.47,10.37,10.29,10.21,10.15,10.1,10.06,10.02,9.99,9.97,9.95,9.94,9.92,9.91,9.91,9.9,9.9,9.89,9.89,9.89,9.89,9.89,9.89
2020-06-24 00:00:00,19.41,19.41,19.42,19.41,19.34,19.1,18.59,17.6,16.87,16.23,15.64,15.08,14.56,14.08,13.64,13.23,12.86,12.52,12.22,11.95,11.7,11.49,11.29,11.11,10.95,10.81,10.68,10.57,10.47,10.39,10.31,10.25,10.2,10.15,10.12,10.09,10.06,10.04,10.03,10.02,10.01,10,9.99,9.99,9.99,9.99,9.98,9.98,9.98,9.98
2020-06-25 00:00:00,18.89,18.89,18.85,18.76,18.61,18.49,18.35,17.86,17.13,16.43,15.8,15.22,14.69,14.2,13.76,13.35,12.98,12.64,12.33,12.06,11.82,11.6,11.4,11.22,11.06,10.92,10.79,10.68,10.57,10.48,10.41,10.35,10.29,10.25,10.21,10.18,10.16,10.14,10.12,10.11,10.1,10.09,10.09,10.08,10.08,10.08,10.08,10.08,10.08,10.08
2020-06-26 00:00:00,19.46,19.33,19.03,18.78,18.61,18.44,18.19,17.76,17.2,16.59,15.97,15.38,14.84,14.34,13.88,13.47,13.1,12.76,12.45,12.17,11.93,11.71,11.51,11.33,11.17,11.02,10.89,10.78,10.67,10.58,10.51,10.44,10.39,10.34,10.31,10.28,10.25,10.23,10.22,10.2,10.19,10.19,10.18,10.18,10.17,10.17,10.17,10.17,10.17,10.17
2020-06-27 00:00:00,19.95,19.85,19.59,19.25,19,18.68,18.24,17.78,17.26,16.69,16.1,15.52,14.98,14.47,14.01,13.6,13.22,12.88,12.57,12.29,12.04,11.82,11.62,11.44,11.28,11.13,11,10.88,10.78,10.68,10.61,10.54,10.49,10.44,10.4,10.37,10.35,10.33,10.31,10.3,10.29,10.28,10.27,10.27,10.27,10.26,10.26,10.26,10.26,10.26
2020-06-28 00:00:00,21.11,20.89,20.42,19.95,19.43,18.92,18.42,17.9,17.36,16.79,16.21,15.64,15.11,14.6,14.14,13.72,13.34,12.99,12.68,12.4,12.15,11.93,11.73,11.55,11.38,11.23,11.1,10.98,10.88,10.78,10.7,10.64,10.58,10.54,10.5,10.47,10.44,10.42,10.4,10.39,10.38,10.37,10.37,10.36,10.36,10.36,10.36,10.36,10.36,10.36
2020-06-29 00:00:00,22.17,21.95,21.37,20.66,19.96,19.31,18.7,18.11,17.52,16.93,16.35,15.78,15.24,14.74,14.28,13.85,13.47,13.12,12.8,12.52,12.27,12.04,11.84,11.65,11.49,11.34,11.2,11.08,10.98,10.88,10.8,10.74,10.68,10.63,10.59,10.56,10.54,10.51,10.5,10.49,10.47,10.47,10.46,10.46,10.45,10.45,10.45,10.45,10.45,10.45
2020-06-30 00:00:00,22.54,22.46,22.14,21.46,20.45,19.68,18.98,18.32,17.69,17.08,16.48,15.9,15.36,14.86,14.4,13.97,13.59,13.24,12.92,12.63,12.38,12.15,11.95,11.76,11.59,11.44,11.3,11.18,11.08,10.98,10.9,10.83,10.77,10.73,10.69,10.66,10.63,10.61,10.59,10.58,10.57,10.56,10.55,10.55,10.55,10.54,10.54,10.54,10.54,10.54
2020-07-01 00:00:00,23.44,23.23,22.68,21.89,20.94,20.06,19.27,18.55,17.87,17.23,16.61,16.03,15.48,14.98,14.52,14.09,13.7,13.35,13.03,12.74,12.49,12.26,12.05,11.87,11.7,11.54,11.41,11.28,11.18,11.08,11,10.93,10.87,10.82,10.78,10.75,10.72,10.7,10.69,10.67,10.66,10.65,10.65,10.64,10.64,10.64,10.64,10.64,10.64,10.64
2020-07-02 00:00:00,23.98,23.8,23.28,22.5,21.47,20.51,19.64,18.85,18.11,17.43,16.79,16.19,15.63,15.12,14.65,14.22,13.83,13.47,13.15,12.86,12.6,12.37,12.16,11.97,11.8,11.65,11.51,11.39,11.28,11.18,11.1,11.03,10.97,10.92,10.88,10.84,10.82,10.8,10.78,10.77,10.76,10.75,10.74,10.74,10.73,10.73,10.73,10.73,10.73,10.73
2020-07-03 00:00:00,24.27,24.09,23.64,22.95,21.96,20.95,20.01,19.16,18.38,17.65,16.98,16.35,15.78,15.26,14.78,14.35,13.95,13.59,13.27,12.98,12.72,12.48,12.27,12.08,11.91,11.75,11.61,11.49,11.37,11.28,11.19,11.12,11.06,11.01,10.97,10.94,10.91,10.89,10.87,10.86,10.85,10.84,10.83,10.83,10.83,10.82,10.82,10.82,10.82,10.82
2020-07-04 00:00:00,24.73,24.55,24.06,23.33,22.38,21.36,20.38,19.47,18.65,17.88,17.18,16.53,15.94,15.4,14.92,14.48,14.08,13.71,13.39,13.09,12.83,12.59,12.38,12.19,12.01,11.85,11.71,11.59,11.47,11.38,11.29,11.22,11.16,11.11,11.07,11.03,11.01,10.99,10.97,10.95,10.94,10.93,10.93,10.92,10.92,10.92,10.92,10.92,10.92,10.92
2020-07-05 00:00:00,24.96,24.77,24.33,23.7,22.76,21.75,20.74,19.79,18.92,18.12,17.39,16.72,16.11,15.56,15.06,14.61,14.21,13.84,13.51,13.21,12.94,12.71,12.49,12.29,12.12,11.96,11.81,11.69,11.57,11.47,11.39,11.32,11.26,11.21,11.16,11.13,11.1,11.08,11.06,11.05,11.04,11.03,11.02,11.02,11.01,11.01,11.01,11.01,11.01,11.01
2020-07-06 00:00:00,25.34,25.18,24.74,24.07,23.14,22.11,21.08,20.1,19.2,18.37,17.6,16.91,16.28,15.71,15.21,14.75,14.34,13.96,13.63,13.33,13.06,12.82,12.6,12.4,12.22,12.06,11.92,11.79,11.67,11.57,11.49,11.41,11.35,11.3,11.26,11.22,11.2,11.17,11.16,11.14,11.13,11.12,11.12,11.11,11.11,11.1,11.1,11.1,11.1,11.1
2020-07-07 00:00:00,25.25,25.12,24.79,24.27,23.44,22.44,21.4,20.4,19.47,18.61,17.82,17.1,16.45,15.87,15.35,14.89,14.47,14.09,13.75,13.44,13.17,12.93,12.71,12.51,12.33,12.16,12.02,11.89,11.77,11.67,11.58,11.51,11.45,11.4,11.35,11.32,11.29,11.27,11.25,11.24,11.22,11.22,11.21,11.2,11.2,11.2,11.2,11.2,11.2,11.2
2020-07-08 00:00:00,25.31,25.14,24.77,24.35,23.69,22.71,21.69,20.68,19.73,18.84,18.03,17.29,16.63,16.03,15.5,15.03,14.6,14.21,13.87,13.56,13.29,13.04,12.82,12.62,12.43,12.27,12.12,11.99,11.87,11.77,11.68,11.61,11.54,11.49,11.45,11.41,11.38,11.36,11.34,11.33,11.32,11.31,11.3,11.3,11.29,11.29,11.29,11.29,11.29,11.29
2020-07-09 00:00:00,25.73,25.6,25.25,24.7,23.87,22.94,21.94,20.93,19.97,19.07,18.23,17.48,16.8,16.19,15.65,15.17,14.73,14.34,13.99,13.68,13.4,13.15,12.93,12.72,12.54,12.37,12.22,12.09,11.97,11.87,11.78,11.7,11.64,11.59,11.54,11.51,11.48,11.46,11.44,11.42,11.41,11.4,11.4,11.39,11.39,11.38,11.38,11.38,11.38,11.38
2020-07-10 00:00:00,25.51,25.42,25.18,24.81,24.16,23.17,22.16,21.16,20.19,19.28,18.43,17.66,16.97,16.35,15.8,15.3,14.86,14.47,14.11,13.79,13.51,13.26,13.03,12.83,12.64,12.47,12.32,12.19,12.07,11.96,11.88,11.8,11.74,11.68,11.64,11.6,11.57,11.55,11.53,11.52,11.5,11.5,11.49,11.48,11.48,11.48,11.48,11.48,11.48,11.48
2020-07-11 00:00:00,24.35,24.36,24.35,24.3,24.15,23.8,23.01,21.49,20.42,19.48,18.62,17.84,17.14,16.51,15.95,15.44,14.99,14.59,14.23,13.91,13.63,13.37,13.14,12.93,12.75,12.58,12.42,12.29,12.17,12.06,11.97,11.9,11.83,11.78,11.73,11.7,11.67,11.64,11.63,11.61,11.6,11.59,11.58,11.58,11.57,11.57,11.57,11.57,11.57,11.57
2020-07-12 00:00:00,23.98,23.96,23.87,23.73,23.58,23.43,23.13,21.9,20.76,19.74,18.84,18.04,17.32,16.67,16.1,15.59,15.13,14.72,14.36,14.03,13.74,13.48,13.25,13.04,12.85,12.68,12.53,12.39,12.27,12.16,12.07,11.99,11.93,11.87,11.83,11.79,11.76,11.74,11.72,11.7,11.69,11.68,11.67,11.67,11.67,11.66,11.66,11.66,11.66,11.66
2020-07-13 00:00:00,23.95,23.91,23.78,23.6,23.43,23.21,22.74,21.93,20.96,19.98,19.07,18.24,17.5,16.84,16.26,15.74,15.27,14.85,14.48,14.15,13.86,13.6,13.36,13.15,12.96,12.78,12.63,12.49,12.37,12.26,12.17,12.09,12.02,11.97,11.92,11.88,11.86,11.83,11.81,11.8,11.78,11.78,11.77,11.76,11.76,11.76,11.76,11.76,11.75,11.75
2020-07-14 00:00:00,23.79,23.75,23.65,23.51,23.35,23.08,22.63,21.94,21.08,20.17,19.27,18.44,17.68,17.01,16.42,15.89,15.41,14.99,14.61,14.27,13.98,13.71,13.47,13.26,13.06,12.89,12.73,12.59,12.47,12.36,12.26,12.18,12.12,12.06,12.02,11.98,11.95,11.93,11.91,11.89,11.88,11.87,11.86,11.86,11.85,11.85,11.85,11.85,11.85,11.85
2020-07-15 00:00:00,23.15,23.14,23.13,23.11,23.06,22.96,22.7,22.18,21.22,20.32,19.44,18.62,17.86,17.18,16.58,16.04,15.55,15.12,14.74,14.4,14.1,13.83,13.59,13.37,13.17,12.99,12.83,12.69,12.57,12.46,12.36,12.28,12.21,12.16,12.11,12.07,12.04,12.02,12,11.98,11.97,11.96,11.95,11.95,11.94,11.94,11.94,11.94,11.94,11.94
2020-07-16 00:00:00,23.82,23.74,23.58,23.43,23.31,23.18,22.91,22.2,21.35,20.47,19.6,18.78,18.02,17.34,16.73,16.18,15.69,15.25,14.87,14.52,14.22,13.94,13.7,13.48,13.28,13.1,12.94,12.79,12.67,12.55,12.46,12.38,12.31,12.25,12.21,12.17,12.14,12.11,12.09,12.08,12.06,12.05,12.05,12.04,12.04,12.04,12.03,12.03,12.03,12.03
2020-07-17 00:00:00,23.64,23.56,23.39,23.21,23.07,22.93,22.7,22.12,21.4,20.58,19.74,18.93,18.18,17.49,16.87,16.32,15.83,15.39,14.99,14.64,14.33,14.06,13.81,13.59,13.38,13.2,13.04,12.89,12.76,12.65,12.56,12.47,12.4,12.35,12.3,12.26,12.23,12.21,12.19,12.17,12.16,12.15,12.14,12.13,12.13,12.13,12.13,12.13,12.13,12.13
2020-07-18 00:00:00,23.75,23.66,23.43,23.17,23,22.84,22.58,22.09,21.43,20.67,19.87,19.08,18.33,17.65,17.03,16.47,15.97,15.52,15.12,14.77,14.45,14.17,13.92,13.7,13.49,13.31,13.14,13,12.86,12.75,12.65,12.57,12.5,12.44,12.39,12.36,12.32,12.3,12.28,12.26,12.25,12.24,12.23,12.23,12.22,12.22,12.22,12.22,12.22,12.22
2020-07-19 00:00:00,24.18,24.16,24.12,24.01,23.76,23.36,22.88,22.15,21.47,20.74,19.98,19.21,18.48,17.79,17.17,16.61,16.11,15.65,15.25,14.89,14.57,14.29,14.03,13.81,13.6,13.41,13.24,13.1,12.96,12.85,12.75,12.67,12.6,12.54,12.49,12.45,12.42,12.39,12.37,12.36,12.34,12.33,12.33,12.32,12.32,12.31,12.31,12.31,12.31,12.31
2020-07-20 00:00:00,24.61,24.61,24.61,24.6,24.54,24.31,23.43,22.45,21.63,20.86,20.09,19.33,18.61,17.93,17.31,16.75,16.24,15.79,15.38,15.01,14.69,14.41,14.15,13.92,13.7,13.52,13.35,13.2,13.07,12.95,12.85,12.76,12.69,12.63,12.58,12.54,12.51,12.49,12.47,12.45,12.44,12.43,12.42,12.41,12.41,12.41,12.41,12.41,12.41,12.4
2020-07-21 00:00:00,24.25,24.19,24.03,23.85,23.72,23.6,23.41,22.66,21.84,21.03,20.23,19.46,18.74,18.07,17.45,16.89,16.38,15.92,15.5,15.14,14.81,14.52,14.26,14.03,13.81,13.62,13.45,13.3,13.17,13.05,12.95,12.86,12.79,12.73,12.68,12.64,12.61,12.58,12.56,12.54,12.53,12.52,12.51,12.51,12.5,12.5,12.5,12.5,12.5,12.5
2020-07-22 00:00:00,23.98,23.98,23.96,23.88,23.74,23.54,23.2,22.63,21.93,21.15,20.36,19.6,18.87,18.2,17.58,17.02,16.51,16.04,15.63,15.26,14.93,14.64,14.37,14.14,13.92,13.73,13.56,13.4,13.27,13.15,13.04,12.96,12.88,12.82,12.77,12.73,12.7,12.68,12.65,12.64,12.62,12.61,12.61,12.6,12.6,12.59,12.59,12.59,12.59,12.59
2020-07-23 00:00:00,24.04,24.03,24,23.9,23.77,23.58,23.17,22.64,21.99,21.25,20.49,19.73,19.01,18.33,17.71,17.15,16.63,16.17,15.75,15.38,15.05,14.75,14.49,14.25,14.03,13.83,13.66,13.5,13.37,13.25,13.14,13.05,12.98,12.92,12.87,12.83,12.8,12.77,12.75,12.73,12.72,12.71,12.7,12.69,12.69,12.69,12.69,12.68,12.68,12.68
2020-07-24 00:00:00,23.87,23.8,23.62,23.44,23.32,23.21,23.04,22.63,22.03,21.34,20.6,19.86,19.14,18.47,17.85,17.28,16.76,16.3,15.88,15.5,15.17,14.87,14.6,14.36,14.14,13.94,13.76,13.61,13.47,13.34,13.24,13.15,13.08,13.02,12.96,12.92,12.89,12.86,12.84,12.82,12.81,12.8,12.79,12.79,12.78,12.78,12.78,12.78,12.78,12.78
2020-07-25 00:00:00,23.99,23.91,23.73,23.56,23.4,23.23,22.96,22.56,22.03,21.39,20.68,19.96,19.26,18.59,17.98,17.41,16.89,16.42,16,15.62,15.28,14.98,14.71,14.47,14.24,14.04,13.87,13.71,13.57,13.44,13.34,13.25,13.17,13.11,13.06,13.02,12.98,12.96,12.94,12.92,12.9,12.89,12.89,12.88,12.88,12.87,12.87,12.87,12.87,12.87
2020-07-26 00:00:00,24.43,24.29,23.98,23.73,23.55,23.34,23,22.57,22.04,21.43,20.76,20.06,19.37,18.71,18.1,17.53,17.01,16.54,16.12,15.74,15.4,15.1,14.82,14.58,14.35,14.15,13.97,13.81,13.67,13.54,13.44,13.35,13.27,13.21,13.16,13.11,13.08,13.05,13.03,13.01,13,12.99,12.98,12.97,12.97,12.97,12.96,12.96,12.96,12.96
2020-07-27 00:00:00,25.01,24.9,24.64,24.36,24.06,23.68,23.14,22.65,22.1,21.49,20.83,20.15,19.47,18.83,18.22,17.65,17.14,16.67,16.24,15.86,15.52,15.21,14.93,14.69,14.46,14.26,14.07,13.91,13.77,13.64,13.54,13.44,13.37,13.3,13.25,13.21,13.17,13.15,13.12,13.11,13.09,13.08,13.07,13.07,13.06,13.06,13.06,13.06,13.06,13.06
2020-07-28 00:00:00,24.77,24.78,24.77,24.72,24.54,24.2,23.41,22.8,22.2,21.57,20.91,20.23,19.57,18.93,18.33,17.77,17.26,16.78,16.36,15.97,15.63,15.32,15.05,14.79,14.57,14.36,14.18,14.02,13.87,13.74,13.63,13.54,13.46,13.4,13.35,13.3,13.27,13.24,13.22,13.2,13.19,13.17,13.17,13.16,13.16,13.15,13.15,13.15,13.15,13.15
2020-07-29 00:00:00,23.88,23.88,23.88,23.88,23.87,23.84,23.73,23.06,22.35,21.68,21.01,20.33,19.67,19.04,18.44,17.89,17.37,16.9,16.47,16.09,15.75,15.44,15.16,14.9,14.67,14.47,14.28,14.12,13.97,13.84,13.73,13.64,13.56,13.5,13.44,13.4,13.36,13.33,13.31,13.29,13.28,13.27,13.26,13.25,13.25,13.25,13.24,13.24,13.24,13.24
2020-07-30 00:00:00,24.17,24.08,23.88,23.7,23.58,23.49,23.39,23.16,22.52,21.83,21.13,20.44,19.78,19.15,18.56,18,17.49,17.02,16.59,16.2,15.86,15.55,15.27,15.01,14.78,14.57,14.38,14.22,14.07,13.94,13.83,13.74,13.66,13.59,13.54,13.49,13.46,13.43,13.41,13.39,13.37,13.36,13.35,13.35,13.34,13.34,13.34,13.34,13.34,13.34
2020-07-31 00:00:00,23.71,23.71,23.71,23.69,23.63,23.51,23.32,23.01,22.51,21.9,21.24,20.56,19.89,19.26,18.67,18.12,17.6,17.13,16.71,16.32,15.97,15.66,15.38,15.12,14.89,14.68,14.49,14.32,14.17,14.04,13.93,13.83,13.75,13.69,13.63,13.59,13.55,13.52,13.5,13.48,13.47,13.46,13.45,13.44,13.44,13.43,13.43,13.43,13.43,13.43
2020-08-01 00:00:00,23.59,23.53,23.37,23.2,23.09,23.01,22.94,22.8,22.44,21.92,21.31,20.65,20,19.37,18.78,18.23,17.72,17.25,16.82,16.43,16.08,15.77,15.49,15.23,14.99,14.78,14.59,14.42,14.27,14.14,14.03,13.93,13.85,13.78,13.73,13.68,13.65,13.62,13.59,13.58,13.56,13.55,13.54,13.53,13.53,13.53,13.53,13.53,13.52,13.52
2020-08-02 00:00:00,23.71,23.66,23.53,23.4,23.27,23.13,22.95,22.7,22.35,21.89,21.33,20.72,20.09,19.47,18.89,18.34,17.83,17.36,16.93,16.54,16.19,15.88,15.59,15.33,15.1,14.88,14.69,14.52,14.37,14.24,14.13,14.03,13.95,13.88,13.82,13.78,13.74,13.71,13.69,13.67,13.66,13.64,13.63,13.63,13.62,13.62,13.62,13.62,13.62,13.62
2020-08-03 00:00:00,22.88,22.89,22.9,22.9,22.9,22.89,22.85,22.74,22.44,21.91,21.34,20.76,20.16,19.56,18.98,18.44,17.93,17.47,17.04,16.65,16.3,15.98,15.7,15.44,15.2,14.99,14.8,14.62,14.47,14.34,14.22,14.13,14.04,13.98,13.92,13.87,13.84,13.81,13.78,13.76,13.75,13.74,13.73,13.72,13.72,13.71,13.71,13.71,13.71,13.71
2020-08-04 00:00:00,21.88,21.89,21.9,21.9,21.9,21.91,21.91,21.91,21.9,21.79,21.42,20.83,20.22,19.63,19.07,18.54,18.03,17.57,17.14,16.75,16.41,16.09,15.8,15.54,15.3,15.09,14.9,14.72,14.57,14.44,14.32,14.22,14.14,14.07,14.01,13.97,13.93,13.9,13.88,13.86,13.84,13.83,13.82,13.82,13.81,13.81,13.81,13.81,13.81,13.81
2020-08-05 00:00:00,21.12,21.12,21.13,21.13,21.13,21.12,21.1,21.08,21.06,21.03,20.97,20.7,20.23,19.69,19.15,18.63,18.13,17.67,17.25,16.86,16.51,16.19,15.91,15.65,15.41,15.19,15,14.82,14.67,14.53,14.42,14.32,14.24,14.17,14.11,14.06,14.03,14,13.97,13.95,13.94,13.93,13.92,13.91,13.9,13.9,13.9,13.9,13.9,13.9
2020-08-06 00:00:00,20.84,20.84,20.82,20.77,20.71,20.67,20.64,20.62,20.6,20.57,20.51,20.37,20.08,19.67,19.19,18.7,18.22,17.77,17.35,16.96,16.62,16.3,16.01,15.75,15.51,15.29,15.1,14.92,14.77,14.63,14.52,14.42,14.33,14.26,14.2,14.16,14.12,14.09,14.07,14.05,14.03,14.02,14.01,14,14,14,13.99,13.99,13.99,13.99
2020-08-07 00:00:00,20.79,20.78,20.75,20.65,20.53,20.48,20.44,20.42,20.39,20.35,20.29,20.14,19.9,19.58,19.18,18.74,18.29,17.86,17.44,17.06,16.72,16.4,16.11,15.85,15.61,15.39,15.2,15.02,14.87,14.73,14.61,14.51,14.43,14.36,14.3,14.25,14.22,14.18,14.16,14.14,14.13,14.11,14.1,14.1,14.09,14.09,14.09,14.09,14.09,14.09
2020-08-08 00:00:00,20.78,20.78,20.76,20.72,20.63,20.52,20.42,20.38,20.33,20.28,20.17,20.01,19.79,19.49,19.15,18.75,18.34,17.93,17.53,17.16,16.82,16.5,16.22,15.95,15.71,15.49,15.3,15.12,14.97,14.83,14.71,14.61,14.52,14.45,14.4,14.35,14.31,14.28,14.25,14.23,14.22,14.21,14.2,14.19,14.19,14.18,14.18,14.18,14.18,14.18
2020-08-09 00:00:00,21.41,21.28,21.03,20.84,20.74,20.67,20.6,20.53,20.45,20.34,20.16,19.95,19.72,19.44,19.11,18.75,18.37,17.99,17.61,17.24,16.91,16.6,16.31,16.05,15.81,15.59,15.4,15.22,15.06,14.93,14.81,14.71,14.62,14.55,14.49,14.44,14.4,14.37,14.35,14.33,14.31,14.3,14.29,14.28,14.28,14.28,14.27,14.27,14.27,14.27
2020-08-10 00:00:00,22.33,22.2,21.89,21.56,21.24,21,20.82,20.67,20.53,20.36,20.17,19.95,19.69,19.41,19.09,18.75,18.4,18.03,17.67,17.32,16.99,16.69,16.41,16.15,15.91,15.69,15.5,15.32,15.16,15.02,14.9,14.8,14.72,14.64,14.58,14.54,14.5,14.47,14.44,14.42,14.41,14.39,14.38,14.38,14.37,14.37,14.37,14.37,14.37,14.37
2020-08-11 00:00:00,22.84,22.75,22.53,22.22,21.8,21.38,21.08,20.84,20.63,20.41,20.19,19.95,19.68,19.39,19.08,18.76,18.41,18.07,17.72,17.39,17.07,16.77,16.5,16.24,16,15.79,15.59,15.42,15.26,15.12,15,14.9,14.81,14.74,14.68,14.63,14.59,14.56,14.54,14.52,14.5,14.49,14.48,14.47,14.47,14.46,14.46,14.46,14.46,14.46
2020-08-12 00:00:00,22.27,22.22,22.1,21.97,21.83,21.63,21.33,21.04,20.78,20.51,20.25,19.98,19.7,19.4,19.09,18.77,18.44,18.1,17.77,17.45,17.14,16.85,16.58,16.33,16.1,15.88,15.69,15.51,15.35,15.21,15.09,14.99,14.91,14.83,14.77,14.73,14.69,14.66,14.63,14.61,14.59,14.58,14.57,14.56,14.56,14.56,14.56,14.55,14.55,14.55
2020-08-13 00:00:00,22.11,22.04,21.87,21.73,21.62,21.53,21.39,21.18,20.92,20.63,20.34,20.05,19.75,19.44,19.12,18.8,18.48,18.15,17.83,17.51,17.21,16.93,16.67,16.42,16.19,15.97,15.78,15.61,15.45,15.31,15.19,15.09,15,14.93,14.87,14.82,14.78,14.75,14.72,14.7,14.69,14.67,14.66,14.66,14.65,14.65,14.65,14.65,14.65,14.65
2020-08-14 00:00:00,22.1,22.01,21.82,21.66,21.56,21.47,21.37,21.2,20.98,20.71,20.42,20.12,19.8,19.48,19.16,18.84,18.52,18.2,17.88,17.57,17.28,17.01,16.75,16.5,16.27,16.06,15.87,15.7,15.54,15.4,15.28,15.18,15.09,15.02,14.96,14.91,14.87,14.84,14.82,14.8,14.78,14.77,14.76,14.75,14.75,14.74,14.74,14.74,14.74,14.74
2020-08-15 00:00:00,22.24,22.15,21.97,21.8,21.68,21.57,21.43,21.25,21.03,20.77,20.48,20.17,19.86,19.53,19.21,18.89,18.56,18.25,17.94,17.64,17.35,17.08,16.83,16.59,16.36,16.15,15.96,15.79,15.63,15.5,15.38,15.27,15.19,15.11,15.05,15.01,14.97,14.94,14.91,14.89,14.87,14.86,14.85,14.84,14.84,14.84,14.83,14.83,14.83,14.83
2020-08-16 00:00:00,21.99,21.99,21.98,21.95,21.9,21.78,21.57,21.34,21.09,20.83,20.54,20.23,19.91,19.58,19.26,18.94,18.61,18.3,17.99,17.7,17.42,17.15,16.9,16.67,16.44,16.24,16.05,15.88,15.72,15.59,15.47,15.37,15.28,15.21,15.15,15.1,15.06,15.03,15,14.98,14.97,14.95,14.94,14.94,14.93,14.93,14.93,14.93,14.93,14.93
2020-08-17 00:00:00,21.57,21.57,21.56,21.54,21.49,21.43,21.32,21.23,21.1,20.87,20.59,20.28,19.96,19.64,19.31,18.99,18.67,18.36,18.05,17.76,17.49,17.22,16.98,16.74,16.53,16.32,16.14,15.97,15.81,15.68,15.56,15.46,15.37,15.3,15.24,15.19,15.15,15.12,15.1,15.07,15.06,15.05,15.04,15.03,15.02,15.02,15.02,15.02,15.02,15.02
2020-08-18 00:00:00,21.56,21.53,21.44,21.33,21.24,21.19,21.15,21.09,21.01,20.83,20.59,20.31,20.01,19.69,19.36,19.04,18.72,18.41,18.11,17.82,17.55,17.3,17.05,16.82,16.61,16.41,16.22,16.06,15.9,15.77,15.65,15.55,15.46,15.39,15.33,15.28,15.24,15.21,15.19,15.17,15.15,15.14,15.13,15.12,15.12,15.11,15.11,15.11,15.11,15.11
2020-08-19 00:00:00,20.99,20.99,20.99,20.97,20.93,20.89,20.87,20.83,20.79,20.7,20.54,20.3,20.02,19.72,19.41,19.09,18.78,18.47,18.17,17.89,17.62,17.37,17.13,16.9,16.69,16.49,16.31,16.14,15.99,15.86,15.74,15.64,15.55,15.48,15.42,15.37,15.34,15.3,15.28,15.26,15.24,15.23,15.22,15.21,15.21,15.2,15.2,15.2,15.2,15.2
2020-08-20 00:00:00,21.05,20.99,20.88,20.77,20.7,20.65,20.62,20.59,20.56,20.51,20.41,20.24,20.01,19.74,19.44,19.14,18.83,18.53,18.24,17.95,17.69,17.44,17.2,16.98,16.77,16.57,16.39,16.23,16.08,15.94,15.83,15.73,15.64,15.57,15.51,15.47,15.43,15.39,15.37,15.35,15.33,15.32,15.31,15.3,15.3,15.3,15.29,15.29,15.29,15.29
2020-08-21 00:00:00,20.82,20.81,20.77,20.67,20.56,20.51,20.47,20.43,20.4,20.36,20.29,20.15,19.96,19.72,19.46,19.17,18.88,18.58,18.29,18.02,17.76,17.51,17.27,17.05,16.84,16.65,16.47,16.31,16.16,16.03,15.91,15.82,15.73,15.66,15.6,15.56,15.52,15.49,15.46,15.44,15.42,15.41,15.4,15.39,15.39,15.39,15.39,15.38,15.38,15.38
2020-08-22 00:00:00,21.02,20.94,20.78,20.65,20.56,20.51,20.46,20.43,20.38,20.32,20.22,20.08,19.91,19.7,19.45,19.19,18.91,18.63,18.35,18.08,17.82,17.58,17.35,17.13,16.92,16.73,16.55,16.39,16.25,16.12,16,15.9,15.82,15.75,15.69,15.64,15.61,15.58,15.55,15.53,15.51,15.5,15.49,15.48,15.48,15.48,15.48,15.47,15.47,15.47
2020-08-23 00:00:00,21.08,20.99,20.81,20.66,20.57,20.51,20.47,20.43,20.38,20.32,20.2,20.05,19.88,19.67,19.45,19.2,18.94,18.67,18.4,18.13,17.88,17.64,17.42,17.2,17,16.81,16.63,16.48,16.33,16.2,16.09,15.99,15.91,15.84,15.78,15.73,15.7,15.66,15.64,15.62,15.6,15.59,15.58,15.57,15.57,15.57,15.57,15.56,15.56,15.56
2020-08-24 00:00:00,21.54,21.4,21.14,20.95,20.83,20.73,20.64,20.54,20.44,20.32,20.19,20.04,19.86,19.66,19.44,19.21,18.96,18.7,18.44,18.19,17.94,17.71,17.48,17.27,17.07,16.89,16.71,16.56,16.41,16.28,16.17,16.08,15.99,15.93,15.87,15.82,15.78,15.75,15.73,15.71,15.69,15.68,15.67,15.66,15.66,15.66,15.65,15.65,15.65,15.65
2020-08-25 00:00:00,22.23,22.09,21.79,21.5,21.23,21.02,20.84,20.69,20.54,20.39,20.23,20.06,19.87,19.67,19.45,19.22,18.98,18.73,18.48,18.23,18,17.77,17.55,17.34,17.15,16.96,16.79,16.64,16.49,16.37,16.26,16.16,16.08,16.01,15.96,15.91,15.87,15.84,15.82,15.8,15.78,15.77,15.76,15.75,15.75,15.74,15.74,15.74,15.74,15.74
2020-08-26 00:00:00,22.78,22.65,22.35,22.02,21.65,21.35,21.1,20.88,20.68,20.49,20.29,20.1,19.9,19.69,19.47,19.24,19,18.76,18.52,18.28,18.05,17.83,17.61,17.41,17.22,17.04,16.87,16.72,16.58,16.45,16.34,16.25,16.17,16.1,16.04,16,15.96,15.93,15.9,15.88,15.87,15.86,15.85,15.84,15.84,15.83,15.83,15.83,15.83,15.83
2020-08-27 00:00:00,22.87,22.76,22.52,22.29,22.04,21.74,21.39,21.1,20.85,20.61,20.39,20.17,19.94,19.72,19.5,19.27,19.03,18.79,18.56,18.33,18.1,17.88,17.68,17.48,17.29,17.11,16.95,16.79,16.66,16.53,16.42,16.33,16.25,16.18,16.13,16.08,16.04,16.01,15.99,15.97,15.96,15.94,15.93,15.93,15.92,15.92,15.92,15.92,15.92,15.92
2020-08-28 00:00:00,23.11,22.97,22.69,22.48,22.28,22.03,21.65,21.33,21.03,20.76,20.5,20.25,20.01,19.77,19.54,19.3,19.07,18.83,18.6,18.37,18.15,17.94,17.74,17.54,17.36,17.18,17.02,16.87,16.73,16.61,16.5,16.41,16.33,16.27,16.21,16.17,16.13,16.1,16.08,16.06,16.04,16.03,16.02,16.01,16.01,16.01,16.01,16,16,16
2020-08-29 00:00:00,23.42,23.39,23.25,22.96,22.61,22.21,21.86,21.52,21.2,20.9,20.61,20.34,20.08,19.83,19.59,19.35,19.11,18.87,18.64,18.42,18.2,18,17.8,17.61,17.42,17.25,17.09,16.95,16.81,16.69,16.59,16.49,16.42,16.35,16.3,16.25,16.22,16.19,16.16,16.14,16.13,16.12,16.11,16.1,16.1,16.09,16.09,16.09,16.09,16.09
2020-08-30 00:00:00,22.28,22.29,22.3,22.31,22.29,22.2,22.05,21.85,21.57,21.13,20.76,20.45,20.16,19.9,19.64,19.4,19.16,18.92,18.69,18.47,18.26,18.05,17.86,17.67,17.49,17.32,17.16,17.02,16.89,16.77,16.67,16.58,16.5,16.43,16.38,16.33,16.3,16.27,16.25,16.23,16.21,16.2,16.19,16.19,16.18,16.18,16.18,16.18,16.18,16.18
2020-08-31 00:00:00,21.38,21.38,21.39,21.38,21.37,21.34,21.32,21.3,21.26,21.13,20.87,20.57,20.27,19.98,19.71,19.46,19.21,18.97,18.74,18.52,18.31,18.11,17.92,17.73,17.55,17.39,17.24,17.09,16.96,16.85,16.74,16.66,16.58,16.52,16.46,16.42,16.38,16.35,16.33,16.31,16.3,16.29,16.28,16.27,16.27,16.26,16.26,16.26,16.26,16.26
2020-09-01 00:00:00,20.86,20.86,20.85,20.82,20.79,20.77,20.75,20.73,20.72,20.7,20.65,20.54,20.32,20.04,19.77,19.52,19.27,19.03,18.79,18.57,18.36,18.16,17.97,17.79,17.62,17.46,17.31,17.17,17.04,16.92,16.82,16.73,16.66,16.6,16.54,16.5,16.47,16.44,16.41,16.4,16.38,16.37,16.36,16.35,16.35,16.35,16.35,16.34,16.34,16.34
2020-09-02 00:00:00,20.61,20.57,20.5,20.43,20.38,20.34,20.32,20.31,20.29,20.28,20.26,20.23,20.15,20,19.79,19.55,19.31,19.08,18.85,18.63,18.42,18.22,18.03,17.85,17.68,17.52,17.37,17.24,17.11,17,16.9,16.81,16.74,16.68,16.62,16.58,16.55,16.52,16.5,16.48,16.46,16.45,16.44,16.44,16.43,16.43,16.43,16.43,16.43,16.43
2020-09-03 00:00:00,20.49,20.49,20.48,20.46,20.42,20.38,20.34,20.3,20.27,20.24,20.2,20.13,20.03,19.9,19.74,19.55,19.34,19.12,18.9,18.68,18.48,18.28,18.09,17.92,17.75,17.59,17.44,17.31,17.18,17.07,16.97,16.89,16.82,16.76,16.7,16.66,16.63,16.6,16.58,16.56,16.55,16.53,16.53,16.52,16.52,16.51,16.51,16.51,16.51,16.51
2020-09-04 00:00:00,19.87,19.87,19.88,19.89,19.89,19.89,19.9,19.9,19.9,19.9,19.9,19.89,19.87,19.83,19.76,19.65,19.47,19.24,18.95,18.73,18.53,18.34,18.15,17.98,17.81,17.66,17.51,17.38,17.26,17.15,17.05,16.97,16.89,16.83,16.78,16.74,16.71,16.68,16.66,16.64,16.63,16.62,16.61,16.6,16.6,16.59,16.59,16.59,16.59,16.59
2020-09-05 00:00:00,19.28,19.28,19.29,19.29,19.29,19.29,19.29,19.28,19.28,19.27,19.25,19.24,19.23,19.23,19.22,19.21,19.19,19.16,19.04,18.81,18.59,18.4,18.21,18.04,17.88,17.72,17.58,17.45,17.33,17.22,17.12,17.04,16.97,16.91,16.86,16.82,16.79,16.76,16.74,16.72,16.71,16.7,16.69,16.68,16.68,16.68,16.67,16.67,16.67,16.67
2020-09-06 00:00:00,19.1,19.1,19.11,19.11,19.1,19.1,19.09,19.07,19.06,19.05,19.03,19.02,19.01,19,18.99,18.98,18.96,18.93,18.87,18.76,18.6,18.44,18.27,18.1,17.94,17.79,17.65,17.52,17.4,17.29,17.2,17.12,17.05,16.99,16.94,16.9,16.87,16.84,16.82,16.8,16.79,16.78,16.77,16.76,16.76,16.76,16.75,16.75,16.75,16.75
2020-09-07 00:00:00,19.09,19.09,19.08,19.08,19.07,19.06,19.06,19.05,19.04,19.02,19.01,19,18.98,18.96,18.94,18.92,18.89,18.85,18.79,18.72,18.62,18.46,18.3,18.14,17.99,17.85,17.71,17.59,17.47,17.36,17.27,17.19,17.12,17.06,17.02,16.98,16.94,16.92,16.9,16.88,16.87,16.86,16.85,16.84,16.84,16.84,16.83,16.83,16.83,16.83
2020-09-08 00:00:00,19.04,19.04,19.05,19.05,19.05,19.05,19.05,19.04,19.04,19.04,19.03,19.03,19.02,19.01,19,18.98,18.96,18.9,18.82,18.71,18.59,18.47,18.33,18.18,18.04,17.9,17.77,17.65,17.54,17.43,17.34,17.26,17.2,17.14,17.09,17.05,17.02,17,16.97,16.96,16.94,16.93,16.93,16.92,16.92,16.91,16.91,16.91,16.91,16.91
2020-09-09 00:00:00,18.29,18.29,18.31,18.31,18.32,18.32,18.33,18.33,18.33,18.33,18.33,18.33,18.34,18.34,18.34,18.34,18.34,18.34,18.34,18.34,18.33,18.3,18.26,18.18,18.09,17.98,17.86,17.73,17.6,17.5,17.41,17.34,17.27,17.21,17.17,17.13,17.1,17.07,17.05,17.04,17.02,17.01,17,17,16.99,16.99,16.99,16.99,16.99,16.99
2020-09-10 00:00:00,17.58,17.59,17.6,17.61,17.61,17.62,17.62,17.62,17.62,17.62,17.63,17.63,17.63,17.63,17.63,17.63,17.63,17.63,17.63,17.63,17.63,17.63,17.64,17.64,17.64,17.64,17.64,17.63,17.61,17.56,17.51,17.44,17.37,17.3,17.25,17.21,17.17,17.15,17.13,17.11,17.1,17.09,17.08,17.08,17.07,17.07,17.07,17.07,17.07,17.07
2020-09-11 00:00:00,17.13,17.14,17.14,17.15,17.15,17.15,17.16,17.16,17.16,17.16,17.16,17.16,17.16,17.16,17.16,17.16,17.17,17.17,17.17,17.17,17.17,17.17,17.17,17.17,17.17,17.17,17.17,17.17,17.17,17.17,17.17,17.17,17.17,17.17,17.17,17.16,17.15,17.15,17.14,17.13,17.13,17.12,17.12,17.12,17.11,17.11,17.11,17.11,17.11,17.11
2020-09-12 00:00:00,16.92,16.92,16.93,16.93,16.93,16.93,16.93,16.93,16.93,16.94,16.94,16.94,16.94,16.94,16.94,16.94,16.94,16.94,16.94,16.94,16.94,16.94,16.94,16.94,16.94,16.94,16.94,16.94,16.94,16.94,16.94,16.94,16.94,16.94,16.94,16.94,16.94,16.94,16.94,16.94,16.94,16.94,16.94,16.94,16.94,16.94,16.94,16.94,16.94,16.94
2020-09-13 00:00:00,17.06,17.05,17.04,17.01,16.98,16.95,16.92,16.9,16.89,16.89,16.88,16.88,16.87,16.87,16.87,16.87,16.87,16.86,16.86,16.86,16.86,16.86,16.86,16.86,16.86,16.86,16.86,16.86,16.86,16.86,16.86,16.86,16.86,16.86,16.86,16.86,16.86,16.86,16.86,16.86,16.86,16.86,16.86,16.86,16.86,16.86,16.86,16.86,16.86,16.86
2020-09-14 00:00:00,17.21,17.18,17.1,17.03,16.97,16.94,16.91,16.9,16.89,16.88,16.87,16.86,16.86,16.85,16.85,16.85,16.85,16.85,16.84,16.84,16.84,16.84,16.84,16.84,16.84,16.84,16.84,16.84,16.84,16.84,16.84,16.84,16.84,16.84,16.84,16.84,16.84,16.84,16.84,16.84,16.84,16.84,16.84,16.84,16.84,16.84,16.84,16.84,16.84,16.84
2020-09-15 00:00:00,17.32,17.27,17.17,17.07,17.01,16.97,16.94,16.92,16.91,16.9,16.89,16.88,16.87,16.87,16.87,16.86,16.86,16.86,16.85,16.85,16.85,16.85,16.85,16.84,16.84,16.84,16.84,16.84,16.84,16.84,16.84,16.84,16.83,16.83,16.83,16.83,16.83,16.83,16.83,16.83,16.83,16.83,16.83,16.83,16.83,16.83,16.83,16.83,16.83,16.83
2020-09-16 00:00:00,17.19,17.19,17.19,17.18,17.17,17.16,17.13,17.1,17.07,17.03,17,16.97,16.94,16.92,16.91,16.9,16.9,16.89,16.88,16.88,16.87,16.87,16.86,16.86,16.86,16.85,16.85,16.85,16.85,16.85,16.85,16.84,16.84,16.84,16.84,16.84,16.84,16.84,16.84,16.84,16.84,16.84,16.84,16.84,16.84,16.84,16.84,16.84,16.84,16.84
2020-09-17 00:00:00,17.49,17.46,17.37,17.29,17.23,17.19,17.16,17.14,17.13,17.11,17.09,17.07,17.05,17.02,17,16.97,16.95,16.93,16.92,16.91,16.9,16.89,16.89,16.88,16.88,16.87,16.87,16.86,16.86,16.86,16.86,16.86,16.85,16.85,16.85,16.85,16.85,16.85,16.85,16.85,16.85,16.85,16.85,16.85,16.85,16.85,16.85,16.85,16.85,16.85
2020-09-18 00:00:00,17.21,17.22,17.22,17.22,17.21,17.2,17.18,17.16,17.15,17.13,17.12,17.11,17.09,17.07,17.05,17.03,17,16.98,16.96,16.95,16.94,16.92,16.91,16.91,16.9,16.89,16.89,16.88,16.88,16.88,16.87,16.87,16.87,16.87,16.87,16.86,16.86,16.86,16.86,16.86,16.86,16.86,16.86,16.86,16.86,16.86,16.86,16.86,16.86,16.86
2020-09-19 00:00:00,16.89,16.89,16.9,16.91,16.91,16.91,16.9,16.9,16.9,16.9,16.9,16.9,16.9,16.9,16.9,16.9,16.9,16.9,16.9,16.89,16.89,16.89,16.89,16.88,16.88,16.88,16.88,16.88,16.88,16.88,16.88,16.87,16.87,16.87,16.87,16.87,16.87,16.87,16.87,16.87,16.87,16.87,16.87,16.87,16.87,16.87,16.87,16.87,16.87,16.87
2020-09-20 00:00:00,16.6,16.61,16.61,16.62,16.62,16.62,16.62,16.62,16.62,16.62,16.62,16.62,16.62,16.62,16.62,16.61,16.61,16.61,16.61,16.61,16.61,16.61,16.61,16.62,16.62,16.62,16.62,16.62,16.62,16.62,16.62,16.62,16.62,16.62,16.62,16.62,16.62,16.62,16.62,16.62,16.62,16.62,16.62,16.62,16.62,16.62,16.62,16.62,16.62,16.62
2020-09-21 00:00:00,16.34,16.35,16.36,16.36,16.36,16.36,16.36,16.36,16.35,16.35,16.35,16.34,16.34,16.34,16.33,16.33,16.32,16.32,16.32,16.32,16.32,16.32,16.32,16.32,16.32,16.32,16.32,16.32,16.32,16.32,16.32,16.32,16.32,16.32,16.32,16.32,16.32,16.32,16.32,16.32,16.32,16.32,16.32,16.32,16.32,16.32,16.32,16.32,16.32,16.32
2020-09-22 00:00:00,16.22,16.22,16.22,16.22,16.21,16.19,16.17,16.16,16.14,16.13,16.12,16.11,16.11,16.1,16.1,16.1,16.09,16.09,16.09,16.09,16.09,16.09,16.09,16.09,16.09,16.09,16.09,16.09,16.09,16.09,16.09,16.09,16.09,16.09,16.09,16.09,16.09,16.09,16.09,16.09,16.09,16.09,16.09,16.09,16.09,16.09,16.09,16.09,16.09,16.09
2020-09-23 00:00:00,16.4,16.36,16.27,16.19,16.14,16.11,16.09,16.07,16.06,16.05,16.05,16.04,16.04,16.04,16.03,16.03,16.03,16.03,16.03,16.03,16.03,16.03,16.02,16.02,16.02,16.02,16.02,16.02,16.02,16.02,16.02,16.02,16.02,16.02,16.02,16.02,16.02,16.02,16.02,16.02,16.02,16.02,16.02,16.02,16.02,16.02,16.02,16.02,16.02,16.02
2020-09-24 00:00:00,16.47,16.43,16.33,16.24,16.19,16.15,16.12,16.1,16.09,16.08,16.07,16.06,16.06,16.05,16.05,16.04,16.04,16.04,16.04,16.03,16.03,16.03,16.03,16.03,16.02,16.02,16.02,16.02,16.02,16.02,16.02,16.02,16.02,16.02,16.02,16.01,16.01,16.01,16.01,16.01,16.01,16.01,16.01,16.01,16.01,16.01,16.01,16.01,16.01,16.01
2020-09-25 00:00:00,16.38,16.36,16.33,16.28,16.24,16.21,16.17,16.15,16.14,16.12,16.11,16.1,16.1,16.09,16.08,16.08,16.07,16.06,16.06,16.05,16.05,16.04,16.04,16.04,16.04,16.03,16.03,16.03,16.03,16.03,16.03,16.03,16.02,16.02,16.02,16.02,16.02,16.02,16.02,16.02,16.02,16.02,16.02,16.02,16.02,16.02,16.02,16.02,16.02,16.02
2020-09-26 00:00:00,16.47,16.47,16.45,16.42,16.36,16.3,16.23,16.19,16.17,16.16,16.15,16.14,16.13,16.12,16.11,16.11,16.1,16.09,16.08,16.08,16.07,16.06,16.06,16.06,16.05,16.05,16.05,16.04,16.04,16.04,16.04,16.04,16.04,16.03,16.03,16.03,16.03,16.03,16.03,16.03,16.03,16.03,16.03,16.03,16.03,16.03,16.03,16.03,16.03,16.03
2020-09-27 00:00:00,16.8,16.77,16.72,16.66,16.61,16.57,16.52,16.45,16.38,16.32,16.26,16.22,16.19,16.17,16.15,16.14,16.13,16.12,16.11,16.1,16.09,16.09,16.08,16.08,16.07,16.07,16.06,16.06,16.06,16.05,16.05,16.05,16.05,16.05,16.05,16.04,16.04,16.04,16.04,16.04,16.04,16.04,16.04,16.04,16.04,16.04,16.04,16.04,16.04,16.04
2020-09-28 00:00:00,16.61,16.61,16.62,16.62,16.63,16.63,16.63,16.62,16.62,16.6,16.54,16.45,16.35,16.28,16.23,16.2,16.17,16.16,16.14,16.13,16.12,16.11,16.1,16.1,16.09,16.08,16.08,16.08,16.07,16.07,16.07,16.06,16.06,16.06,16.06,16.06,16.06,16.06,16.06,16.05,16.05,16.05,16.05,16.05,16.05,16.05,16.05,16.05,16.05,16.05
2020-09-29 00:00:00,16.02,16.02,16.03,16.04,16.04,16.04,16.05,16.05,16.05,16.05,16.05,16.05,16.05,16.05,16.05,16.05,16.05,16.05,16.05,16.04,16.04,16.04,16.04,16.04,16.04,16.03,16.03,16.03,16.03,16.03,16.03,16.03,16.03,16.03,16.03,16.03,16.03,16.03,16.03,16.03,16.03,16.03,16.03,16.03,16.03,16.03,16.03,16.03,16.03,16.03
2020-09-30 00:00:00,15.71,15.71,15.72,15.73,15.73,15.73,15.73,15.73,15.73,15.74,15.74,15.74,15.74,15.74,15.74,15.74,15.74,15.74,15.74,15.74,15.74,15.74,15.74,15.74,15.74,15.74,15.74,15.74,15.74,15.74,15.74,15.74,15.74,15.74,15.74,15.74,15.74,15.74,15.74,15.74,15.74,15.74,15.74,15.74,15.74,15.74,15.74,15.74,15.74,15.75
2020-10-01 00:00:00,15.39,15.39,15.4,15.41,15.41,15.41,15.42,15.42,15.42,15.42,15.42,15.42,15.42,15.42,15.42,15.42,15.43,15.43,15.43,15.43,15.43,15.43,15.43,15.43,15.43,15.43,15.43,15.43,15.43,15.43,15.43,15.43,15.43,15.43,15.43,15.43,15.43,15.43,15.43,15.43,15.43,15.43,15.43,15.43,15.43,15.43,15.43,15.43,15.43,15.43
2020-10-02 00:00:00,14.98,14.99,15,15,15.01,15.01,15.01,15.02,15.02,15.02,15.02,15.02,15.02,15.02,15.02,15.02,15.02,15.02,15.03,15.03,15.03,15.03,15.03,15.03,15.03,15.03,15.03,15.03,15.03,15.03,15.03,15.03,15.03,15.03,15.03,15.03,15.03,15.03,15.03,15.03,15.03,15.03,15.03,15.03,15.03,15.03,15.03,15.03,15.03,15.03
2020-10-03 00:00:00,14.62,14.62,14.63,14.63,14.64,14.64,14.64,14.64,14.64,14.64,14.64,14.65,14.65,14.65,14.65,14.65,14.65,14.65,14.65,14.65,14.65,14.65,14.65,14.65,14.65,14.65,14.65,14.65,14.65,14.65,14.65,14.65,14.65,14.65,14.65,14.65,14.65,14.65,14.65,14.65,14.66,14.66,14.66,14.66,14.66,14.66,14.66,14.66,14.66,14.66
2020-10-04 00:00:00,14.4,14.4,14.41,14.41,14.41,14.42,14.42,14.42,14.42,14.42,14.42,14.42,14.42,14.42,14.42,14.42,14.42,14.42,14.42,14.42,14.42,14.42,14.42,14.42,14.42,14.42,14.42,14.42,14.43,14.43,14.43,14.43,14.43,14.43,14.43,14.43,14.43,14.43,14.43,14.43,14.43,14.43,14.43,14.43,14.43,14.43,14.43,14.43,14.43,14.43
2020-10-05 00:00:00,14.13,14.13,14.14,14.15,14.15,14.15,14.16,14.16,14.16,14.16,14.16,14.16,14.16,14.16,14.16,14.16,14.16,14.16,14.16,14.17,14.17,14.17,14.17,14.17,14.17,14.17,14.17,14.17,14.17,14.17,14.17,14.17,14.17,14.17,14.17,14.17,14.17,14.17,14.17,14.17,14.17,14.17,14.17,14.17,14.17,14.17,14.17,14.17,14.17,14.17
2020-10-06 00:00:00,13.74,13.74,13.75,13.76,13.76,13.76,13.77,13.77,13.77,13.77,13.77,13.77,13.77,13.77,13.77,13.77,13.77,13.78,13.78,13.78,13.78,13.78,13.78,13.78,13.78,13.78,13.78,13.78,13.78,13.78,13.78,13.78,13.78,13.78,13.78,13.78,13.78,13.78,13.78,13.78,13.78,13.78,13.78,13.78,13.78,13.78,13.78,13.78,13.78,13.78
2020-10-07 00:00:00,13.72,13.7,13.66,13.62,13.59,13.57,13.56,13.55,13.54,13.53,13.53,13.52,13.52,13.52,13.52,13.52,13.51,13.51,13.51,13.51,13.51,13.51,13.51,13.51,13.51,13.51,13.51,13.51,13.51,13.51,13.51,13.51,13.51,13.51,13.51,13.51,13.51,13.51,13.51,13.51,13.51,13.51,13.51,13.51,13.51,13.51,13.51,13.51,13.51,13.51
2020-10-08 00:00:00,13.56,13.56,13.57,13.57,13.56,13.56,13.56,13.55,13.55,13.54,13.53,13.52,13.51,13.5,13.5,13.49,13.49,13.49,13.49,13.48,13.48,13.48,13.48,13.48,13.48,13.48,13.48,13.48,13.48,13.48,13.48,13.48,13.48,13.48,13.48,13.48,13.48,13.48,13.48,13.48,13.48,13.48,13.48,13.48,13.48,13.48,13.48,13.48,13.48,13.48
2020-10-09 00:00:00,13.52,13.51,13.49,13.47,13.45,13.43,13.42,13.42,13.41,13.41,13.41,13.4,13.4,13.4,13.4,13.4,13.4,13.39,13.39,13.39,13.39,13.39,13.39,13.39,13.39,13.39,13.39,13.39,13.39,13.39,13.39,13.39,13.39,13.39,13.39,13.39,13.39,13.39,13.39,13.39,13.39,13.39,13.39,13.39,13.39,13.39,13.39,13.39,13.39,13.39
2020-10-10 00:00:00,13.5,13.5,13.49,13.48,13.47,13.46,13.44,13.42,13.41,13.39,13.37,13.36,13.34,13.33,13.32,13.31,13.3,13.3,13.29,13.29,13.29,13.29,13.29,13.29,13.28,13.28,13.28,13.28,13.28,13.28,13.28,13.28,13.28,13.28,13.28,13.28,13.28,13.28,13.28,13.28,13.28,13.28,13.28,13.28,13.28,13.28,13.28,13.28,13.28,13.28
2020-10-11 00:00:00,13.8,13.78,13.75,13.71,13.68,13.65,13.63,13.61,13.58,13.55,13.52,13.49,13.45,13.42,13.4,13.37,13.36,13.34,13.33,13.32,13.31,13.3,13.3,13.29,13.29,13.29,13.28,13.28,13.28,13.28,13.27,13.27,13.27,13.27,13.27,13.27,13.27,13.27,13.27,13.27,13.27,13.27,13.27,13.27,13.27,13.27,13.27,13.27,13.27,13.27
2020-10-12 00:00:00,13.59,13.58,13.53,13.5,13.47,13.45,13.43,13.42,13.41,13.4,13.39,13.39,13.38,13.37,13.37,13.36,13.36,13.35,13.34,13.34,13.33,13.33,13.32,13.32,13.31,13.31,13.3,13.3,13.3,13.29,13.29,13.29,13.29,13.29,13.28,13.28,13.28,13.28,13.28,13.28,13.28,13.28,13.28,13.28,13.28,13.28,13.28,13.28,13.28,13.28
2020-10-13 00:00:00,13.48,13.48,13.49,13.49,13.49,13.49,13.49,13.49,13.49,13.48,13.48,13.47,13.47,13.46,13.45,13.44,13.43,13.42,13.41,13.39,13.38,13.37,13.35,13.34,13.33,13.32,13.32,13.32,13.31,13.31,13.31,13.3,13.3,13.3,13.3,13.3,13.3,13.3,13.3,13.3,13.29,13.29,13.29,13.29,13.29,13.29,13.29,13.29,13.29,13.29
2020-10-14 00:00:00,13.12,13.12,13.13,13.14,13.14,13.14,13.14,13.14,13.15,13.15,13.15,13.15,13.15,13.15,13.15,13.15,13.15,13.15,13.15,13.15,13.15,13.15,13.15,13.15,13.15,13.15,13.15,13.15,13.15,13.15,13.15,13.15,13.15,13.16,13.16,13.16,13.16,13.16,13.16,13.16,13.16,13.16,13.16,13.16,13.16,13.16,13.16,13.16,13.16,13.16
2020-10-15 00:00:00,12.9,12.9,12.91,12.91,12.91,12.91,12.91,12.91,12.91,12.91,12.91,12.91,12.91,12.91,12.91,12.91,12.91,12.91,12.91,12.91,12.91,12.91,12.91,12.91,12.91,12.91,12.91,12.91,12.91,12.91,12.91,12.91,12.91,12.91,12.91,12.91,12.91,12.91,12.91,12.92,12.92,12.92,12.92,12.92,12.92,12.92,12.92,12.92,12.92,12.92
2020-10-16 00:00:00,12.55,12.56,12.57,12.58,12.59,12.59,12.59,12.6,12.6,12.6,12.6,12.6,12.6,12.6,12.61,12.61,12.61,12.61,12.61,12.61,12.61,12.61,12.61,12.61,12.61,12.61,12.61,12.61,12.61,12.61,12.61,12.61,12.62,12.62,12.62,12.62,12.62,12.62,12.62,12.62,12.62,12.62,12.62,12.62,12.62,12.62,12.62,12.62,12.62,12.62
2020-10-17 00:00:00,12.08,12.08,12.1,12.1,12.11,12.11,12.11,12.11,12.12,12.12,12.12,12.12,12.12,12.12,12.12,12.12,12.12,12.13,12.13,12.13,12.13,12.13,12.13,12.13,12.13,12.13,12.13,12.13,12.13,12.13,12.13,12.13,12.13,12.13,12.13,12.13,12.13,12.13,12.13,12.13,12.13,12.13,12.13,12.13,12.13,12.13,12.13,12.13,12.13,12.14
2020-10-18 00:00:00,11.65,11.65,11.66,11.67,11.67,11.67,11.68,11.68,11.68,11.68,11.68,11.68,11.68,11.68,11.69,11.69,11.69,11.69,11.69,11.69,11.69,11.69,11.69,11.69,11.69,11.69,11.69,11.69,11.69,11.69,11.69,11.69,11.69,11.69,11.69,11.69,11.69,11.69,11.69,11.69,11.69,11.69,11.69,11.69,11.69,11.69,11.69,11.69,11.69,11.69
2020-10-19 00:00:00,11.32,11.33,11.34,11.35,11.35,11.36,11.36,11.36,11.36,11.37,11.37,11.37,11.37,11.37,11.37,11.37,11.37,11.37,11.37,11.38,11.38,11.38,11.38,11.38,11.38,11.38,11.38,11.38,11.38,11.38,11.38,11.38,11.38,11.38,11.38,11.38,11.38,11.38,11.38,11.38,11.38,11.38,11.38,11.38,11.38,11.38,11.38,11.38,11.38,11.38
2020-10-20 00:00:00,10.96,10.96,10.97,10.98,10.98,10.98,10.98,10.98,10.98,10.99,10.99,10.99,10.99,10.99,10.99,10.99,10.99,10.99,10.99,10.99,10.99,10.99,10.99,10.99,10.99,10.99,10.99,10.99,11,11,11,11,11,11,11,11,11,11,11,11,11,11,11,11,11,11,11,11,11,11
2020-10-21 00:00:00,10.7,10.71,10.72,10.72,10.72,10.73,10.73,10.73,10.73,10.73,10.73,10.73,10.73,10.73,10.73,10.73,10.73,10.74,10.74,10.74,10.74,10.74,10.74,10.74,10.74,10.74,10.74,10.74,10.74,10.74,10.74,10.74,10.74,10.74,10.74,10.74,10.74,10.74,10.74,10.74,10.74,10.74,10.74,10.74,10.74,10.74,10.74,10.74,10.74,10.74
2020-10-22 00:00:00,10.5,10.51,10.52,10.52,10.52,10.52,10.52,10.52,10.52,10.52,10.52,10.52,10.52,10.52,10.52,10.52,10.52,10.52,10.52,10.52,10.52,10.52,10.52,10.52,10.52,10.52,10.52,10.52,10.52,10.52,10.52,10.52,10.52,10.52,10.52,10.52,10.52,10.52,10.52,10.52,10.52,10.52,10.52,10.52,10.52,10.52,10.52,10.52,10.52,10.52
2020-10-23 00:00:00,10.37,10.37,10.37,10.38,10.38,10.38,10.38,10.38,10.38,10.38,10.38,10.38,10.38,10.38,10.38,10.38,10.38,10.38,10.38,10.38,10.38,10.38,10.38,10.38,10.38,10.38,10.38,10.38,10.38,10.38,10.38,10.38,10.38,10.38,10.38,10.38,10.38,10.38,10.38,10.38,10.38,10.38,10.38,10.38,10.38,10.38,10.39,10.39,10.39,10.39
2020-10-24 00:00:00,10.15,10.16,10.17,10.17,10.18,10.18,10.18,10.19,10.19,10.19,10.19,10.19,10.19,10.19,10.2,10.2,10.2,10.2,10.2,10.2,10.2,10.2,10.2,10.2,10.2,10.2,10.2,10.2,10.2,10.2,10.2,10.2,10.2,10.21,10.21,10.21,10.21,10.21,10.21,10.21,10.21,10.21,10.21,10.21,10.21,10.21,10.21,10.21,10.21,10.21
2020-10-25 00:00:00,9.74,9.74,9.76,9.76,9.77,9.77,9.77,9.77,9.77,9.78,9.78,9.78,9.78,9.78,9.78,9.78,9.78,9.78,9.78,9.78,9.79,9.79,9.79,9.79,9.79,9.79,9.79,9.79,9.79,9.79,9.79,9.79,9.79,9.79,9.79,9.79,9.79,9.79,9.79,9.79,9.79,9.79,9.79,9.79,9.79,9.79,9.79,9.79,9.79,9.79
2020-10-26 00:00:00,9.4,9.41,9.42,9.43,9.43,9.43,9.44,9.44,9.44,9.44,9.44,9.44,9.45,9.45,9.45,9.45,9.45,9.45,9.45,9.45,9.45,9.45,9.45,9.45,9.45,9.45,9.45,9.45,9.46,9.46,9.46,9.46,9.46,9.46,9.46,9.46,9.46,9.46,9.46,9.46,9.46,9.46,9.46,9.46,9.46,9.46,9.46,9.46,9.46,9.46
2020-10-27 00:00:00,8.97,8.98,9,9.01,9.01,9.02,9.02,9.02,9.03,9.03,9.03,9.03,9.03,9.03,9.03,9.04,9.04,9.04,9.04,9.04,9.04,9.04,9.04,9.04,9.04,9.04,9.04,9.04,9.05,9.05,9.05,9.05,9.05,9.05,9.05,9.05,9.05,9.05,9.05,9.05,9.05,9.05,9.05,9.05,9.05,9.05,9.05,9.05,9.05,9.05
2020-10-28 00:00:00,8.6,8.61,8.62,8.63,8.63,8.63,8.64,8.64,8.64,8.64,8.64,8.64,8.65,8.65,8.65,8.65,8.65,8.65,8.65,8.65,8.65,8.65,8.65,8.65,8.65,8.65,8.65,8.66,8.66,8.66,8.66,8.66,8.66,8.66,8.66,8.66,8.66,8.66,8.66,8.66,8.66,8.66,8.66,8.66,8.66,8.66,8.66,8.66,8.66,8.66
2020-10-29 00:00:00,8.2,8.21,8.22,8.23,8.23,8.24,8.24,8.24,8.24,8.24,8.25,8.25,8.25,8.25,8.25,8.25,8.25,8.25,8.25,8.25,8.25,8.25,8.25,8.25,8.25,8.25,8.26,8.26,8.26,8.26,8.26,8.26,8.26,8.26,8.26,8.26,8.26,8.26,8.26,8.26,8.26,8.26,8.26,8.26,8.26,8.26,8.26,8.26,8.26,8.26
2020-10-30 00:00:00,7.89,7.9,7.91,7.92,7.92,7.93,7.93,7.93,7.93,7.94,7.94,7.94,7.94,7.94,7.94,7.94,7.94,7.94,7.95,7.95,7.95,7.95,7.95,7.95,7.95,7.95,7.95,7.95,7.95,7.95,7.95,7.95,7.95,7.95,7.95,7.95,7.95,7.95,7.95,7.95,7.95,7.95,7.95,7.95,7.95,7.95,7.95,7.95,7.95,7.95
2020-10-31 00:00:00,7.65,7.66,7.67,7.67,7.68,7.68,7.68,7.68,7.68,7.68,7.69,7.69,7.69,7.69,7.69,7.69,7.69,7.69,7.69,7.69,7.69,7.69,7.69,7.69,7.69,7.69,7.69,7.69,7.69,7.69,7.69,7.7,7.7,7.7,7.7,7.7,7.7,7.7,7.7,7.7,7.7,7.7,7.7,7.7,7.7,7.7,7.7,7.7,7.7,7.7
2020-11-01 00:00:00,7.4,7.4,7.41,7.41,7.41,7.42,7.42,7.42,7.42,7.42,7.42,7.42,7.42,7.42,7.42,7.42,7.42,7.42,7.43,7.43,7.43,7.43,7.43,7.43,7.43,7.43,7.43,7.43,7.43,7.43,7.43,7.43,7.43,7.43,7.43,7.43,7.43,7.43,7.43,7.43,7.43,7.43,7.43,7.43,7.43,7.43,7.43,7.43,7.43,7.43
2020-11-02 00:00:00,7.02,7.03,7.04,7.05,7.05,7.06,7.06,7.07,7.07,7.07,7.07,7.07,7.08,7.08,7.08,7.08,7.08,7.08,7.08,7.08,7.08,7.09,7.09,7.09,7.09,7.09,7.09,7.09,7.09,7.09,7.09,7.09,7.09,7.09,7.09,7.09,7.09,7.09,7.09,7.09,7.09,7.09,7.09,7.09,7.09,7.09,7.09,7.1,7.1,7.1
2020-11-03 00:00:00,6.61,6.61,6.63,6.63,6.64,6.64,6.65,6.65,6.65,6.65,6.65,6.65,6.66,6.66,6.66,6.66,6.66,6.66,6.66,6.66,6.66,6.66,6.66,6.66,6.66,6.66,6.66,6.67,6.67,6.67,6.67,6.67,6.67,6.67,6.67,6.67,6.67,6.67,6.67,6.67,6.67,6.67,6.67,6.67,6.67,6.67,6.67,6.67,6.67,6.67
2020-11-04 00:00:00,6.52,6.52,6.51,6.5,6.49,6.49,6.48,6.48,6.47,6.47,6.47,6.46,6.46,6.46,6.46,6.45,6.45,6.45,6.45,6.45,6.45,6.45,6.45,6.45,6.45,6.45,6.45,6.45,6.45,6.45,6.45,6.45,6.45,6.45,6.45,6.45,6.45,6.45,6.45,6.45,6.45,6.45,6.45,6.45,6.45,6.45,6.45,6.45,6.45,6.45
2020-11-05 00:00:00,6.58,6.57,6.55,6.53,6.52,6.51,6.5,6.49,6.48,6.48,6.47,6.47,6.47,6.47,6.46,6.46,6.46,6.46,6.46,6.45,6.45,6.45,6.45,6.45,6.45,6.45,6.45,6.45,6.45,6.45,6.45,6.44,6.44,6.44,6.44,6.44,6.44,6.44,6.44,6.44,6.44,6.44,6.44,6.44,6.44,6.44,6.44,6.44,6.44,6.44
2020-11-06 00:00:00,6.64,6.62,6.6,6.58,6.56,6.54,6.53,6.52,6.51,6.51,6.5,6.5,6.49,6.49,6.49,6.48,6.48,6.48,6.47,6.47,6.47,6.47,6.47,6.47,6.46,6.46,6.46,6.46,6.46,6.46,6.46,6.46,6.46,6.46,6.46,6.46,6.46,6.46,6.46,6.46,6.46,6.46,6.46,6.46,6.46,6.46,6.46,6.46,6.46,6.46
2020-11-07 00:00:00,6.7,6.68,6.65,6.62,6.59,6.58,6.56,6.55,6.55,6.54,6.53,6.53,6.52,6.52,6.51,6.51,6.51,6.5,6.5,6.5,6.49,6.49,6.49,6.49,6.48,6.48,6.48,6.48,6.48,6.48,6.48,6.47,6.47,6.47,6.47,6.47,6.47,6.47,6.47,6.47,6.47,6.47,6.47,6.47,6.47,6.47,6.47,6.47,6.47,6.47
2020-11-08 00:00:00,6.78,6.77,6.73,6.7,6.68,6.65,6.64,6.62,6.61,6.6,6.58,6.57,6.57,6.56,6.55,6.54,6.54,6.53,6.53,6.52,6.52,6.51,6.51,6.51,6.51,6.5,6.5,6.5,6.5,6.5,6.49,6.49,6.49,6.49,6.49,6.49,6.49,6.49,6.49,6.49,6.49,6.49,6.49,6.49,6.49,6.49,6.49,6.49,6.49,6.49
2020-11-09 00:00:00,6.89,6.86,6.81,6.76,6.73,6.71,6.69,6.67,6.66,6.65,6.63,6.62,6.61,6.6,6.59,6.58,6.57,6.57,6.56,6.55,6.55,6.54,6.54,6.54,6.53,6.53,6.53,6.52,6.52,6.52,6.52,6.52,6.51,6.51,6.51,6.51,6.51,6.51,6.51,6.51,6.51,6.51,6.51,6.51,6.51,6.51,6.51,6.51,6.51,6.51
2020-11-10 00:00:00,7.13,7.09,7.01,6.95,6.89,6.85,6.81,6.78,6.75,6.72,6.7,6.68,6.66,6.65,6.63,6.62,6.61,6.6,6.59,6.59,6.58,6.57,6.57,6.56,6.56,6.56,6.55,6.55,6.55,6.54,6.54,6.54,6.54,6.54,6.54,6.53,6.53,6.53,6.53,6.53,6.53,6.53,6.53,6.53,6.53,6.53,6.53,6.53,6.53,6.53
2020-11-11 00:00:00,7.21,7.19,7.13,7.08,7.03,6.98,6.94,6.9,6.86,6.82,6.79,6.76,6.74,6.72,6.7,6.68,6.66,6.65,6.64,6.63,6.62,6.61,6.6,6.6,6.59,6.59,6.58,6.58,6.57,6.57,6.57,6.57,6.56,6.56,6.56,6.56,6.56,6.56,6.56,6.56,6.56,6.56,6.56,6.56,6.56,6.56,6.56,6.56,6.56,6.56
2020-11-12 00:00:00,6.5,6.51,6.52,6.53,6.54,6.54,6.54,6.55,6.55,6.55,6.55,6.55,6.55,6.55,6.55,6.56,6.56,6.56,6.56,6.56,6.56,6.55,6.55,6.55,6.55,6.55,6.55,6.55,6.55,6.55,6.55,6.55,6.54,6.54,6.54,6.54,6.54,6.54,6.54,6.54,6.54,6.54,6.54,6.54,6.54,6.54,6.54,6.54,6.54,6.54
2020-11-13 00:00:00,6.29,6.3,6.31,6.31,6.32,6.32,6.32,6.32,6.32,6.32,6.32,6.32,6.32,6.32,6.32,6.32,6.32,6.32,6.32,6.32,6.32,6.32,6.32,6.32,6.32,6.32,6.32,6.32,6.32,6.32,6.32,6.32,6.32,6.32,6.32,6.32,6.32,6.32,6.32,6.32,6.32,6.33,6.33,6.33,6.33,6.33,6.33,6.33,6.33,6.33
2020-11-14 00:00:00,5.97,5.98,6,6.01,6.02,6.02,6.03,6.03,6.03,6.04,6.04,6.04,6.04,6.04,6.05,6.05,6.05,6.05,6.05,6.05,6.05,6.05,6.05,6.05,6.06,6.06,6.06,6.06,6.06,6.06,6.06,6.06,6.06,6.06,6.06,6.06,6.06,6.06,6.06,6.06,6.06,6.06,6.06,6.06,6.06,6.06,6.06,6.06,6.06,6.07
2020-11-15 00:00:00,5.63,5.64,5.65,5.65,5.66,5.66,5.66,5.66,5.67,5.67,5.67,5.67,5.67,5.67,5.67,5.67,5.67,5.67,5.68,5.68,5.68,5.68,5.68,5.68,5.68,5.68,5.68,5.68,5.68,5.68,5.68,5.68,5.68,5.68,5.68,5.68,5.68,5.68,5.68,5.68,5.68,5.68,5.68,5.68,5.68,5.68,5.68,5.68,5.68,5.68
2020-11-16 00:00:00,5.46,5.47,5.47,5.48,5.48,5.48,5.48,5.49,5.49,5.49,5.49,5.49,5.49,5.49,5.49,5.49,5.49,5.49,5.5,5.5,5.5,5.5,5.5,5.5,5.5,5.5,5.5,5.5,5.5,5.5,5.5,5.5,5.5,5.5,5.5,5.5,5.5,5.5,5.5,5.5,5.5,5.5,5.5,5.5,5.5,5.5,5.5,5.5,5.5,5.5
2020-11-17 00:00:00,5.12,5.13,5.14,5.15,5.16,5.16,5.17,5.17,5.17,5.17,5.17,5.18,5.18,5.18,5.18,5.18,5.18,5.18,5.18,5.19,5.19,5.19,5.19,5.19,5.19,5.19,5.19,5.19,5.19,5.19,5.19,5.19,5.19,5.19,5.19,5.19,5.19,5.19,5.19,5.2,5.2,5.2,5.2,5.2,5.2,5.2,5.2,5.2,5.2,5.2
2020-11-18 00:00:00,4.8,4.81,4.82,4.83,4.84,4.84,4.85,4.85,4.85,4.86,4.86,4.86,4.86,4.87,4.87,4.87,4.87,4.87,4.87,4.87,4.87,4.87,4.88,4.88,4.88,4.88,4.88,4.88,4.88,4.88,4.88,4.88,4.88,4.88,4.88,4.88,4.88,4.88,4.88,4.88,4.89,4.89,4.89,4.89,4.89,4.89,4.89,4.89,4.89,4.89
2020-11-19 00:00:00,4.57,4.58,4.59,4.59,4.6,4.6,4.6,4.61,4.61,4.61,4.61,4.61,4.61,4.61,4.61,4.62,4.62,4.62,4.62,4.62,4.62,4.62,4.62,4.62,4.62,4.62,4.62,4.62,4.62,4.62,4.62,4.62,4.62,4.62,4.62,4.62,4.62,4.63,4.63,4.63,4.63,4.63,4.63,4.63,4.63,4.63,4.63,4.63,4.63,4.63
2020-11-20 00:00:00,4.49,4.49,4.49,4.49,4.49,4.49,4.49,4.49,4.48,4.48,4.48,4.48,4.48,4.48,4.48,4.48,4.48,4.48,4.48,4.48,4.48,4.48,4.48,4.48,4.48,4.48,4.48,4.48,4.48,4.48,4.48,4.48,4.48,4.48,4.48,4.48,4.48,4.48,4.48,4.48,4.48,4.48,4.48,4.48,4.48,4.48,4.48,4.48,4.48,4.48
2020-11-21 00:00:00,4.44,4.45,4.45,4.46,4.46,4.46,4.46,4.46,4.46,4.46,4.46,4.47,4.47,4.47,4.47,4.47,4.47,4.47,4.47,4.47,4.47,4.47,4.47,4.47,4.47,4.47,4.47,4.47,4.47,4.47,4.47,4.47,4.47,4.47,4.47,4.47,4.47,4.47,4.47,4.47,4.47,4.47,4.47,4.47,4.47,4.47,4.47,4.47,4.47,4.47
