datetime,dens_0,dens_0.5,dens_1,dens_1.5,dens_2,dens_2.5,dens_3,dens_3.5,dens_4,dens_4.5,dens_5,dens_5.5,dens_6,dens_6.5,dens_7,dens_7.5,dens_8,dens_8.5,dens_9,dens_9.5,dens_10,dens_10.5,dens_11,dens_11.5,dens_12,dens_12.5,dens_13,dens_13.5,dens_14,dens_14.5,dens_15,dens_15.5,dens_16,dens_16.5,dens_17,dens_17.5,dens_18,dens_18.5,dens_19,dens_19.5,dens_20,dens_20.5,dens_21,dens_21.5,dens_22,dens_22.5,dens_23
2020-04-03 00:00:00,NA,NA,NA,NA,NA,NA,NA,NA,NA,NA,NA,NA,NA,NA,NA,NA,NA,NA,NA,NA,NA,NA,NA,NA,NA,NA,NA,NA,NA,NA,NA,NA,NA,NA,NA,NA,NA,NA,NA,NA,NA,NA,NA,NA,NA,NA,NA
2020-04-04 00:00:00,1000.03,1000.03,1000.03,1000.03,1000.03,1000.03,1000.03,1000.03,1000.03,1000.03,1000.03,1000.03,1000.03,1000.03,1000.03,1000.03,1000.03,1000.03,1000.03,1000.03,1000.03,1000.03,1000.03,1000.03,1000.03,1000.03,1000.03,1000.03,1000.03,1000.03,1000.03,1000.03,1000.03,1000.03,1000.03,1000.03,1000.03,1000.03,1000.03,1000.03,1000.03,1000.03,1000.03,1000.03,1000.03,1000.03,NA
2020-04-05 00:00:00,1000.02,1000.02,1000.02,1000.02,1000.02,1000.02,1000.02,1000.02,1000.02,1000.02,1000.02,1000.02,1000.02,1000.02,1000.02,1000.02,1000.02,1000.02,1000.02,1000.02,1000.02,1000.02,1000.02,1000.02,1000.02,1000.02,1000.02,1000.02,1000.02,1000.02,1000.02,1000.02,1000.02,1000.02,1000.02,1000.02,1000.02,1000.02,1000.02,1000.02,1000.02,1000.02,1000.02,1000.02,1000.02,1000.02,NA
2020-04-06 00:00:00,1000.02,1000.02,1000.02,1000.02,1000.02,1000.02,1000.02,1000.02,1000.02,1000.02,1000.02,1000.02,1000.02,1000.02,1000.02,1000.02,1000.02,1000.02,1000.02,1000.02,1000.02,1000.02,1000.02,1000.02,1000.02,1000.02,1000.02,1000.02,1000.02,1000.02,1000.02,1000.02,1000.02,1000.02,1000.02,1000.02,1000.02,1000.02,1000.03,1000.03,1000.03,1000.03,1000.03,1000.03,1000.03,1000.03,NA
2020-04-07 00:00:00,1000.02,1000.02,1000.02,1000.02,1000.02,1000.02,1000.02,1000.02,1000.02,1000.02,1000.02,1000.02,1000.02,1000.02,1000.02,1000.02,1000.02,1000.02,1000.02,1000.02,1000.02,1000.02,1000.02,1000.02,1000.02,1000.02,1000.02,1000.02,1000.02,1000.02,1000.02,1000.02,1000.02,1000.02,1000.02,1000.02,1000.02,1000.02,1000.02,1000.02,1000.02,1000.02,1000.02,1000.02,1000.02,1000.02,NA
2020-04-08 00:00:00,1000.01,1000.01,1000.01,1000.01,1000.01,1000.01,1000.01,1000.01,1000.01,1000.01,1000.01,1000.01,1000.01,1000.01,1000.01,1000.01,1000.01,1000.01,1000.01,1000.01,1000.01,1000.01,1000.01,1000.01,1000.01,1000.01,1000.01,1000.01,1000.01,1000.01,1000.01,1000.01,1000.01,1000.01,1000.01,1000.01,1000.01,1000.01,1000.01,1000.01,1000.01,1000.01,1000.01,1000.01,1000.02,1000.02,NA
2020-04-09 00:00:00,1000.01,1000.01,1000.01,1000.01,1000.01,1000.01,1000.01,1000.01,1000.01,1000.01,1000.01,1000.01,1000.01,1000.01,1000.01,1000.01,1000.01,1000.01,1000.01,1000.01,1000.01,1000.01,1000.01,1000.01,1000.01,1000.01,1000.01,1000.01,1000.01,1000.01,1000.01,1000.01,1000.01,1000.01,1000.01,1000.01,1000.01,1000.01,1000.01,1000.01,1000.01,1000.01,1000.01,1000.01,1000.01,1000.01,NA
2020-04-10 00:00:00,1000.01,1000.01,1000.01,1000.01,1000.01,1000.01,1000.01,1000.01,1000.01,1000.01,1000.01,1000.01,1000.01,1000.01,1000.01,1000.01,1000.01,1000.01,1000.01,1000.01,1000.01,1000.01,1000.01,1000.01,1000.01,1000.01,1000.01,1000.01,1000.01,1000.01,1000.01,1000.01,1000.01,1000.01,1000.01,1000.01,1000.01,1000.01,1000.01,1000.01,1000.01,1000.01,1000.01,1000.01,1000.01,1000.01,NA
2020-04-11 00:00:00,1000.01,1000.01,1000.01,1000.01,1000.01,1000.01,1000.01,1000.01,1000.01,1000.01,1000.01,1000.01,1000.01,1000.01,1000.01,1000.01,1000.01,1000.01,1000.01,1000.01,1000.01,1000.01,1000.01,1000.01,1000.01,1000.01,1000.01,1000.01,1000.01,1000.01,1000.01,1000.01,1000.01,1000.01,1000.01,1000.01,1000.01,1000.01,1000.01,1000.01,1000.01,1000.01,1000.01,1000.01,1000.01,1000.01,NA
2020-04-12 00:00:00,1000.01,1000.01,1000.01,1000.01,1000.01,1000.01,1000.01,1000.01,1000.01,1000.01,1000.01,1000.01,1000.01,1000.01,1000.01,1000.01,1000.01,1000.01,1000.01,1000.01,1000.01,1000.01,1000.01,1000.01,1000.01,1000.01,1000.01,1000.01,1000.01,1000.01,1000.01,1000.01,1000.01,1000.01,1000.01,1000.01,1000.01,1000.01,1000.01,1000.01,1000.01,1000.01,1000.01,1000.01,1000.01,1000.01,NA
2020-04-13 00:00:00,1000,1000,1000,1000,1000,1000,1000,1000,1000,1000,1000,1000,1000,1000,1000,1000,1000,1000,1000,1000,1000,1000,1000,1000,1000,1000,1000,1000,1000,1000,1000,1000,1000,1000,1000,1000,1000,1000,1000,1000,1000,1000,1000,1000,1000,1000,NA
2020-04-14 00:00:00,1000,1000,1000,1000,1000,1000,1000,1000,1000,1000,1000,1000,1000,1000,1000,1000,1000,1000,1000,1000,1000,1000,1000,1000,1000,1000,1000,1000,1000,1000,1000,1000,1000,1000,1000,1000,1000,1000,1000,1000,1000,1000,1000,1000,1000,1000,NA
2020-04-15 00:00:00,1000.01,1000.01,1000.01,1000.01,1000.01,1000.01,1000.01,1000.01,1000.01,1000.01,1000.01,1000.01,1000.01,1000.01,1000.01,1000.01,1000.01,1000.01,1000.01,1000.01,1000.01,1000.01,1000.01,1000.01,1000.01,1000.01,1000.01,1000.01,1000.01,1000.01,1000.01,1000.01,1000.01,1000.01,1000.01,1000.01,1000.01,1000.01,1000.01,1000.01,1000.01,1000.01,1000.01,1000.01,1000.01,1000.01,NA
2020-04-16 00:00:00,1000.01,1000.01,1000.01,1000.01,1000.01,1000.01,1000.01,1000.01,1000.01,1000.01,1000.01,1000.01,1000.01,1000.01,1000.01,1000.01,1000.01,1000.01,1000.01,1000.01,1000.01,1000.01,1000.01,1000.01,1000.01,1000.01,1000.01,1000.01,1000.01,1000.01,1000.01,1000.01,1000.01,1000.01,1000.01,1000.01,1000.01,1000.01,1000.01,1000.01,1000.01,1000.01,1000.01,1000.01,1000.01,1000.01,NA
2020-04-17 00:00:00,1000.01,1000.01,1000.01,1000.01,1000.01,1000.01,1000.01,1000.01,1000.01,1000.01,1000.01,1000.01,1000.01,1000.01,1000.01,1000.01,1000.01,1000.01,1000.01,1000.01,1000.01,1000.01,1000.01,1000.01,1000.01,1000.01,1000.01,1000.01,1000.01,1000.01,1000.01,1000.01,1000.01,1000.01,1000.01,1000.01,1000.01,1000.01,1000.01,1000.01,1000.01,1000.01,1000.01,1000.01,1000.01,1000.01,NA
2020-04-18 00:00:00,1000.01,1000.01,1000.01,1000.01,1000.01,1000.01,1000.01,1000.01,1000.01,1000.01,1000.01,1000.01,1000.01,1000.01,1000.01,1000.01,1000.01,1000.01,1000.01,1000.01,1000.01,1000.01,1000.01,1000.01,1000.01,1000.01,1000.01,1000.01,1000.01,1000.01,1000.01,1000.01,1000.01,1000.01,1000.01,1000.01,1000.01,1000.01,1000.01,1000.01,1000.01,1000.01,1000.01,1000.01,1000.01,1000.01,NA
2020-04-19 00:00:00,1000,1000,1000,1000,1000,1000,1000,1000,1000,1000,1000,1000,1000,1000,1000,1000,1000,1000,1000,1000,1000,1000,1000,1000,1000,1000,1000,1000,1000,1000,1000,1000,1000,1000,1000,1000,1000,1000,1000,1000,1000,1000,1000,1000,1000,1000,NA
2020-04-20 00:00:00,999.99,999.99,999.99,999.99,999.99,999.99,999.99,999.99,999.99,999.99,999.99,999.99,999.99,999.99,999.99,999.99,999.99,999.99,999.99,999.99,999.99,999.99,999.99,999.99,999.99,999.99,999.99,999.99,999.99,999.99,999.99,999.99,999.99,999.99,999.99,999.99,999.99,999.99,999.99,999.99,999.99,999.99,999.99,999.99,999.99,999.99,NA
2020-04-21 00:00:00,999.99,999.99,999.99,999.99,999.99,999.99,999.99,999.99,999.99,999.99,999.99,999.99,999.99,999.99,999.99,999.99,999.99,999.99,999.99,999.99,999.99,999.99,999.99,999.99,999.99,999.99,999.99,999.99,999.99,999.99,999.99,999.99,999.99,999.99,999.99,999.99,999.99,999.99,999.99,999.99,999.99,999.99,999.99,999.99,999.99,999.99,NA
2020-04-22 00:00:00,999.99,999.99,999.99,999.99,999.99,999.99,999.99,999.99,999.99,999.99,999.99,999.99,999.99,999.99,999.99,999.99,999.99,999.99,999.99,999.99,999.99,999.99,999.99,999.99,999.99,999.99,999.99,999.99,999.99,999.99,999.99,999.99,999.99,999.99,999.99,999.99,999.99,999.99,999.99,999.99,999.99,999.99,999.99,999.99,999.99,999.99,NA
2020-04-23 00:00:00,999.98,999.98,999.98,999.98,999.98,999.98,999.98,999.98,999.98,999.98,999.98,999.98,999.98,999.98,999.98,999.98,999.98,999.98,999.98,999.98,999.98,999.98,999.98,999.98,999.98,999.98,999.98,999.98,999.98,999.98,999.98,999.98,999.98,999.98,999.98,999.98,999.98,999.98,999.98,999.98,999.98,999.98,999.98,999.98,999.98,999.98,NA
2020-04-24 00:00:00,999.96,999.96,999.96,999.96,999.96,999.96,999.96,999.96,999.96,999.96,999.96,999.96,999.96,999.96,999.96,999.96,999.96,999.96,999.96,999.96,999.97,999.97,999.97,999.97,999.98,999.98,999.98,999.98,999.98,999.98,999.98,999.98,999.98,999.98,999.98,999.98,999.98,999.98,999.98,999.98,999.98,999.98,999.98,999.98,999.98,999.98,NA
2020-04-25 00:00:00,999.96,999.96,999.96,999.96,999.96,999.96,999.96,999.96,999.96,999.96,999.96,999.96,999.96,999.96,999.96,999.96,999.96,999.96,999.96,999.96,999.96,999.96,999.96,999.96,999.96,999.96,999.96,999.96,999.96,999.96,999.96,999.96,999.96,999.96,999.96,999.96,999.97,999.97,999.97,999.97,999.97,999.97,999.97,999.97,999.97,999.97,NA
2020-04-26 00:00:00,999.96,999.96,999.96,999.96,999.96,999.96,999.96,999.96,999.96,999.96,999.96,999.96,999.96,999.96,999.96,999.96,999.96,999.96,999.96,999.96,999.96,999.96,999.96,999.96,999.96,999.96,999.96,999.96,999.96,999.96,999.96,999.96,999.96,999.96,999.96,999.96,999.96,999.96,999.96,999.96,999.96,999.96,999.96,999.96,999.96,999.96,NA
2020-04-27 00:00:00,999.94,999.94,999.94,999.94,999.94,999.94,999.94,999.94,999.94,999.94,999.94,999.94,999.94,999.94,999.94,999.94,999.94,999.95,999.95,999.96,999.96,999.96,999.96,999.96,999.96,999.96,999.96,999.96,999.96,999.96,999.96,999.96,999.96,999.96,999.96,999.96,999.96,999.96,999.96,999.96,999.96,999.96,999.96,999.96,999.96,999.96,NA
2020-04-28 00:00:00,999.94,999.94,999.94,999.94,999.94,999.94,999.94,999.94,999.94,999.94,999.94,999.94,999.94,999.94,999.94,999.94,999.94,999.94,999.94,999.94,999.94,999.94,999.94,999.94,999.94,999.94,999.94,999.94,999.94,999.94,999.94,999.94,999.94,999.94,999.94,999.94,999.94,999.94,999.94,999.94,999.94,999.94,999.94,999.94,999.94,999.94,NA
2020-04-29 00:00:00,999.91,999.91,999.91,999.91,999.91,999.91,999.91,999.91,999.91,999.91,999.91,999.91,999.91,999.91,999.91,999.91,999.91,999.91,999.91,999.91,999.91,999.91,999.91,999.92,999.92,999.93,999.93,999.93,999.94,999.94,999.94,999.94,999.94,999.94,999.94,999.94,999.94,999.94,999.94,999.94,999.94,999.94,999.94,999.94,999.94,999.94,NA
2020-04-30 00:00:00,999.91,999.91,999.91,999.91,999.91,999.91,999.91,999.91,999.91,999.91,999.91,999.91,999.91,999.91,999.91,999.91,999.91,999.91,999.91,999.91,999.91,999.91,999.91,999.91,999.91,999.91,999.91,999.91,999.91,999.91,999.91,999.91,999.91,999.91,999.91,999.91,999.91,999.91,999.91,999.91,999.91,999.91,999.91,999.91,999.91,999.91,NA
2020-05-01 00:00:00,999.9,999.9,999.9,999.9,999.9,999.9,999.9,999.9,999.9,999.9,999.9,999.9,999.9,999.9,999.9,999.9,999.9,999.9,999.9,999.9,999.9,999.9,999.9,999.9,999.9,999.9,999.9,999.9,999.9,999.9,999.9,999.9,999.9,999.9,999.9,999.9,999.9,999.9,999.9,999.9,999.9,999.9,999.9,999.9,999.9,999.9,NA
2020-05-02 00:00:00,999.89,999.89,999.89,999.89,999.89,999.89,999.89,999.89,999.89,999.89,999.89,999.89,999.89,999.89,999.89,999.89,999.89,999.89,999.89,999.89,999.89,999.89,999.89,999.89,999.89,999.89,999.89,999.89,999.89,999.89,999.89,999.89,999.89,999.9,999.9,999.9,999.9,999.9,999.91,999.91,999.91,999.91,999.91,999.91,999.91,999.91,NA
2020-05-03 00:00:00,999.86,999.86,999.86,999.86,999.86,999.86,999.86,999.86,999.86,999.86,999.86,999.86,999.86,999.86,999.86,999.86,999.86,999.86,999.86,999.86,999.86,999.86,999.86,999.86,999.86,999.86,999.86,999.86,999.86,999.86,999.86,999.86,999.86,999.86,999.86,999.86,999.86,999.86,999.86,999.86,999.86,999.86,999.86,999.86,999.86,999.86,NA
2020-05-04 00:00:00,999.84,999.84,999.84,999.84,999.84,999.84,999.84,999.84,999.84,999.84,999.84,999.84,999.84,999.84,999.84,999.84,999.84,999.84,999.84,999.84,999.84,999.84,999.84,999.84,999.84,999.84,999.84,999.84,999.84,999.84,999.84,999.84,999.84,999.84,999.84,999.84,999.84,999.84,999.84,999.84,999.84,999.84,999.84,999.84,999.84,999.84,NA
2020-05-05 00:00:00,999.83,999.83,999.83,999.83,999.83,999.83,999.83,999.83,999.83,999.83,999.83,999.83,999.83,999.83,999.83,999.83,999.83,999.83,999.83,999.83,999.83,999.83,999.83,999.83,999.83,999.83,999.83,999.83,999.83,999.83,999.83,999.83,999.83,999.83,999.83,999.83,999.83,999.83,999.83,999.83,999.83,999.83,999.83,999.83,999.83,999.83,NA
2020-05-06 00:00:00,999.82,999.82,999.82,999.82,999.82,999.82,999.82,999.82,999.82,999.82,999.82,999.82,999.82,999.82,999.82,999.82,999.82,999.82,999.82,999.82,999.82,999.82,999.82,999.82,999.82,999.82,999.82,999.82,999.82,999.82,999.82,999.82,999.82,999.82,999.82,999.82,999.82,999.82,999.82,999.82,999.82,999.82,999.82,999.83,999.83,999.84,NA
2020-05-07 00:00:00,999.8,999.8,999.8,999.8,999.8,999.8,999.8,999.8,999.8,999.8,999.8,999.8,999.8,999.8,999.8,999.8,999.8,999.8,999.8,999.8,999.8,999.8,999.8,999.8,999.8,999.8,999.8,999.8,999.8,999.8,999.81,999.81,999.82,999.82,999.82,999.83,999.83,999.83,999.83,999.83,999.83,999.83,999.83,999.83,999.83,999.83,NA
2020-05-08 00:00:00,999.79,999.79,999.79,999.79,999.79,999.79,999.79,999.79,999.79,999.79,999.79,999.79,999.79,999.79,999.79,999.79,999.79,999.79,999.79,999.79,999.79,999.79,999.79,999.79,999.79,999.79,999.79,999.79,999.79,999.79,999.79,999.79,999.79,999.79,999.79,999.79,999.79,999.79,999.79,999.79,999.79,999.79,999.79,999.79,999.79,999.79,NA
2020-05-09 00:00:00,999.8,999.8,999.8,999.8,999.8,999.8,999.8,999.8,999.8,999.8,999.8,999.8,999.8,999.8,999.8,999.8,999.8,999.8,999.8,999.8,999.8,999.8,999.8,999.8,999.8,999.8,999.8,999.8,999.8,999.8,999.8,999.8,999.8,999.8,999.8,999.8,999.8,999.8,999.8,999.8,999.8,999.8,999.8,999.8,999.8,999.8,NA
2020-05-10 00:00:00,999.8,999.8,999.8,999.8,999.8,999.8,999.8,999.8,999.8,999.8,999.8,999.8,999.8,999.8,999.8,999.8,999.8,999.8,999.8,999.8,999.8,999.8,999.8,999.8,999.8,999.8,999.8,999.8,999.8,999.8,999.8,999.8,999.8,999.8,999.8,999.8,999.8,999.8,999.8,999.8,999.8,999.8,999.8,999.8,999.8,999.81,NA
2020-05-11 00:00:00,999.8,999.8,999.8,999.8,999.8,999.8,999.8,999.8,999.8,999.8,999.8,999.8,999.8,999.8,999.8,999.8,999.8,999.8,999.8,999.8,999.8,999.8,999.8,999.8,999.8,999.8,999.8,999.8,999.8,999.8,999.8,999.8,999.8,999.8,999.8,999.8,999.8,999.8,999.8,999.8,999.8,999.8,999.8,999.8,999.8,999.8,NA
2020-05-12 00:00:00,999.79,999.79,999.79,999.79,999.79,999.79,999.79,999.79,999.79,999.79,999.79,999.79,999.79,999.79,999.79,999.79,999.79,999.79,999.79,999.79,999.79,999.79,999.79,999.79,999.79,999.79,999.79,999.79,999.79,999.79,999.79,999.79,999.79,999.79,999.79,999.79,999.79,999.79,999.79,999.79,999.79,999.79,999.79,999.79,999.8,999.81,NA
2020-05-13 00:00:00,999.78,999.78,999.78,999.78,999.78,999.78,999.78,999.78,999.78,999.78,999.78,999.78,999.78,999.78,999.78,999.78,999.78,999.78,999.78,999.78,999.78,999.78,999.78,999.78,999.78,999.78,999.78,999.78,999.79,999.79,999.8,999.8,999.8,999.8,999.8,999.8,999.8,999.8,999.8,999.8,999.8,999.8,999.8,999.8,999.8,999.8,NA
2020-05-14 00:00:00,999.77,999.77,999.77,999.77,999.77,999.77,999.77,999.77,999.77,999.77,999.77,999.77,999.77,999.77,999.77,999.77,999.77,999.77,999.77,999.77,999.77,999.77,999.77,999.77,999.77,999.77,999.77,999.77,999.77,999.77,999.77,999.77,999.77,999.77,999.77,999.77,999.77,999.77,999.77,999.77,999.77,999.77,999.77,999.77,999.77,999.77,NA
2020-05-15 00:00:00,999.72,999.72,999.72,999.72,999.73,999.73,999.73,999.73,999.73,999.73,999.73,999.73,999.73,999.73,999.73,999.73,999.73,999.73,999.73,999.73,999.73,999.73,999.73,999.73,999.73,999.73,999.73,999.73,999.73,999.73,999.73,999.74,999.74,999.75,999.75,999.76,999.76,999.76,999.76,999.76,999.76,999.76,999.76,999.76,999.76,999.76,NA
2020-05-16 00:00:00,999.67,999.67,999.67,999.67,999.67,999.67,999.67,999.67,999.67,999.67,999.67,999.67,999.67,999.67,999.67,999.67,999.67,999.68,999.69,999.69,999.7,999.7,999.71,999.72,999.73,999.73,999.73,999.73,999.73,999.73,999.73,999.73,999.74,999.75,999.75,999.76,999.76,999.76,999.76,999.76,999.76,999.76,999.76,999.76,999.76,999.76,NA
2020-05-17 00:00:00,999.65,999.65,999.65,999.65,999.65,999.65,999.65,999.65,999.65,999.65,999.65,999.65,999.65,999.65,999.65,999.65,999.65,999.65,999.65,999.65,999.65,999.65,999.65,999.65,999.65,999.65,999.65,999.65,999.65,999.65,999.65,999.65,999.66,999.68,999.7,999.73,999.75,999.76,999.76,999.76,999.76,999.76,999.76,999.76,999.76,999.76,NA
2020-05-18 00:00:00,999.63,999.63,999.63,999.63,999.63,999.63,999.63,999.63,999.63,999.63,999.63,999.63,999.63,999.63,999.63,999.63,999.63,999.63,999.63,999.63,999.63,999.63,999.63,999.63,999.63,999.63,999.63,999.64,999.64,999.64,999.64,999.64,999.65,999.65,999.65,999.65,999.65,999.65,999.65,999.65,999.66,999.66,999.67,999.69,999.72,999.75,NA
2020-05-19 00:00:00,999.63,999.63,999.63,999.63,999.63,999.63,999.63,999.63,999.63,999.63,999.63,999.63,999.63,999.63,999.63,999.63,999.63,999.63,999.63,999.63,999.63,999.63,999.63,999.63,999.63,999.63,999.63,999.63,999.63,999.63,999.63,999.63,999.63,999.63,999.63,999.63,999.63,999.63,999.63,999.63,999.63,999.63,999.63,999.64,999.67,999.71,NA
2020-05-20 00:00:00,999.62,999.62,999.62,999.62,999.62,999.62,999.62,999.62,999.62,999.62,999.62,999.62,999.62,999.62,999.62,999.62,999.62,999.62,999.62,999.62,999.62,999.62,999.62,999.62,999.62,999.62,999.62,999.62,999.62,999.62,999.62,999.62,999.62,999.62,999.62,999.62,999.62,999.62,999.62,999.62,999.62,999.62,999.62,999.62,999.64,999.67,NA
2020-05-21 00:00:00,999.57,999.57,999.57,999.57,999.57,999.57,999.57,999.57,999.57,999.57,999.57,999.57,999.57,999.57,999.57,999.57,999.57,999.57,999.57,999.57,999.57,999.57,999.57,999.57,999.57,999.57,999.57,999.57,999.57,999.57,999.57,999.57,999.58,999.59,999.59,999.61,999.62,999.62,999.62,999.62,999.62,999.62,999.62,999.62,999.63,999.65,NA
2020-05-22 00:00:00,999.54,999.54,999.54,999.54,999.54,999.54,999.54,999.54,999.54,999.54,999.54,999.54,999.54,999.54,999.54,999.54,999.54,999.54,999.54,999.54,999.54,999.54,999.54,999.54,999.54,999.54,999.54,999.54,999.54,999.54,999.54,999.54,999.54,999.55,999.57,999.58,999.58,999.58,999.59,999.59,999.59,999.6,999.61,999.61,999.63,999.65,NA
2020-05-23 00:00:00,999.49,999.49,999.49,999.49,999.49,999.49,999.49,999.49,999.49,999.49,999.49,999.49,999.49,999.49,999.49,999.49,999.49,999.49,999.49,999.49,999.49,999.49,999.49,999.5,999.5,999.51,999.51,999.52,999.54,999.54,999.54,999.54,999.54,999.55,999.55,999.55,999.55,999.56,999.56,999.57,999.58,999.59,999.6,999.61,999.63,999.64,NA
2020-05-24 00:00:00,999.46,999.46,999.46,999.46,999.46,999.46,999.46,999.46,999.46,999.46,999.46,999.46,999.46,999.46,999.46,999.46,999.46,999.46,999.46,999.46,999.46,999.46,999.46,999.46,999.46,999.46,999.46,999.46,999.46,999.46,999.46,999.46,999.47,999.48,999.48,999.49,999.51,999.53,999.54,999.55,999.57,999.58,999.59,999.6,999.62,999.63,NA
2020-05-25 00:00:00,999.39,999.39,999.39,999.39,999.39,999.39,999.39,999.39,999.39,999.39,999.39,999.39,999.39,999.39,999.39,999.39,999.39,999.39,999.39,999.39,999.39,999.39,999.39,999.4,999.43,999.44,999.46,999.47,999.47,999.47,999.47,999.47,999.47,999.47,999.48,999.49,999.51,999.52,999.54,999.55,999.57,999.58,999.59,999.6,999.62,999.63,NA
2020-05-26 00:00:00,999.32,999.32,999.32,999.32,999.32,999.32,999.32,999.32,999.32,999.32,999.32,999.32,999.32,999.32,999.32,999.32,999.32,999.32,999.32,999.32,999.33,999.35,999.37,999.39,999.4,999.41,999.41,999.41,999.41,999.41,999.41,999.42,999.42,999.43,999.44,999.45,999.46,999.48,999.49,999.51,999.53,999.55,999.57,999.59,999.61,999.63,NA
2020-05-27 00:00:00,999.24,999.24,999.24,999.24,999.24,999.24,999.24,999.24,999.24,999.24,999.24,999.24,999.24,999.24,999.24,999.24,999.24,999.24,999.24,999.24,999.24,999.24,999.28,999.37,999.4,999.4,999.41,999.41,999.41,999.41,999.41,999.42,999.42,999.43,999.44,999.45,999.46,999.47,999.49,999.5,999.52,999.54,999.56,999.58,999.6,999.62,NA
2020-05-28 00:00:00,999.1,999.1,999.1,999.1,999.1,999.1,999.1,999.1,999.1,999.1,999.1,999.1,999.14,999.22,999.23,999.23,999.23,999.23,999.24,999.24,999.24,999.25,999.29,999.36,999.39,999.4,999.41,999.41,999.41,999.41,999.41,999.42,999.42,999.43,999.44,999.45,999.46,999.47,999.49,999.5,999.52,999.54,999.55,999.58,999.6,999.62,NA
2020-05-29 00:00:00,999.07,999.07,999.07,999.07,999.07,999.07,999.07,999.07,999.07,999.07,999.07,999.07,999.07,999.07,999.07,999.12,999.22,999.23,999.23,999.24,999.24,999.25,999.29,999.35,999.39,999.4,999.4,999.41,999.41,999.41,999.41,999.42,999.42,999.43,999.44,999.45,999.46,999.47,999.48,999.5,999.52,999.54,999.55,999.57,999.6,999.61,NA
2020-05-30 00:00:00,999.06,999.06,999.06,999.06,999.06,999.06,999.06,999.06,999.06,999.06,999.06,999.06,999.06,999.06,999.06,999.06,999.06,999.06,999.07,999.07,999.09,999.2,999.29,999.34,999.38,999.39,999.4,999.41,999.41,999.41,999.41,999.42,999.42,999.43,999.43,999.44,999.45,999.47,999.48,999.5,999.51,999.53,999.54,999.56,999.59,999.61,NA
2020-05-31 00:00:00,999.04,999.04,999.04,999.04,999.04,999.04,999.04,999.04,999.04,999.04,999.04,999.04,999.04,999.04,999.04,999.04,999.05,999.08,999.09,999.09,999.09,999.13,999.27,999.34,999.37,999.39,999.4,999.4,999.41,999.41,999.41,999.42,999.42,999.43,999.43,999.44,999.45,999.46,999.48,999.49,999.51,999.52,999.54,999.56,999.58,999.6,NA
2020-06-01 00:00:00,998.97,998.97,998.97,998.97,998.97,998.97,998.97,998.97,998.97,998.97,998.99,999.03,999.05,999.05,999.05,999.06,999.06,999.06,999.07,999.08,999.09,999.13,999.26,999.34,999.37,999.39,999.4,999.4,999.41,999.41,999.41,999.42,999.42,999.43,999.43,999.44,999.45,999.46,999.48,999.49,999.51,999.52,999.54,999.56,999.58,999.6,NA
2020-06-02 00:00:00,999.1,999.1,999.1,999.1,999.1,999.1,999.1,999.1,999.1,999.1,999.1,999.1,999.1,999.1,999.1,999.1,999.1,999.1,999.1,999.1,999.1,999.1,999.1,999.1,999.1,999.1,999.1,999.1,999.1,999.1,999.1,999.1,999.18,999.26,999.33,999.41,999.44,999.46,999.47,999.48,999.49,999.51,999.52,999.54,999.57,999.59,NA
2020-06-03 00:00:00,998.97,998.97,998.97,998.97,998.97,998.97,998.97,998.97,998.97,998.97,998.97,998.97,998.97,998.97,998.97,998.97,998.97,998.97,998.98,999.06,999.09,999.09,999.1,999.1,999.1,999.1,999.1,999.1,999.1,999.1,999.11,999.12,999.18,999.25,999.33,999.4,999.43,999.45,999.46,999.48,999.49,999.5,999.52,999.54,999.56,999.58,NA
2020-06-04 00:00:00,998.82,998.82,998.82,998.82,998.82,998.82,998.82,998.82,998.82,998.82,998.82,998.82,998.82,998.82,998.85,998.94,998.96,998.96,998.98,999.04,999.09,999.09,999.09,999.09,999.1,999.1,999.1,999.1,999.1,999.1,999.11,999.12,999.18,999.25,999.33,999.4,999.43,999.45,999.46,999.48,999.49,999.5,999.52,999.54,999.56,999.58,NA
2020-06-05 00:00:00,998.57,998.57,998.57,998.61,998.69,998.73,998.77,998.79,998.81,998.82,998.83,998.84,998.85,998.85,998.86,998.86,998.86,998.86,998.86,998.91,999.06,999.09,999.09,999.09,999.09,999.09,999.1,999.1,999.1,999.1,999.11,999.12,999.18,999.25,999.33,999.4,999.43,999.45,999.46,999.47,999.49,999.5,999.51,999.54,999.56,999.58,NA
2020-06-06 00:00:00,998.6,998.6,998.6,998.6,998.6,998.6,998.6,998.6,998.6,998.6,998.6,998.6,998.6,998.6,998.8,998.85,998.85,998.85,998.86,998.92,999.04,999.08,999.09,999.09,999.09,999.09,999.09,999.1,999.1,999.1,999.11,999.12,999.18,999.25,999.33,999.39,999.43,999.45,999.46,999.47,999.49,999.5,999.51,999.53,999.56,999.58,NA
2020-06-07 00:00:00,998.49,998.49,998.49,998.49,998.49,998.49,998.49,998.49,998.49,998.49,998.52,998.58,998.6,998.61,998.7,998.83,998.84,998.85,998.86,998.92,999.03,999.07,999.09,999.09,999.09,999.09,999.09,999.09,999.1,999.1,999.11,999.12,999.18,999.25,999.33,999.39,999.43,999.45,999.46,999.47,999.48,999.5,999.51,999.53,999.56,999.58,NA
2020-06-08 00:00:00,998.52,998.52,998.52,998.52,998.52,998.52,998.52,998.52,998.52,998.52,998.52,998.52,998.52,998.52,998.52,998.52,998.52,998.52,998.66,998.9,999.02,999.06,999.08,999.08,999.09,999.09,999.09,999.09,999.1,999.1,999.11,999.13,999.18,999.25,999.33,999.39,999.42,999.44,999.46,999.47,999.48,999.49,999.5,999.53,999.55,999.57,NA
2020-06-09 00:00:00,998.4,998.4,998.4,998.4,998.4,998.4,998.4,998.4,998.4,998.4,998.4,998.4,998.41,998.41,998.45,998.5,998.53,998.55,998.67,998.88,999.02,999.05,999.07,999.08,999.08,999.09,999.09,999.09,999.1,999.1,999.11,999.13,999.18,999.25,999.32,999.38,999.42,999.44,999.45,999.47,999.48,999.49,999.5,999.52,999.55,999.57,NA
2020-06-10 00:00:00,998.37,998.37,998.37,998.37,998.37,998.37,998.37,998.37,998.37,998.37,998.37,998.37,998.37,998.37,998.37,998.38,998.38,998.38,998.38,998.65,998.92,999.03,999.06,999.07,999.08,999.08,999.09,999.09,999.1,999.11,999.12,999.13,999.18,999.24,999.31,999.37,999.4,999.43,999.44,999.46,999.47,999.48,999.49,999.51,999.53,999.55,NA
2020-06-11 00:00:00,998.34,998.34,998.34,998.34,998.34,998.34,998.34,998.34,998.34,998.34,998.34,998.34,998.34,998.34,998.34,998.34,998.34,998.34,998.34,998.51,998.91,999.01,999.05,999.07,999.08,999.08,999.09,999.09,999.1,999.11,999.12,999.14,999.18,999.24,999.3,999.36,999.4,999.42,999.44,999.45,999.46,999.47,999.48,999.5,999.52,999.54,NA
2020-06-12 00:00:00,998.32,998.32,998.32,998.32,998.32,998.32,998.32,998.32,998.32,998.32,998.32,998.32,998.32,998.32,998.32,998.32,998.32,998.32,998.32,998.46,998.82,998.99,999.04,999.06,999.07,999.08,999.08,999.09,999.1,999.11,999.12,999.14,999.18,999.24,999.3,999.35,999.39,999.41,999.43,999.44,999.45,999.46,999.47,999.49,999.51,999.53,NA
2020-06-13 00:00:00,998.19,998.19,998.19,998.19,998.19,998.19,998.19,998.19,998.21,998.27,998.31,998.32,998.33,998.34,998.34,998.34,998.35,998.35,998.35,998.43,998.81,998.99,999.04,999.06,999.07,999.08,999.08,999.09,999.1,999.11,999.12,999.14,999.18,999.23,999.3,999.35,999.39,999.41,999.43,999.44,999.45,999.46,999.47,999.49,999.51,999.53,NA
2020-06-14 00:00:00,998.3,998.3,998.3,998.3,998.3,998.3,998.3,998.3,998.3,998.3,998.3,998.3,998.3,998.3,998.3,998.3,998.3,998.3,998.3,998.3,998.42,998.89,999.04,999.06,999.07,999.08,999.08,999.09,999.1,999.11,999.12,999.14,999.18,999.23,999.29,999.35,999.38,999.41,999.43,999.44,999.45,999.46,999.47,999.49,999.51,999.52,NA
2020-06-15 00:00:00,998.33,998.33,998.33,998.33,998.33,998.33,998.33,998.33,998.33,998.33,998.33,998.33,998.33,998.33,998.33,998.33,998.33,998.33,998.33,998.34,998.44,998.85,999.02,999.06,999.07,999.08,999.08,999.09,999.09,999.1,999.12,999.14,999.18,999.23,999.29,999.34,999.38,999.4,999.42,999.44,999.45,999.45,999.46,999.48,999.5,999.52,NA
2020-06-16 00:00:00,998.32,998.32,998.32,998.32,998.32,998.32,998.32,998.32,998.32,998.32,998.32,998.32,998.32,998.32,998.32,998.32,998.32,998.34,998.36,998.37,998.45,998.84,999.01,999.06,999.07,999.08,999.08,999.09,999.09,999.1,999.12,999.14,999.18,999.23,999.29,999.34,999.38,999.4,999.42,999.43,999.44,999.45,999.46,999.48,999.5,999.51,NA
2020-06-17 00:00:00,998.27,998.27,998.27,998.27,998.27,998.27,998.27,998.27,998.27,998.27,998.27,998.27,998.27,998.27,998.27,998.27,998.31,998.35,998.36,998.36,998.43,998.82,999.01,999.05,999.07,999.08,999.08,999.09,999.09,999.1,999.12,999.14,999.18,999.23,999.29,999.34,999.37,999.4,999.42,999.43,999.44,999.45,999.46,999.47,999.49,999.51,NA
2020-06-18 00:00:00,998.23,998.23,998.23,998.23,998.23,998.23,998.23,998.23,998.23,998.23,998.23,998.23,998.23,998.23,998.23,998.23,998.23,998.23,998.23,998.23,998.26,998.75,998.99,999.05,999.07,999.08,999.08,999.09,999.09,999.1,999.12,999.14,999.18,999.23,999.29,999.34,999.37,999.39,999.41,999.43,999.44,999.45,999.45,999.47,999.49,999.51,NA
2020-06-19 00:00:00,998.17,998.17,998.17,998.17,998.17,998.17,998.17,998.17,998.17,998.17,998.17,998.17,998.17,998.17,998.17,998.17,998.17,998.17,998.17,998.17,998.2,998.42,998.94,999.04,999.07,999.08,999.08,999.09,999.09,999.1,999.12,999.14,999.18,999.23,999.28,999.33,999.37,999.39,999.41,999.42,999.43,999.44,999.45,999.47,999.49,999.5,NA
2020-06-20 00:00:00,997.95,997.95,997.95,997.95,997.95,997.95,997.98,998.08,998.13,998.15,998.16,998.17,998.17,998.18,998.18,998.19,998.19,998.19,998.19,998.19,998.19,998.29,998.91,999.04,999.07,999.07,999.08,999.09,999.09,999.1,999.12,999.14,999.18,999.23,999.28,999.33,999.37,999.39,999.41,999.42,999.43,999.44,999.45,999.47,999.48,999.5,NA
2020-06-21 00:00:00,997.99,997.99,997.99,997.99,997.99,997.99,997.99,997.99,997.99,997.99,997.99,997.99,997.99,997.99,998.07,998.18,998.18,998.18,998.19,998.19,998.19,998.31,998.89,999.04,999.07,999.07,999.08,999.09,999.09,999.1,999.12,999.14,999.18,999.23,999.28,999.33,999.36,999.39,999.41,999.42,999.43,999.44,999.45,999.47,999.48,999.5,NA
2020-06-22 00:00:00,997.95,997.95,997.95,997.95,997.95,997.95,997.95,997.95,997.95,997.95,997.95,997.95,997.95,997.95,997.95,997.95,997.95,997.95,998,998.17,998.19,998.34,998.87,999.03,999.06,999.07,999.08,999.09,999.09,999.1,999.12,999.14,999.18,999.23,999.28,999.33,999.36,999.39,999.41,999.42,999.43,999.44,999.45,999.46,999.48,999.5,NA
2020-06-23 00:00:00,997.93,997.93,997.93,997.93,997.93,997.93,997.93,997.93,997.93,997.93,997.93,997.93,997.93,997.93,997.93,997.93,997.94,997.98,997.98,997.99,997.99,998.27,998.84,999.03,999.06,999.07,999.08,999.09,999.09,999.1,999.12,999.14,999.18,999.23,999.28,999.33,999.36,999.39,999.41,999.42,999.43,999.44,999.45,999.46,999.48,999.5,NA
2020-06-24 00:00:00,997.97,997.97,997.97,997.97,997.97,997.97,997.97,997.97,997.97,997.97,997.97,997.97,997.97,997.97,997.97,997.97,997.97,997.97,997.97,997.97,997.97,998.19,998.75,999.01,999.06,999.07,999.08,999.09,999.09,999.1,999.12,999.14,999.18,999.22,999.28,999.32,999.36,999.38,999.4,999.42,999.43,999.43,999.44,999.46,999.48,999.49,NA
2020-06-25 00:00:00,997.97,997.97,997.97,997.97,997.97,997.97,997.97,997.97,997.97,997.97,997.97,997.97,997.97,997.97,997.97,997.97,997.97,997.97,997.99,998.01,998.02,998.13,998.74,999.01,999.06,999.07,999.08,999.09,999.09,999.1,999.12,999.14,999.17,999.22,999.28,999.32,999.36,999.38,999.4,999.41,999.42,999.43,999.44,999.46,999.47,999.49,NA
2020-06-26 00:00:00,997.92,997.92,997.92,997.92,997.92,997.92,997.92,997.92,997.92,997.92,997.92,997.92,997.92,997.92,997.92,997.92,997.92,997.92,997.92,997.96,998,998.12,998.73,999,999.06,999.07,999.08,999.09,999.09,999.1,999.12,999.14,999.17,999.22,999.27,999.32,999.35,999.38,999.4,999.41,999.42,999.43,999.44,999.46,999.47,999.49,NA
2020-06-27 00:00:00,997.86,997.86,997.86,997.86,997.86,997.86,997.86,997.86,997.86,997.86,997.86,997.86,997.86,997.86,997.86,997.86,997.86,997.86,997.91,997.95,997.98,998.14,998.7,998.99,999.06,999.07,999.08,999.09,999.09,999.1,999.12,999.13,999.17,999.22,999.27,999.32,999.35,999.38,999.39,999.41,999.42,999.43,999.44,999.45,999.47,999.48,NA
2020-06-28 00:00:00,997.6,997.6,997.6,997.6,997.6,997.62,997.72,997.8,997.81,997.83,997.84,997.85,997.86,997.86,997.87,997.87,997.87,997.87,997.88,997.88,997.93,998.14,998.7,998.98,999.05,999.07,999.08,999.09,999.09,999.1,999.12,999.13,999.17,999.22,999.27,999.32,999.35,999.37,999.39,999.41,999.42,999.43,999.44,999.45,999.47,999.48,NA
2020-06-29 00:00:00,997.66,997.66,997.66,997.66,997.66,997.66,997.66,997.66,997.66,997.66,997.66,997.66,997.66,997.66,997.66,997.66,997.66,997.66,997.66,997.66,997.76,998.05,998.69,998.98,999.05,999.07,999.08,999.09,999.09,999.1,999.11,999.13,999.17,999.22,999.27,999.32,999.35,999.37,999.39,999.41,999.42,999.43,999.43,999.45,999.47,999.48,NA
2020-06-30 00:00:00,997.57,997.57,997.57,997.57,997.57,997.57,997.57,997.57,997.57,997.57,997.57,997.57,997.6,997.64,997.65,997.65,997.66,997.67,997.68,997.69,997.7,997.81,998.39,998.95,999.05,999.07,999.08,999.09,999.09,999.1,999.11,999.13,999.17,999.22,999.27,999.31,999.35,999.37,999.39,999.41,999.42,999.42,999.43,999.45,999.46,999.48,NA
2020-07-01 00:00:00,997.43,997.43,997.43,997.43,997.43,997.43,997.43,997.43,997.43,997.43,997.43,997.43,997.43,997.43,997.43,997.63,997.65,997.66,997.67,997.68,997.7,997.82,998.39,998.94,999.05,999.07,999.08,999.09,999.09,999.1,999.11,999.13,999.17,999.22,999.27,999.31,999.34,999.37,999.39,999.4,999.41,999.42,999.43,999.45,999.46,999.48,NA
2020-07-02 00:00:00,997.28,997.28,997.28,997.28,997.28,997.28,997.28,997.28,997.28,997.28,997.28,997.28,997.32,997.41,997.45,997.6,997.64,997.66,997.66,997.68,997.7,997.82,998.4,998.94,999.04,999.07,999.08,999.09,999.09,999.1,999.11,999.13,999.17,999.21,999.26,999.31,999.34,999.37,999.39,999.4,999.41,999.42,999.43,999.45,999.46,999.48,NA
2020-07-03 00:00:00,997.07,997.07,997.07,997.08,997.1,997.14,997.17,997.2,997.22,997.24,997.26,997.27,997.28,997.28,997.32,997.55,997.63,997.65,997.66,997.67,997.69,997.82,998.4,998.94,999.04,999.07,999.08,999.08,999.09,999.1,999.11,999.13,999.17,999.21,999.26,999.31,999.34,999.37,999.39,999.4,999.41,999.42,999.43,999.45,999.46,999.48,NA
2020-07-04 00:00:00,996.86,996.86,996.86,996.88,996.92,996.97,997.02,997.08,997.13,997.18,997.21,997.23,997.24,997.25,997.31,997.53,997.62,997.64,997.65,997.66,997.69,997.82,998.4,998.93,999.04,999.07,999.08,999.08,999.09,999.1,999.11,999.13,999.17,999.21,999.26,999.31,999.34,999.37,999.39,999.4,999.41,999.42,999.43,999.45,999.46,999.48,NA
2020-07-05 00:00:00,996.69,996.69,996.69,996.71,996.74,996.8,996.87,996.96,997.04,997.11,997.15,997.19,997.21,997.23,997.3,997.52,997.61,997.63,997.64,997.66,997.68,997.82,998.4,998.93,999.04,999.07,999.08,999.08,999.09,999.1,999.11,999.13,999.17,999.21,999.26,999.31,999.34,999.37,999.39,999.4,999.41,999.42,999.43,999.45,999.46,999.48,NA
2020-07-06 00:00:00,996.52,996.52,996.52,996.52,996.52,996.61,996.72,996.84,996.95,997.04,997.1,997.15,997.18,997.2,997.28,997.5,997.6,997.62,997.64,997.65,997.68,997.82,998.4,998.93,999.04,999.06,999.07,999.08,999.09,999.1,999.11,999.13,999.17,999.21,999.26,999.31,999.34,999.37,999.39,999.4,999.41,999.42,999.43,999.45,999.46,999.48,NA
2020-07-07 00:00:00,996.56,996.56,996.56,996.56,996.56,996.56,996.56,996.56,996.72,996.97,997.02,997.1,997.15,997.18,997.27,997.48,997.58,997.61,997.63,997.64,997.68,997.83,998.41,998.92,999.03,999.06,999.07,999.08,999.09,999.1,999.11,999.13,999.17,999.21,999.26,999.31,999.34,999.37,999.39,999.4,999.41,999.42,999.43,999.45,999.46,999.48,NA
2020-07-08 00:00:00,996.46,996.46,996.46,996.46,996.46,996.46,996.46,996.46,996.53,996.69,996.97,997.06,997.12,997.16,997.26,997.46,997.57,997.61,997.62,997.64,997.67,997.83,998.41,998.92,999.03,999.06,999.07,999.08,999.09,999.1,999.11,999.13,999.17,999.21,999.26,999.31,999.34,999.37,999.39,999.4,999.41,999.42,999.43,999.45,999.46,999.48,NA
2020-07-09 00:00:00,996.6,996.6,996.6,996.6,996.6,996.6,996.6,996.6,996.6,996.6,996.6,996.6,996.6,996.6,997.12,997.44,997.56,997.6,997.61,997.63,997.67,997.84,998.42,998.91,999.03,999.06,999.07,999.08,999.09,999.1,999.11,999.13,999.17,999.21,999.26,999.31,999.34,999.37,999.39,999.4,999.41,999.42,999.43,999.45,999.46,999.48,NA
2020-07-10 00:00:00,996.54,996.54,996.54,996.54,996.54,996.54,996.54,996.54,996.54,996.54,996.57,996.6,996.62,996.63,997.1,997.42,997.55,997.59,997.61,997.63,997.67,997.85,998.42,998.91,999.03,999.06,999.07,999.08,999.09,999.1,999.11,999.13,999.17,999.21,999.26,999.31,999.34,999.37,999.39,999.4,999.41,999.42,999.43,999.45,999.46,999.48,NA
2020-07-11 00:00:00,996.65,996.65,996.65,996.65,996.65,996.65,996.65,996.65,996.65,996.65,996.65,996.65,996.65,996.65,996.78,997.23,997.53,997.58,997.6,997.62,997.69,997.89,998.44,998.88,999.01,999.06,999.07,999.08,999.09,999.1,999.11,999.13,999.16,999.21,999.26,999.3,999.34,999.36,999.38,999.4,999.41,999.42,999.43,999.45,999.46,999.48,NA
2020-07-12 00:00:00,996.66,996.66,996.66,996.66,996.66,996.66,996.66,996.66,996.66,996.66,996.66,996.66,996.66,996.71,996.74,997.2,997.51,997.57,997.59,997.62,997.69,997.9,998.45,998.88,999.01,999.05,999.07,999.08,999.09,999.09,999.11,999.13,999.16,999.21,999.26,999.3,999.34,999.36,999.38,999.4,999.41,999.42,999.43,999.45,999.46,999.48,NA
2020-07-13 00:00:00,996.64,996.64,996.64,996.64,996.64,996.64,996.64,996.64,996.64,996.64,996.68,996.7,996.71,996.72,996.73,997.17,997.5,997.57,997.58,997.61,997.68,997.9,998.45,998.87,999.01,999.05,999.07,999.08,999.09,999.09,999.11,999.13,999.16,999.21,999.26,999.3,999.34,999.36,999.38,999.4,999.41,999.42,999.43,999.45,999.46,999.48,NA
2020-07-14 00:00:00,996.67,996.67,996.67,996.67,996.67,996.67,996.67,996.67,996.67,996.67,996.67,996.67,996.67,996.67,996.67,996.83,997.46,997.56,997.58,997.61,997.68,997.91,998.46,998.87,999,999.05,999.07,999.08,999.08,999.09,999.11,999.13,999.16,999.21,999.26,999.3,999.34,999.36,999.38,999.4,999.41,999.42,999.43,999.45,999.46,999.48,NA
2020-07-15 00:00:00,996.72,996.72,996.72,996.72,996.72,996.72,996.72,996.72,996.72,996.72,996.72,996.72,996.72,996.72,996.72,996.79,997.31,997.53,997.57,997.61,997.7,997.94,998.47,998.85,998.99,999.04,999.06,999.07,999.08,999.09,999.11,999.12,999.16,999.2,999.25,999.3,999.33,999.36,999.38,999.4,999.41,999.42,999.43,999.45,999.46,999.47,NA
2020-07-16 00:00:00,996.68,996.68,996.68,996.68,996.68,996.68,996.68,996.68,996.68,996.68,996.68,996.68,996.68,996.68,996.73,996.75,997.29,997.52,997.56,997.61,997.69,997.94,998.47,998.85,998.99,999.04,999.06,999.07,999.08,999.09,999.1,999.12,999.16,999.2,999.25,999.3,999.33,999.36,999.38,999.4,999.41,999.42,999.43,999.45,999.46,999.47,NA
2020-07-17 00:00:00,996.66,996.66,996.66,996.66,996.66,996.66,996.66,996.66,996.66,996.66,996.66,996.67,996.72,996.73,996.73,996.74,997.28,997.51,997.56,997.6,997.69,997.94,998.47,998.85,998.99,999.04,999.06,999.07,999.08,999.09,999.1,999.12,999.16,999.2,999.25,999.3,999.33,999.36,999.38,999.4,999.41,999.42,999.43,999.45,999.46,999.47,NA
2020-07-18 00:00:00,996.66,996.66,996.66,996.66,996.66,996.66,996.66,996.66,996.66,996.66,996.66,996.66,996.66,996.66,996.66,996.66,997.17,997.49,997.55,997.6,997.69,997.95,998.48,998.84,998.98,999.04,999.06,999.07,999.08,999.09,999.1,999.12,999.16,999.2,999.25,999.3,999.33,999.36,999.38,999.4,999.41,999.42,999.43,999.45,999.46,999.47,NA
2020-07-19 00:00:00,996.63,996.63,996.63,996.63,996.63,996.63,996.63,996.63,996.63,996.63,996.63,996.63,996.63,996.63,996.63,996.69,997.02,997.44,997.54,997.6,997.71,997.98,998.48,998.83,998.97,999.03,999.05,999.07,999.08,999.09,999.1,999.12,999.15,999.2,999.25,999.29,999.33,999.36,999.38,999.4,999.41,999.42,999.43,999.44,999.46,999.47,NA
2020-07-20 00:00:00,996.66,996.66,996.66,996.66,996.66,996.66,996.66,996.66,996.66,996.66,996.66,996.66,996.66,996.66,996.66,996.66,996.93,997.39,997.52,997.6,997.72,997.99,998.49,998.82,998.96,999.03,999.05,999.07,999.08,999.09,999.1,999.12,999.15,999.19,999.24,999.29,999.33,999.35,999.38,999.39,999.41,999.42,999.43,999.44,999.46,999.47,NA
2020-07-21 00:00:00,996.63,996.63,996.63,996.63,996.63,996.63,996.63,996.63,996.63,996.63,996.63,996.63,996.67,996.71,996.72,996.72,996.78,997.37,997.52,997.6,997.72,998,998.49,998.82,998.96,999.02,999.05,999.06,999.08,999.09,999.1,999.12,999.15,999.19,999.24,999.29,999.33,999.35,999.38,999.39,999.41,999.42,999.43,999.44,999.46,999.47,NA
2020-07-22 00:00:00,996.66,996.66,996.66,996.66,996.66,996.66,996.66,996.66,996.66,996.66,996.66,996.66,996.66,996.66,996.66,996.66,996.72,997.34,997.51,997.59,997.72,998,998.49,998.81,998.95,999.02,999.05,999.06,999.08,999.09,999.1,999.12,999.15,999.19,999.24,999.29,999.33,999.35,999.38,999.39,999.41,999.42,999.43,999.44,999.46,999.47,NA
2020-07-23 00:00:00,996.65,996.65,996.65,996.65,996.65,996.65,996.65,996.65,996.65,996.65,996.65,996.65,996.65,996.65,996.65,996.65,996.71,997.32,997.5,997.59,997.72,998.01,998.49,998.81,998.95,999.02,999.05,999.06,999.07,999.09,999.1,999.12,999.15,999.19,999.24,999.29,999.32,999.35,999.38,999.39,999.41,999.42,999.43,999.44,999.46,999.47,NA
2020-07-24 00:00:00,996.56,996.56,996.56,996.56,996.56,996.57,996.59,996.63,996.65,996.67,996.68,996.7,996.71,996.71,996.72,996.72,996.73,997.26,997.49,997.59,997.72,998.01,998.5,998.81,998.95,999.02,999.04,999.06,999.07,999.08,999.1,999.12,999.15,999.19,999.24,999.29,999.32,999.35,999.38,999.39,999.41,999.42,999.43,999.44,999.46,999.47,NA
2020-07-25 00:00:00,996.59,996.59,996.59,996.59,996.59,996.59,996.59,996.59,996.59,996.59,996.61,996.65,996.68,996.69,996.7,996.71,996.73,997.25,997.48,997.58,997.72,998.01,998.5,998.81,998.95,999.02,999.04,999.06,999.07,999.08,999.1,999.12,999.15,999.19,999.24,999.29,999.32,999.35,999.38,999.39,999.41,999.42,999.43,999.44,999.46,999.47,NA
2020-07-26 00:00:00,996.52,996.52,996.52,996.52,996.52,996.52,996.52,996.52,996.54,996.58,996.62,996.64,996.65,996.66,996.66,996.67,996.7,997.2,997.46,997.58,997.72,998.02,998.5,998.81,998.94,999.01,999.04,999.06,999.07,999.08,999.1,999.12,999.15,999.19,999.24,999.29,999.32,999.35,999.37,999.39,999.4,999.42,999.43,999.44,999.46,999.47,NA
2020-07-27 00:00:00,996.48,996.48,996.48,996.48,996.48,996.48,996.48,996.48,996.48,996.48,996.48,996.49,996.52,996.6,996.63,996.65,996.74,997.17,997.44,997.57,997.72,998.03,998.5,998.8,998.94,999.01,999.04,999.06,999.07,999.08,999.1,999.12,999.15,999.19,999.24,999.29,999.32,999.35,999.37,999.39,999.4,999.42,999.42,999.44,999.46,999.47,NA
2020-07-28 00:00:00,996.54,996.54,996.54,996.54,996.54,996.54,996.54,996.54,996.54,996.54,996.54,996.54,996.54,996.54,996.54,996.63,996.76,997.14,997.42,997.57,997.73,998.04,998.5,998.8,998.93,999.01,999.04,999.05,999.07,999.08,999.09,999.11,999.15,999.19,999.24,999.28,999.32,999.35,999.37,999.39,999.4,999.41,999.42,999.44,999.46,999.47,NA
2020-07-29 00:00:00,996.62,996.62,996.62,996.62,996.62,996.62,996.62,996.62,996.62,996.62,996.62,996.62,996.62,996.62,996.62,996.62,996.78,997.11,997.4,997.56,997.73,998.05,998.51,998.79,998.93,999,999.03,999.05,999.07,999.08,999.09,999.11,999.15,999.19,999.23,999.28,999.32,999.35,999.37,999.39,999.4,999.41,999.42,999.44,999.46,999.47,NA
2020-07-30 00:00:00,996.56,996.56,996.56,996.56,996.56,996.56,996.56,996.58,996.6,996.62,996.63,996.65,996.66,996.67,996.67,996.67,996.68,997.08,997.39,997.56,997.73,998.05,998.51,998.79,998.93,999,999.03,999.05,999.07,999.08,999.09,999.11,999.15,999.19,999.23,999.28,999.32,999.35,999.37,999.39,999.4,999.41,999.42,999.44,999.46,999.47,NA
2020-07-31 00:00:00,996.65,996.65,996.65,996.65,996.65,996.65,996.65,996.65,996.65,996.65,996.65,996.65,996.65,996.65,996.65,996.65,996.65,997.06,997.37,997.55,997.73,998.06,998.51,998.79,998.92,999,999.03,999.05,999.06,999.08,999.09,999.11,999.14,999.18,999.23,999.28,999.32,999.35,999.37,999.39,999.4,999.41,999.42,999.44,999.46,999.47,NA
2020-08-01 00:00:00,996.6,996.6,996.6,996.6,996.6,996.6,996.6,996.62,996.64,996.65,996.67,996.68,996.69,996.7,996.7,996.71,996.71,997.06,997.37,997.55,997.73,998.06,998.51,998.79,998.92,999,999.03,999.05,999.06,999.08,999.09,999.11,999.14,999.18,999.23,999.28,999.32,999.35,999.37,999.39,999.4,999.41,999.42,999.44,999.46,999.47,NA
2020-08-02 00:00:00,996.6,996.6,996.6,996.6,996.6,996.6,996.6,996.6,996.6,996.6,996.62,996.65,996.66,996.68,996.69,996.69,996.71,997.05,997.36,997.54,997.73,998.06,998.52,998.79,998.92,998.99,999.03,999.05,999.06,999.08,999.09,999.11,999.14,999.18,999.23,999.28,999.32,999.35,999.37,999.39,999.4,999.41,999.42,999.44,999.46,999.47,NA
2020-08-03 00:00:00,996.73,996.73,996.73,996.73,996.73,996.73,996.73,996.73,996.73,996.73,996.73,996.73,996.73,996.73,996.73,996.73,996.73,997.04,997.34,997.54,997.73,998.08,998.52,998.79,998.92,998.99,999.03,999.05,999.06,999.08,999.09,999.11,999.14,999.18,999.23,999.28,999.32,999.34,999.37,999.39,999.4,999.41,999.42,999.44,999.46,999.47,NA
2020-08-04 00:00:00,996.88,996.88,996.88,996.88,996.88,996.88,996.88,996.88,996.88,996.88,996.88,996.88,996.88,996.88,996.88,996.88,996.88,996.91,997.3,997.53,997.74,998.09,998.53,998.78,998.91,998.99,999.02,999.04,999.06,999.07,999.09,999.11,999.14,999.18,999.23,999.28,999.31,999.34,999.37,999.39,999.4,999.41,999.42,999.44,999.46,999.47,NA
2020-08-05 00:00:00,996.98,996.98,996.98,996.98,996.98,996.98,996.98,996.98,996.98,996.98,996.98,996.98,996.98,996.98,996.98,996.98,996.98,997,997.3,997.52,997.73,998.09,998.53,998.78,998.91,998.99,999.02,999.04,999.06,999.07,999.09,999.11,999.14,999.18,999.23,999.28,999.31,999.34,999.37,999.39,999.4,999.41,999.42,999.44,999.46,999.47,NA
2020-08-06 00:00:00,997.04,997.04,997.04,997.04,997.04,997.04,997.04,997.04,997.04,997.04,997.04,997.04,997.04,997.04,997.04,997.04,997.04,997.06,997.3,997.52,997.73,998.1,998.53,998.78,998.91,998.99,999.02,999.04,999.06,999.07,999.09,999.11,999.14,999.18,999.23,999.27,999.31,999.34,999.37,999.39,999.4,999.41,999.42,999.44,999.46,999.47,NA
2020-08-07 00:00:00,997.09,997.09,997.09,997.09,997.09,997.09,997.09,997.09,997.09,997.09,997.09,997.09,997.09,997.09,997.09,997.09,997.09,997.1,997.3,997.51,997.73,998.1,998.54,998.78,998.91,998.98,999.02,999.04,999.06,999.07,999.09,999.11,999.14,999.18,999.23,999.27,999.31,999.34,999.37,999.38,999.4,999.41,999.42,999.44,999.46,999.47,NA
2020-08-08 00:00:00,997.13,997.13,997.13,997.13,997.13,997.13,997.13,997.13,997.13,997.13,997.13,997.13,997.13,997.13,997.13,997.13,997.13,997.14,997.3,997.5,997.73,998.11,998.54,998.78,998.91,998.98,999.02,999.04,999.06,999.07,999.09,999.11,999.14,999.18,999.23,999.27,999.31,999.34,999.36,999.38,999.4,999.41,999.42,999.44,999.46,999.46,NA
2020-08-09 00:00:00,997.08,997.08,997.08,997.08,997.08,997.08,997.08,997.08,997.08,997.08,997.12,997.15,997.16,997.16,997.17,997.17,997.18,997.19,997.21,997.47,997.72,998.12,998.54,998.78,998.9,998.98,999.02,999.04,999.06,999.07,999.09,999.11,999.14,999.18,999.22,999.27,999.31,999.34,999.36,999.38,999.39,999.41,999.42,999.44,999.45,999.46,NA
2020-08-10 00:00:00,997.07,997.07,997.07,997.07,997.07,997.07,997.07,997.07,997.07,997.07,997.07,997.07,997.07,997.07,997.07,997.07,997.07,997.07,997.09,997.42,997.71,998.12,998.54,998.78,998.9,998.97,999.01,999.04,999.05,999.07,999.08,999.11,999.14,999.18,999.22,999.27,999.3,999.34,999.36,999.38,999.39,999.4,999.42,999.44,999.45,999.46,NA
2020-08-11 00:00:00,997.05,997.05,997.05,997.05,997.05,997.05,997.05,997.05,997.05,997.05,997.05,997.05,997.05,997.05,997.05,997.05,997.05,997.05,997.07,997.41,997.71,998.12,998.54,998.77,998.9,998.97,999.01,999.03,999.05,999.07,999.08,999.11,999.14,999.18,999.22,999.27,999.3,999.33,999.36,999.38,999.39,999.4,999.41,999.44,999.45,999.46,NA
2020-08-12 00:00:00,997.07,997.07,997.07,997.07,997.07,997.07,997.07,997.07,997.07,997.07,997.07,997.07,997.07,997.07,997.07,997.07,997.07,997.07,997.13,997.4,997.7,998.13,998.55,998.77,998.9,998.97,999.01,999.03,999.05,999.07,999.08,999.11,999.14,999.18,999.22,999.26,999.3,999.33,999.36,999.38,999.39,999.4,999.41,999.44,999.45,999.46,NA
2020-08-13 00:00:00,997.06,997.06,997.06,997.06,997.06,997.06,997.06,997.06,997.06,997.06,997.06,997.06,997.06,997.06,997.09,997.1,997.11,997.11,997.17,997.4,997.69,998.13,998.55,998.77,998.9,998.97,999.01,999.03,999.05,999.07,999.08,999.11,999.14,999.17,999.22,999.26,999.3,999.33,999.36,999.38,999.39,999.4,999.41,999.44,999.45,999.46,NA
2020-08-14 00:00:00,997.06,997.06,997.06,997.06,997.06,997.06,997.06,997.06,997.06,997.06,997.06,997.06,997.06,997.06,997.06,997.08,997.1,997.11,997.16,997.4,997.69,998.13,998.55,998.77,998.89,998.97,999.01,999.03,999.05,999.07,999.08,999.11,999.14,999.17,999.22,999.26,999.3,999.33,999.36,999.38,999.39,999.4,999.41,999.44,999.45,999.46,NA
2020-08-15 00:00:00,997.04,997.04,997.04,997.04,997.04,997.04,997.04,997.04,997.04,997.04,997.04,997.04,997.04,997.04,997.04,997.07,997.1,997.1,997.16,997.39,997.69,998.13,998.55,998.77,998.89,998.97,999.01,999.03,999.05,999.07,999.08,999.11,999.14,999.17,999.22,999.26,999.3,999.33,999.36,999.38,999.39,999.4,999.41,999.44,999.45,999.46,NA
2020-08-16 00:00:00,997.12,997.12,997.12,997.12,997.12,997.12,997.12,997.12,997.12,997.12,997.12,997.12,997.12,997.12,997.12,997.12,997.12,997.12,997.12,997.12,997.57,998.13,998.55,998.77,998.89,998.97,999.01,999.03,999.05,999.07,999.08,999.11,999.14,999.17,999.22,999.26,999.3,999.33,999.36,999.38,999.39,999.4,999.41,999.43,999.45,999.46,NA
2020-08-17 00:00:00,997.17,997.17,997.17,997.17,997.17,997.17,997.17,997.17,997.17,997.17,997.17,997.17,997.17,997.17,997.17,997.17,997.17,997.17,997.17,997.17,997.59,998.14,998.56,998.77,998.89,998.96,999,999.03,999.05,999.06,999.08,999.1,999.14,999.17,999.21,999.26,999.3,999.33,999.35,999.37,999.39,999.4,999.41,999.43,999.45,999.46,NA
2020-08-18 00:00:00,997.2,997.2,997.2,997.2,997.2,997.2,997.2,997.2,997.2,997.2,997.2,997.2,997.2,997.2,997.2,997.2,997.2,997.2,997.2,997.22,997.61,998.14,998.56,998.77,998.89,998.96,999,999.03,999.05,999.06,999.08,999.1,999.14,999.17,999.21,999.26,999.3,999.33,999.35,999.37,999.39,999.4,999.41,999.43,999.45,999.46,NA
2020-08-19 00:00:00,997.25,997.25,997.25,997.25,997.25,997.25,997.25,997.25,997.25,997.25,997.25,997.25,997.25,997.25,997.25,997.25,997.25,997.25,997.26,997.27,997.62,998.14,998.56,998.77,998.89,998.96,999,999.03,999.05,999.06,999.08,999.1,999.14,999.17,999.21,999.26,999.29,999.33,999.35,999.37,999.38,999.4,999.41,999.43,999.45,999.45,NA
2020-08-20 00:00:00,997.26,997.26,997.26,997.26,997.26,997.26,997.26,997.26,997.26,997.26,997.26,997.26,997.26,997.26,997.26,997.26,997.26,997.26,997.26,997.29,997.63,998.14,998.56,998.77,998.88,998.96,999,999.03,999.05,999.06,999.08,999.1,999.14,999.17,999.21,999.26,999.29,999.33,999.35,999.37,999.38,999.4,999.41,999.43,999.45,999.45,NA
2020-08-21 00:00:00,997.31,997.31,997.31,997.31,997.31,997.31,997.31,997.31,997.31,997.31,997.31,997.31,997.31,997.31,997.31,997.31,997.31,997.31,997.31,997.31,997.63,998.14,998.56,998.77,998.88,998.96,999,999.02,999.04,999.06,999.08,999.1,999.13,999.17,999.21,999.25,999.29,999.32,999.35,999.37,999.38,999.39,999.41,999.43,999.44,999.45,NA
2020-08-22 00:00:00,997.32,997.32,997.32,997.32,997.32,997.32,997.32,997.32,997.32,997.32,997.32,997.32,997.32,997.32,997.32,997.32,997.32,997.32,997.32,997.35,997.65,998.14,998.56,998.77,998.88,998.95,999,999.02,999.04,999.06,999.08,999.1,999.13,999.17,999.21,999.25,999.29,999.32,999.35,999.37,999.38,999.39,999.4,999.43,999.44,999.45,NA
2020-08-23 00:00:00,997.34,997.34,997.34,997.34,997.34,997.34,997.34,997.34,997.34,997.34,997.34,997.34,997.34,997.34,997.34,997.34,997.34,997.34,997.34,997.34,997.6,998.11,998.56,998.76,998.88,998.95,999,999.02,999.04,999.06,999.08,999.1,999.13,999.17,999.21,999.25,999.29,999.32,999.34,999.36,999.38,999.39,999.4,999.42,999.44,999.45,NA
2020-08-24 00:00:00,997.21,997.21,997.21,997.21,997.21,997.24,997.27,997.29,997.3,997.31,997.32,997.33,997.33,997.33,997.34,997.34,997.34,997.34,997.35,997.36,997.58,998.11,998.56,998.76,998.88,998.95,999,999.02,999.04,999.06,999.08,999.1,999.13,999.17,999.21,999.25,999.29,999.32,999.34,999.36,999.38,999.39,999.4,999.42,999.44,999.45,NA
2020-08-25 00:00:00,997.2,997.2,997.2,997.2,997.2,997.2,997.2,997.2,997.2,997.2,997.2,997.27,997.31,997.32,997.32,997.33,997.33,997.34,997.34,997.36,997.58,998.1,998.56,998.76,998.88,998.95,998.99,999.02,999.04,999.06,999.08,999.1,999.13,999.17,999.21,999.25,999.29,999.32,999.34,999.36,999.38,999.39,999.4,999.42,999.44,999.45,NA
2020-08-26 00:00:00,997.12,997.12,997.12,997.12,997.12,997.12,997.12,997.12,997.12,997.17,997.21,997.22,997.23,997.27,997.31,997.32,997.32,997.33,997.34,997.36,997.58,998.1,998.56,998.76,998.88,998.95,998.99,999.02,999.04,999.06,999.08,999.1,999.13,999.17,999.21,999.25,999.29,999.32,999.34,999.36,999.38,999.39,999.4,999.42,999.44,999.45,NA
2020-08-27 00:00:00,997.17,997.17,997.17,997.17,997.17,997.17,997.17,997.17,997.17,997.17,997.17,997.17,997.17,997.17,997.17,997.17,997.2,997.22,997.23,997.26,997.49,998.07,998.56,998.76,998.87,998.95,998.99,999.02,999.04,999.06,999.07,999.1,999.13,999.16,999.2,999.25,999.28,999.31,999.34,999.36,999.37,999.39,999.4,999.42,999.44,999.45,NA
2020-08-28 00:00:00,997,997,997,997,997,997.04,997.1,997.14,997.15,997.18,997.19,997.2,997.2,997.2,997.21,997.21,997.22,997.22,997.22,997.25,997.49,998.07,998.56,998.76,998.87,998.95,998.99,999.02,999.04,999.06,999.07,999.1,999.13,999.16,999.2,999.25,999.28,999.31,999.34,999.36,999.37,999.39,999.4,999.42,999.44,999.44,NA
2020-08-29 00:00:00,997.12,997.12,997.12,997.12,997.12,997.12,997.12,997.12,997.12,997.12,997.12,997.12,997.12,997.12,997.12,997.12,997.12,997.12,997.12,997.12,997.39,998.07,998.56,998.76,998.87,998.94,998.99,999.01,999.03,999.05,999.07,999.1,999.13,999.16,999.2,999.24,999.28,999.31,999.34,999.36,999.37,999.38,999.4,999.42,999.43,999.44,NA
2020-08-30 00:00:00,997.21,997.21,997.21,997.21,997.21,997.21,997.21,997.21,997.21,997.21,997.21,997.21,997.21,997.21,997.21,997.21,997.21,997.21,997.21,997.21,997.46,998.04,998.55,998.76,998.87,998.94,998.98,999.01,999.03,999.05,999.07,999.1,999.13,999.16,999.2,999.24,999.28,999.31,999.33,999.35,999.37,999.38,999.39,999.42,999.43,999.44,NA
2020-08-31 00:00:00,997.26,997.26,997.26,997.26,997.26,997.26,997.26,997.26,997.26,997.26,997.26,997.26,997.26,997.26,997.26,997.26,997.26,997.26,997.26,997.26,997.48,998.05,998.55,998.76,998.87,998.94,998.98,999.01,999.03,999.05,999.07,999.1,999.13,999.16,999.2,999.24,999.27,999.31,999.33,999.35,999.37,999.38,999.39,999.41,999.43,999.44,NA
2020-09-01 00:00:00,997.34,997.34,997.34,997.34,997.34,997.34,997.34,997.34,997.34,997.34,997.34,997.34,997.34,997.34,997.34,997.34,997.34,997.34,997.34,997.34,997.54,998.04,998.55,998.76,998.87,998.94,998.98,999.01,999.03,999.05,999.07,999.1,999.13,999.16,999.19,999.24,999.27,999.3,999.33,999.35,999.37,999.38,999.39,999.41,999.43,999.44,NA
2020-09-02 00:00:00,997.37,997.37,997.37,997.37,997.37,997.37,997.37,997.37,997.37,997.37,997.37,997.37,997.37,997.37,997.38,997.39,997.39,997.39,997.39,997.39,997.56,998.04,998.55,998.75,998.87,998.94,998.98,999.01,999.03,999.05,999.07,999.1,999.13,999.16,999.19,999.24,999.27,999.3,999.33,999.35,999.36,999.38,999.39,999.41,999.43,999.44,NA
2020-09-03 00:00:00,997.43,997.43,997.43,997.43,997.43,997.43,997.43,997.43,997.43,997.43,997.43,997.43,997.43,997.43,997.43,997.43,997.43,997.43,997.43,997.43,997.59,998.03,998.55,998.75,998.87,998.94,998.98,999.01,999.03,999.05,999.07,999.09,999.13,999.16,999.19,999.23,999.27,999.3,999.33,999.35,999.36,999.37,999.39,999.41,999.43,999.43,NA
2020-09-04 00:00:00,997.58,997.58,997.58,997.58,997.58,997.58,997.58,997.58,997.58,997.58,997.58,997.58,997.58,997.58,997.58,997.58,997.58,997.58,997.58,997.58,997.58,997.92,998.54,998.75,998.86,998.93,998.98,999,999.03,999.05,999.06,999.09,999.12,999.15,999.19,999.23,999.26,999.29,999.32,999.34,999.35,999.37,999.38,999.4,999.42,999.43,NA
2020-09-05 00:00:00,997.68,997.68,997.68,997.68,997.68,997.68,997.68,997.68,997.68,997.68,997.68,997.68,997.68,997.68,997.68,997.68,997.68,997.68,997.68,997.68,997.68,997.76,998.49,998.74,998.86,998.93,998.97,999,999.02,999.04,999.06,999.09,999.12,999.15,999.18,999.22,999.26,999.29,999.32,999.34,999.35,999.36,999.38,999.4,999.42,999.42,NA
2020-09-06 00:00:00,997.72,997.72,997.72,997.72,997.72,997.72,997.72,997.72,997.72,997.72,997.72,997.72,997.72,997.72,997.72,997.72,997.72,997.72,997.72,997.72,997.72,997.78,998.35,998.72,998.86,998.93,998.97,999,999.02,999.04,999.06,999.09,999.12,999.15,999.18,999.22,999.26,999.29,999.31,999.33,999.35,999.36,999.38,999.4,999.41,999.42,NA
2020-09-07 00:00:00,997.74,997.74,997.74,997.74,997.74,997.74,997.74,997.74,997.74,997.74,997.74,997.74,997.74,997.74,997.74,997.74,997.74,997.74,997.74,997.74,997.74,997.74,998.15,998.67,998.85,998.93,998.97,999,999.02,999.04,999.06,999.09,999.12,999.14,999.17,999.21,999.25,999.28,999.3,999.32,999.34,999.35,999.37,999.39,999.4,999.41,NA
2020-09-08 00:00:00,997.82,997.82,997.82,997.82,997.82,997.82,997.82,997.82,997.82,997.82,997.82,997.82,997.82,997.82,997.82,997.82,997.82,997.82,997.82,997.82,997.82,997.82,998.23,998.66,998.84,998.93,998.97,999,999.02,999.04,999.06,999.09,999.11,999.14,999.17,999.21,999.24,999.27,999.3,999.32,999.34,999.35,999.36,999.38,999.4,999.41,NA
2020-09-09 00:00:00,998.02,998.02,998.02,998.02,998.02,998.02,998.02,998.02,998.02,998.02,998.02,998.02,998.02,998.02,998.02,998.02,998.02,998.02,998.02,998.02,998.02,998.02,998.1,998.57,998.8,998.92,998.97,999,999.02,999.04,999.06,999.08,999.11,999.14,999.17,999.2,999.24,999.27,999.29,999.31,999.33,999.34,999.35,999.38,999.39,999.4,NA
2020-09-10 00:00:00,998.19,998.19,998.19,998.19,998.19,998.19,998.19,998.19,998.19,998.19,998.19,998.19,998.19,998.19,998.19,998.19,998.19,998.19,998.19,998.19,998.19,998.19,998.19,998.19,998.62,998.9,998.97,999,999.02,999.04,999.06,999.08,999.11,999.13,999.16,999.2,999.23,999.26,999.28,999.3,999.32,999.33,999.35,999.37,999.39,999.39,NA
2020-09-11 00:00:00,998.28,998.28,998.28,998.28,998.28,998.28,998.28,998.28,998.28,998.28,998.28,998.28,998.28,998.28,998.28,998.28,998.28,998.28,998.28,998.28,998.28,998.28,998.28,998.28,998.64,998.89,998.97,999,999.02,999.04,999.06,999.08,999.11,999.13,999.16,999.19,999.23,999.26,999.28,999.3,999.32,999.33,999.34,999.37,999.38,999.39,NA
2020-09-12 00:00:00,998.34,998.34,998.34,998.34,998.34,998.34,998.34,998.34,998.34,998.34,998.34,998.34,998.34,998.34,998.34,998.34,998.34,998.34,998.34,998.34,998.34,998.34,998.34,998.34,998.65,998.87,998.96,999,999.02,999.04,999.06,999.08,999.11,999.13,999.16,999.19,999.22,999.25,999.28,999.3,999.31,999.33,999.34,999.36,999.38,999.38,NA
2020-09-13 00:00:00,998.35,998.35,998.35,998.35,998.35,998.35,998.35,998.35,998.35,998.35,998.35,998.35,998.35,998.35,998.35,998.35,998.35,998.35,998.35,998.35,998.35,998.35,998.35,998.35,998.65,998.86,998.96,999,999.02,999.04,999.06,999.08,999.11,999.13,999.16,999.19,999.22,999.25,999.28,999.29,999.31,999.32,999.34,999.36,999.38,999.38,NA
2020-09-14 00:00:00,998.36,998.36,998.36,998.36,998.36,998.36,998.36,998.36,998.36,998.36,998.36,998.36,998.36,998.36,998.36,998.36,998.36,998.36,998.36,998.36,998.36,998.36,998.37,998.37,998.65,998.85,998.95,999,999.02,999.04,999.06,999.08,999.11,999.13,999.16,999.19,999.22,999.25,999.27,999.29,999.31,999.32,999.34,999.36,999.37,999.38,NA
2020-09-15 00:00:00,998.35,998.35,998.35,998.35,998.35,998.35,998.35,998.35,998.35,998.35,998.35,998.35,998.35,998.35,998.35,998.35,998.35,998.35,998.35,998.35,998.35,998.35,998.35,998.39,998.6,998.84,998.95,999,999.02,999.04,999.06,999.08,999.1,999.13,999.16,999.19,999.22,999.25,999.27,999.29,999.31,999.32,999.34,999.36,999.37,999.38,NA
2020-09-16 00:00:00,998.36,998.36,998.36,998.36,998.36,998.36,998.36,998.36,998.36,998.36,998.36,998.36,998.36,998.36,998.36,998.36,998.36,998.36,998.36,998.36,998.36,998.36,998.36,998.36,998.41,998.65,998.93,998.99,999.02,999.04,999.06,999.08,999.1,999.13,999.15,999.18,999.21,999.24,999.26,999.28,999.3,999.31,999.33,999.35,999.37,999.37,NA
2020-09-17 00:00:00,998.34,998.34,998.34,998.34,998.34,998.34,998.34,998.34,998.34,998.34,998.34,998.34,998.34,998.34,998.36,998.38,998.38,998.38,998.39,998.39,998.39,998.39,998.39,998.4,998.41,998.67,998.92,998.98,999.02,999.04,999.06,999.08,999.1,999.12,999.15,999.18,999.21,999.24,999.26,999.28,999.3,999.31,999.32,999.35,999.36,999.37,NA
2020-09-18 00:00:00,998.37,998.37,998.37,998.37,998.37,998.37,998.37,998.37,998.37,998.37,998.37,998.37,998.37,998.37,998.37,998.37,998.37,998.37,998.37,998.38,998.38,998.38,998.38,998.39,998.42,998.67,998.91,998.98,999.01,999.04,999.06,999.08,999.1,999.12,999.15,999.18,999.21,999.23,999.26,999.28,999.29,999.31,999.32,999.34,999.36,999.37,NA
2020-09-19 00:00:00,998.39,998.39,998.39,998.39,998.39,998.39,998.39,998.39,998.39,998.39,998.39,998.39,998.39,998.39,998.39,998.39,998.39,998.39,998.39,998.39,998.39,998.39,998.39,998.4,998.42,998.67,998.91,998.98,999.01,999.04,999.06,999.08,999.1,999.12,999.15,999.18,999.21,999.23,999.26,999.28,999.29,999.31,999.32,999.34,999.36,999.37,NA
2020-09-20 00:00:00,998.46,998.46,998.46,998.46,998.46,998.46,998.46,998.46,998.46,998.46,998.46,998.46,998.46,998.46,998.46,998.46,998.46,998.46,998.46,998.46,998.46,998.46,998.46,998.46,998.46,998.68,998.9,998.98,999.01,999.04,999.06,999.08,999.1,999.12,999.15,999.17,999.2,999.23,999.26,999.28,999.29,999.3,999.32,999.34,999.36,999.36,NA
2020-09-21 00:00:00,998.51,998.51,998.51,998.51,998.51,998.51,998.51,998.51,998.51,998.51,998.51,998.51,998.51,998.51,998.51,998.51,998.51,998.51,998.51,998.51,998.51,998.51,998.51,998.51,998.51,998.65,998.89,998.97,999.01,999.04,999.06,999.08,999.1,999.12,999.14,999.17,999.2,999.23,999.25,999.27,999.29,999.3,999.32,999.34,999.35,999.36,NA
2020-09-22 00:00:00,998.55,998.55,998.55,998.55,998.55,998.55,998.55,998.55,998.55,998.55,998.55,998.55,998.55,998.55,998.55,998.55,998.55,998.55,998.55,998.55,998.55,998.55,998.55,998.55,998.57,998.64,998.84,998.96,999,999.04,999.06,999.08,999.1,999.12,999.14,999.17,999.2,999.22,999.25,999.27,999.28,999.29,999.31,999.33,999.35,999.35,NA
2020-09-23 00:00:00,998.55,998.55,998.55,998.55,998.55,998.55,998.55,998.55,998.55,998.55,998.55,998.55,998.55,998.55,998.55,998.55,998.55,998.55,998.55,998.55,998.55,998.55,998.55,998.55,998.55,998.58,998.73,998.94,999,999.03,999.06,999.08,999.1,999.12,999.14,999.17,999.19,999.22,999.24,999.26,999.28,999.29,999.31,999.33,999.35,999.35,NA
2020-09-24 00:00:00,998.55,998.55,998.55,998.55,998.55,998.55,998.55,998.55,998.55,998.55,998.55,998.55,998.55,998.55,998.55,998.55,998.55,998.55,998.55,998.55,998.55,998.55,998.55,998.55,998.55,998.55,998.59,998.89,998.99,999.03,999.06,999.08,999.1,999.12,999.14,999.16,999.19,999.22,999.24,999.26,999.28,999.29,999.31,999.33,999.34,999.35,NA
2020-09-25 00:00:00,998.59,998.59,998.59,998.59,998.59,998.59,998.59,998.59,998.59,998.59,998.59,998.59,998.59,998.59,998.59,998.59,998.59,998.59,998.59,998.59,998.59,998.59,998.59,998.59,998.59,998.59,998.59,998.59,998.63,998.77,998.97,999.04,999.09,999.12,999.14,999.16,999.19,999.21,999.24,999.26,999.27,999.29,999.3,999.32,999.34,999.35,NA
2020-09-26 00:00:00,998.57,998.57,998.57,998.57,998.57,998.57,998.57,998.57,998.57,998.57,998.57,998.57,998.57,998.57,998.57,998.57,998.57,998.57,998.57,998.57,998.57,998.57,998.57,998.57,998.57,998.57,998.57,998.59,998.62,998.78,998.95,999.04,999.09,999.11,999.13,999.16,999.18,999.21,999.23,999.25,999.27,999.28,999.3,999.32,999.34,999.34,NA
2020-09-27 00:00:00,998.56,998.56,998.56,998.56,998.56,998.56,998.56,998.56,998.56,998.56,998.56,998.56,998.56,998.56,998.56,998.56,998.56,998.56,998.56,998.56,998.56,998.56,998.56,998.56,998.56,998.56,998.56,998.56,998.57,998.66,998.87,999.02,999.08,999.11,999.13,999.15,999.17,999.19,999.22,999.24,999.25,999.27,999.29,999.31,999.33,999.33,NA
2020-09-28 00:00:00,998.6,998.6,998.6,998.6,998.6,998.6,998.6,998.6,998.6,998.6,998.6,998.6,998.6,998.6,998.6,998.6,998.6,998.6,998.6,998.6,998.6,998.6,998.6,998.6,998.6,998.6,998.6,998.6,998.6,998.6,998.78,999.01,999.08,999.1,999.12,999.14,999.17,999.19,999.21,999.23,999.25,999.26,999.28,999.3,999.32,999.33,NA
2020-09-29 00:00:00,998.66,998.66,998.66,998.66,998.66,998.66,998.66,998.66,998.66,998.66,998.66,998.66,998.66,998.66,998.66,998.66,998.66,998.66,998.66,998.66,998.66,998.66,998.66,998.66,998.66,998.66,998.66,998.66,998.66,998.66,998.72,998.98,999.08,999.1,999.12,999.14,999.16,999.18,999.2,999.22,999.24,999.26,999.27,999.3,999.32,999.32,NA
2020-09-30 00:00:00,998.71,998.71,998.71,998.71,998.71,998.71,998.71,998.71,998.71,998.71,998.71,998.71,998.71,998.71,998.71,998.71,998.71,998.71,998.71,998.71,998.71,998.71,998.71,998.71,998.71,998.71,998.71,998.71,998.71,998.71,998.71,998.94,999.07,999.1,999.12,999.14,999.16,999.18,999.2,999.22,999.24,999.25,999.27,999.29,999.31,999.32,NA
2020-10-01 00:00:00,998.79,998.79,998.79,998.79,998.79,998.79,998.79,998.79,998.79,998.79,998.79,998.79,998.79,998.79,998.79,998.79,998.79,998.79,998.79,998.79,998.79,998.79,998.79,998.79,998.79,998.79,998.79,998.79,998.79,998.79,998.79,998.79,998.97,999.09,999.12,999.14,999.15,999.17,999.19,999.21,999.22,999.24,999.26,999.28,999.3,999.3,NA
2020-10-02 00:00:00,998.87,998.87,998.87,998.87,998.87,998.87,998.87,998.87,998.87,998.87,998.87,998.87,998.87,998.87,998.87,998.87,998.87,998.87,998.87,998.87,998.87,998.87,998.87,998.87,998.87,998.87,998.87,998.87,998.87,998.87,998.87,998.87,998.87,999.01,999.12,999.14,999.15,999.16,999.18,999.2,999.21,999.23,999.25,999.27,999.29,999.3,NA
2020-10-03 00:00:00,998.9,998.9,998.9,998.9,998.9,998.9,998.9,998.9,998.9,998.9,998.9,998.9,998.9,998.9,998.9,998.9,998.9,998.9,998.9,998.9,998.9,998.9,998.9,998.9,998.9,998.9,998.9,998.9,998.9,998.9,998.9,998.9,998.9,998.96,999.11,999.14,999.15,999.16,999.18,999.19,999.21,999.23,999.25,999.27,999.29,999.29,NA
2020-10-04 00:00:00,998.91,998.91,998.91,998.91,998.91,998.91,998.91,998.91,998.91,998.91,998.91,998.91,998.91,998.91,998.91,998.91,998.91,998.91,998.91,998.91,998.91,998.91,998.91,998.91,998.91,998.91,998.91,998.91,998.91,998.91,998.91,998.91,998.91,998.97,999.11,999.14,999.15,999.16,999.18,999.19,999.21,999.23,999.25,999.27,999.29,999.29,NA
2020-10-05 00:00:00,998.95,998.95,998.95,998.95,998.95,998.95,998.95,998.95,998.95,998.95,998.95,998.95,998.95,998.95,998.95,998.95,998.95,998.95,998.95,998.95,998.95,998.95,998.95,998.95,998.95,998.95,998.95,998.95,998.95,998.95,998.95,998.95,998.95,998.95,999.03,999.13,999.15,999.16,999.18,999.19,999.21,999.22,999.24,999.27,999.29,NA,NA
2020-10-06 00:00:00,999.03,999.03,999.03,999.03,999.03,999.03,999.03,999.03,999.03,999.03,999.03,999.03,999.03,999.03,999.03,999.03,999.03,999.03,999.03,999.03,999.03,999.03,999.03,999.03,999.03,999.03,999.03,999.03,999.03,999.03,999.03,999.03,999.03,999.03,999.03,999.03,999.03,999.03,999.03,999.03,999.03,999.03,999.03,999.03,999.03,NA,NA
2020-10-07 00:00:00,999.04,999.04,999.04,999.04,999.04,999.04,999.04,999.04,999.04,999.04,999.04,999.04,999.04,999.04,999.04,999.04,999.04,999.04,999.04,999.04,999.04,999.04,999.04,999.04,999.04,999.04,999.04,999.04,999.04,999.04,999.04,999.04,999.04,999.04,999.04,999.04,999.04,999.04,999.04,999.04,999.04,999.04,999.04,999.04,999.04,NA,NA
2020-10-08 00:00:00,999.05,999.05,999.05,999.05,999.05,999.05,999.05,999.05,999.05,999.05,999.05,999.05,999.05,999.05,999.05,999.05,999.05,999.05,999.05,999.05,999.05,999.05,999.05,999.05,999.05,999.05,999.05,999.05,999.05,999.05,999.05,999.05,999.05,999.05,999.05,999.05,999.05,999.05,999.05,999.05,999.05,999.05,999.05,999.05,999.05,NA,NA
2020-10-09 00:00:00,999.07,999.07,999.07,999.07,999.07,999.07,999.07,999.07,999.07,999.07,999.07,999.07,999.07,999.07,999.07,999.07,999.07,999.07,999.07,999.07,999.07,999.07,999.07,999.07,999.07,999.07,999.07,999.07,999.07,999.07,999.08,999.08,999.08,999.08,999.08,999.08,999.08,999.08,999.08,999.08,999.08,999.08,999.08,999.08,999.08,NA,NA
2020-10-10 00:00:00,999.06,999.06,999.06,999.06,999.06,999.06,999.06,999.06,999.06,999.06,999.06,999.06,999.06,999.06,999.06,999.06,999.06,999.06,999.06,999.06,999.06,999.06,999.06,999.06,999.06,999.06,999.06,999.06,999.06,999.06,999.06,999.06,999.06,999.06,999.06,999.06,999.06,999.06,999.06,999.06,999.06,999.06,999.06,999.06,999.06,NA,NA
2020-10-11 00:00:00,999.06,999.06,999.06,999.06,999.06,999.06,999.06,999.06,999.06,999.06,999.06,999.06,999.06,999.06,999.06,999.06,999.06,999.06,999.06,999.06,999.06,999.06,999.06,999.06,999.06,999.06,999.06,999.06,999.06,999.06,999.06,999.06,999.06,999.06,999.06,999.06,999.06,999.06,999.06,999.06,999.06,999.06,999.06,999.06,999.07,NA,NA
2020-10-12 00:00:00,999.06,999.06,999.06,999.06,999.06,999.06,999.06,999.06,999.06,999.06,999.06,999.06,999.06,999.06,999.06,999.06,999.06,999.06,999.06,999.06,999.06,999.06,999.06,999.06,999.06,999.06,999.06,999.06,999.06,999.06,999.06,999.06,999.06,999.06,999.06,999.06,999.06,999.06,999.06,999.06,999.06,999.06,999.06,999.06,999.06,NA,NA
2020-10-13 00:00:00,999.09,999.09,999.09,999.09,999.09,999.09,999.09,999.09,999.09,999.09,999.09,999.09,999.09,999.09,999.09,999.09,999.09,999.09,999.09,999.09,999.09,999.09,999.09,999.09,999.09,999.09,999.09,999.09,999.09,999.09,999.09,999.09,999.09,999.09,999.09,999.09,999.09,999.09,999.09,999.09,999.09,999.09,999.09,999.09,999.09,NA,NA
2020-10-14 00:00:00,999.14,999.14,999.14,999.14,999.14,999.14,999.14,999.14,999.14,999.14,999.14,999.14,999.14,999.14,999.14,999.14,999.14,999.14,999.14,999.14,999.14,999.14,999.14,999.14,999.14,999.14,999.14,999.14,999.14,999.14,999.14,999.14,999.14,999.14,999.14,999.14,999.14,999.14,999.14,999.14,999.14,999.14,999.14,999.14,999.14,NA,NA
2020-10-15 00:00:00,999.17,999.17,999.17,999.17,999.17,999.17,999.17,999.17,999.17,999.17,999.17,999.17,999.17,999.17,999.17,999.17,999.17,999.17,999.17,999.17,999.17,999.17,999.17,999.17,999.17,999.17,999.17,999.17,999.17,999.17,999.17,999.17,999.17,999.17,999.17,999.17,999.17,999.17,999.17,999.17,999.17,999.17,999.17,999.17,999.17,NA,NA
2020-10-16 00:00:00,999.23,999.23,999.23,999.23,999.23,999.23,999.23,999.23,999.23,999.23,999.23,999.23,999.23,999.23,999.23,999.23,999.23,999.23,999.23,999.23,999.23,999.23,999.23,999.23,999.23,999.23,999.23,999.23,999.23,999.23,999.23,999.23,999.23,999.23,999.23,999.23,999.23,999.23,999.23,999.23,999.23,999.23,999.23,999.23,999.23,NA,NA
2020-10-17 00:00:00,999.29,999.29,999.29,999.29,999.29,999.29,999.29,999.29,999.29,999.29,999.29,999.29,999.29,999.29,999.29,999.29,999.29,999.29,999.29,999.29,999.29,999.29,999.29,999.29,999.29,999.29,999.29,999.29,999.29,999.29,999.29,999.29,999.29,999.29,999.29,999.29,999.29,999.29,999.29,999.29,999.29,999.29,999.29,999.29,999.29,NA,NA
2020-10-18 00:00:00,999.33,999.33,999.33,999.33,999.33,999.33,999.33,999.33,999.33,999.33,999.33,999.33,999.33,999.33,999.33,999.33,999.33,999.33,999.33,999.33,999.33,999.33,999.33,999.33,999.33,999.33,999.33,999.33,999.33,999.33,999.33,999.33,999.33,999.33,999.33,999.33,999.33,999.33,999.33,999.33,999.33,999.33,999.33,999.33,999.33,NA,NA
2020-10-19 00:00:00,999.38,999.38,999.38,999.38,999.38,999.38,999.38,999.38,999.38,999.38,999.38,999.38,999.38,999.38,999.38,999.38,999.38,999.38,999.38,999.38,999.38,999.38,999.38,999.38,999.38,999.38,999.38,999.38,999.38,999.38,999.38,999.38,999.38,999.38,999.38,999.38,999.38,999.38,999.38,999.38,999.38,999.38,999.38,999.38,999.38,NA,NA
2020-10-20 00:00:00,999.4,999.4,999.4,999.4,999.4,999.4,999.4,999.4,999.4,999.4,999.4,999.4,999.4,999.4,999.4,999.4,999.4,999.4,999.4,999.4,999.4,999.4,999.4,999.4,999.4,999.4,999.4,999.4,999.4,999.4,999.4,999.4,999.4,999.4,999.4,999.4,999.4,999.4,999.4,999.4,999.4,999.4,999.4,999.4,999.4,NA,NA
2020-10-21 00:00:00,999.43,999.43,999.43,999.43,999.43,999.43,999.43,999.43,999.43,999.43,999.43,999.43,999.43,999.43,999.43,999.43,999.43,999.43,999.43,999.43,999.43,999.43,999.43,999.43,999.43,999.43,999.43,999.43,999.43,999.43,999.43,999.43,999.43,999.43,999.43,999.43,999.43,999.43,999.43,999.43,999.43,999.43,999.43,999.43,999.43,NA,NA
2020-10-22 00:00:00,999.44,999.44,999.44,999.44,999.44,999.44,999.44,999.44,999.44,999.44,999.44,999.44,999.44,999.44,999.44,999.44,999.44,999.44,999.44,999.44,999.44,999.44,999.44,999.44,999.44,999.44,999.44,999.44,999.44,999.44,999.44,999.44,999.44,999.44,999.44,999.44,999.44,999.44,999.44,999.44,999.44,999.44,999.44,999.44,999.44,NA,NA
2020-10-23 00:00:00,999.46,999.46,999.46,999.46,999.46,999.46,999.46,999.46,999.46,999.46,999.46,999.46,999.46,999.46,999.46,999.46,999.46,999.46,999.46,999.46,999.46,999.46,999.46,999.46,999.46,999.46,999.46,999.46,999.46,999.46,999.46,999.46,999.46,999.46,999.46,999.46,999.46,999.46,999.46,999.46,999.46,999.46,999.46,999.46,999.46,NA,NA
2020-10-24 00:00:00,999.51,999.51,999.51,999.51,999.51,999.51,999.51,999.51,999.51,999.51,999.51,999.51,999.51,999.51,999.51,999.51,999.51,999.51,999.51,999.51,999.51,999.51,999.51,999.51,999.51,999.51,999.51,999.51,999.51,999.51,999.51,999.51,999.51,999.51,999.51,999.51,999.51,999.51,999.51,999.51,999.51,999.51,999.51,999.51,999.51,NA,NA
2020-10-25 00:00:00,999.53,999.53,999.53,999.53,999.53,999.53,999.53,999.53,999.53,999.53,999.53,999.53,999.53,999.53,999.53,999.53,999.53,999.53,999.53,999.53,999.53,999.53,999.53,999.53,999.53,999.53,999.53,999.53,999.53,999.53,999.53,999.53,999.53,999.53,999.53,999.53,999.53,999.53,999.53,999.53,999.53,999.53,999.53,999.53,999.53,NA,NA
2020-10-26 00:00:00,999.56,999.56,999.56,999.56,999.56,999.56,999.56,999.56,999.56,999.56,999.56,999.56,999.56,999.56,999.56,999.56,999.56,999.56,999.56,999.56,999.56,999.56,999.56,999.56,999.56,999.56,999.56,999.56,999.56,999.56,999.56,999.56,999.56,999.56,999.56,999.56,999.56,999.56,999.56,999.56,999.56,999.56,999.56,999.56,999.56,NA,NA
2020-10-27 00:00:00,999.61,999.61,999.61,999.61,999.61,999.61,999.61,999.61,999.61,999.61,999.61,999.61,999.61,999.61,999.61,999.61,999.61,999.61,999.61,999.61,999.61,999.61,999.61,999.61,999.61,999.61,999.61,999.61,999.61,999.61,999.61,999.61,999.61,999.61,999.61,999.61,999.61,999.61,999.61,999.61,999.61,999.61,999.61,999.61,999.61,NA,NA
2020-10-28 00:00:00,999.63,999.63,999.63,999.63,999.63,999.63,999.63,999.63,999.63,999.63,999.63,999.63,999.63,999.63,999.63,999.63,999.63,999.63,999.63,999.63,999.63,999.63,999.63,999.63,999.63,999.63,999.63,999.63,999.63,999.63,999.63,999.63,999.63,999.63,999.63,999.63,999.63,999.63,999.63,999.63,999.63,999.63,999.63,999.63,999.63,NA,NA
2020-10-29 00:00:00,999.66,999.66,999.66,999.66,999.66,999.66,999.66,999.66,999.66,999.66,999.66,999.66,999.66,999.66,999.66,999.66,999.66,999.66,999.66,999.66,999.66,999.66,999.66,999.66,999.66,999.66,999.66,999.66,999.66,999.66,999.66,999.66,999.66,999.66,999.66,999.66,999.66,999.66,999.66,999.66,999.66,999.66,999.66,999.66,999.66,NA,NA
2020-10-30 00:00:00,999.69,999.69,999.69,999.69,999.69,999.69,999.69,999.69,999.69,999.69,999.69,999.69,999.69,999.69,999.69,999.69,999.69,999.69,999.69,999.69,999.69,999.69,999.69,999.69,999.69,999.69,999.69,999.69,999.69,999.69,999.69,999.69,999.69,999.69,999.69,999.69,999.69,999.69,999.69,999.69,999.69,999.69,999.69,999.69,999.69,NA,NA
2020-10-31 00:00:00,999.71,999.71,999.71,999.71,999.71,999.71,999.71,999.71,999.71,999.71,999.71,999.71,999.71,999.71,999.71,999.71,999.71,999.71,999.71,999.71,999.71,999.71,999.71,999.71,999.71,999.71,999.71,999.71,999.71,999.71,999.71,999.71,999.71,999.71,999.71,999.71,999.71,999.71,999.71,999.71,999.71,999.71,999.71,999.71,999.71,NA,NA
2020-11-01 00:00:00,999.73,999.73,999.73,999.73,999.73,999.73,999.73,999.73,999.73,999.73,999.73,999.73,999.73,999.73,999.73,999.73,999.73,999.73,999.73,999.73,999.73,999.73,999.73,999.73,999.73,999.73,999.73,999.73,999.73,999.73,999.73,999.73,999.73,999.73,999.73,999.73,999.73,999.73,999.73,999.73,999.73,999.73,999.73,999.73,999.73,NA,NA
2020-11-02 00:00:00,999.78,999.78,999.78,999.78,999.78,999.78,999.78,999.78,999.78,999.78,999.78,999.78,999.78,999.78,999.78,999.78,999.78,999.78,999.78,999.78,999.78,999.78,999.78,999.78,999.78,999.78,999.78,999.78,999.78,999.78,999.78,999.78,999.78,999.78,999.78,999.78,999.78,999.78,999.78,999.78,999.78,999.78,999.78,999.78,999.78,NA,NA
2020-11-03 00:00:00,999.81,999.81,999.81,999.81,999.81,999.81,999.81,999.81,999.81,999.81,999.81,999.81,999.81,999.81,999.81,999.81,999.81,999.81,999.81,999.81,999.81,999.81,999.81,999.81,999.81,999.81,999.81,999.81,999.81,999.81,999.81,999.81,999.81,999.81,999.81,999.81,999.81,999.81,999.81,999.81,999.81,999.81,999.81,999.81,999.81,NA,NA
2020-11-04 00:00:00,999.81,999.81,999.81,999.81,999.81,999.81,999.81,999.81,999.81,999.81,999.81,999.81,999.81,999.81,999.81,999.81,999.81,999.81,999.81,999.81,999.81,999.81,999.81,999.81,999.81,999.81,999.81,999.81,999.81,999.81,999.81,999.81,999.81,999.81,999.81,999.81,999.81,999.81,999.81,999.81,999.81,999.81,999.81,999.81,999.81,NA,NA
2020-11-05 00:00:00,999.81,999.81,999.81,999.81,999.81,999.81,999.81,999.81,999.81,999.81,999.81,999.81,999.81,999.81,999.81,999.81,999.81,999.81,999.81,999.81,999.81,999.81,999.81,999.81,999.81,999.81,999.81,999.81,999.81,999.81,999.81,999.81,999.81,999.81,999.81,999.81,999.81,999.81,999.81,999.81,999.81,999.81,999.81,999.81,999.81,NA,NA
2020-11-06 00:00:00,999.81,999.81,999.81,999.81,999.81,999.81,999.81,999.81,999.81,999.81,999.81,999.81,999.81,999.81,999.81,999.81,999.81,999.81,999.81,999.81,999.81,999.81,999.81,999.81,999.81,999.81,999.81,999.81,999.81,999.81,999.81,999.81,999.81,999.81,999.81,999.81,999.81,999.81,999.81,999.81,999.81,999.81,999.81,999.81,999.82,NA,NA
2020-11-07 00:00:00,999.81,999.81,999.81,999.81,999.81,999.81,999.81,999.81,999.81,999.81,999.81,999.81,999.81,999.81,999.81,999.81,999.81,999.81,999.81,999.81,999.81,999.81,999.81,999.81,999.81,999.81,999.81,999.81,999.81,999.81,999.81,999.81,999.81,999.81,999.81,999.81,999.81,999.81,999.81,999.81,999.81,999.81,999.81,999.81,999.81,NA,NA
2020-11-08 00:00:00,999.8,999.8,999.8,999.8,999.8,999.8,999.8,999.8,999.8,999.8,999.8,999.8,999.8,999.8,999.8,999.8,999.8,999.8,999.8,999.8,999.8,999.8,999.8,999.8,999.8,999.8,999.8,999.8,999.8,999.8,999.8,999.8,999.8,999.8,999.8,999.8,999.8,999.8,999.8,999.8,999.8,999.8,999.8,999.8,999.8,NA,NA
2020-11-09 00:00:00,999.79,999.79,999.79,999.79,999.79,999.79,999.79,999.79,999.79,999.79,999.79,999.79,999.79,999.79,999.79,999.79,999.79,999.79,999.79,999.79,999.79,999.79,999.79,999.79,999.79,999.79,999.79,999.79,999.79,999.79,999.79,999.79,999.79,999.79,999.79,999.79,999.79,999.79,999.79,999.79,999.79,999.79,999.79,999.79,999.79,NA,NA
2020-11-10 00:00:00,999.77,999.77,999.77,999.77,999.77,999.77,999.77,999.77,999.77,999.77,999.77,999.77,999.77,999.77,999.77,999.77,999.77,999.77,999.77,999.77,999.77,999.77,999.77,999.77,999.77,999.77,999.77,999.77,999.77,999.77,999.77,999.77,999.77,999.77,999.77,999.77,999.77,999.77,999.77,999.77,999.77,999.77,999.77,999.77,999.77,NA,NA
2020-11-11 00:00:00,999.76,999.76,999.76,999.76,999.76,999.76,999.76,999.76,999.76,999.76,999.76,999.76,999.76,999.76,999.76,999.76,999.76,999.76,999.76,999.76,999.76,999.76,999.76,999.76,999.76,999.76,999.76,999.76,999.76,999.76,999.76,999.76,999.76,999.76,999.76,999.76,999.76,999.76,999.76,999.76,999.76,999.76,999.76,999.76,999.76,NA,NA
2020-11-12 00:00:00,999.79,999.79,999.79,999.79,999.79,999.79,999.79,999.79,999.79,999.79,999.79,999.79,999.79,999.79,999.79,999.79,999.79,999.79,999.79,999.79,999.79,999.79,999.79,999.79,999.79,999.79,999.79,999.79,999.79,999.79,999.79,999.79,999.79,999.79,999.79,999.79,999.79,999.79,999.79,999.79,999.79,999.79,999.79,999.79,999.79,NA,NA
2020-11-13 00:00:00,999.81,999.81,999.81,999.81,999.81,999.81,999.81,999.81,999.81,999.81,999.81,999.81,999.81,999.81,999.81,999.81,999.81,999.81,999.81,999.81,999.81,999.81,999.81,999.81,999.81,999.81,999.81,999.81,999.81,999.81,999.81,999.81,999.81,999.81,999.81,999.81,999.81,999.81,999.81,999.81,999.81,999.81,999.81,999.81,999.81,NA,NA
2020-11-14 00:00:00,999.84,999.84,999.84,999.84,999.84,999.84,999.84,999.84,999.84,999.84,999.84,999.84,999.84,999.84,999.84,999.84,999.84,999.84,999.84,999.84,999.84,999.84,999.84,999.84,999.84,999.84,999.84,999.84,999.84,999.84,999.84,999.84,999.84,999.84,999.84,999.84,999.84,999.84,999.84,999.84,999.84,999.84,999.84,999.84,999.84,NA,NA
2020-11-15 00:00:00,999.86,999.86,999.86,999.86,999.86,999.86,999.86,999.86,999.86,999.86,999.86,999.86,999.86,999.86,999.86,999.86,999.86,999.86,999.86,999.86,999.86,999.86,999.86,999.86,999.86,999.86,999.86,999.86,999.86,999.86,999.86,999.86,999.86,999.86,999.86,999.86,999.86,999.86,999.86,999.86,999.86,999.86,999.86,999.86,999.86,NA,NA
2020-11-16 00:00:00,999.89,999.89,999.89,999.89,999.89,999.89,999.89,999.89,999.89,999.89,999.89,999.89,999.89,999.89,999.89,999.89,999.89,999.89,999.89,999.89,999.89,999.89,999.89,999.89,999.89,999.89,999.89,999.89,999.89,999.89,999.89,999.89,999.89,999.89,999.89,999.89,999.89,999.89,999.89,999.89,999.89,999.89,999.89,999.89,999.89,NA,NA
2020-11-17 00:00:00,999.91,999.91,999.91,999.91,999.91,999.91,999.91,999.91,999.91,999.91,999.91,999.91,999.91,999.91,999.91,999.91,999.91,999.91,999.91,999.91,999.91,999.91,999.91,999.91,999.91,999.91,999.91,999.91,999.91,999.91,999.91,999.91,999.91,999.91,999.91,999.91,999.91,999.91,999.91,999.91,999.91,999.91,999.91,999.91,999.91,NA,NA
2020-11-18 00:00:00,999.92,999.92,999.92,999.92,999.92,999.92,999.92,999.92,999.92,999.92,999.92,999.92,999.92,999.92,999.92,999.92,999.92,999.92,999.92,999.92,999.92,999.92,999.92,999.92,999.92,999.92,999.92,999.92,999.92,999.92,999.92,999.92,999.92,999.92,999.92,999.92,999.92,999.92,999.92,999.92,999.92,999.92,999.92,999.92,999.92,NA,NA
2020-11-19 00:00:00,999.94,999.94,999.94,999.94,999.94,999.94,999.94,999.94,999.94,999.94,999.94,999.94,999.94,999.94,999.94,999.94,999.94,999.94,999.94,999.94,999.94,999.94,999.94,999.94,999.94,999.94,999.94,999.94,999.94,999.94,999.94,999.94,999.94,999.94,999.94,999.94,999.94,999.94,999.94,999.94,999.94,999.94,999.94,999.94,999.94,NA,NA
2020-11-20 00:00:00,999.94,999.94,999.94,999.94,999.94,999.94,999.94,999.94,999.94,999.94,999.94,999.94,999.94,999.94,999.94,999.94,999.94,999.94,999.94,999.94,999.94,999.94,999.94,999.94,999.94,999.94,999.94,999.94,999.94,999.94,999.94,999.94,999.94,999.94,999.94,999.94,999.94,999.94,999.94,999.94,999.94,999.94,999.94,999.94,999.94,NA,NA
2020-11-21 00:00:00,999.95,999.95,999.95,999.95,999.95,999.95,999.95,999.95,999.95,999.95,999.95,999.95,999.95,999.95,999.95,999.95,999.95,999.95,999.95,999.95,999.95,999.95,999.95,999.95,999.95,999.95,999.95,999.95,999.95,999.95,999.95,999.95,999.95,999.95,999.95,999.95,999.95,999.95,999.95,999.95,999.95,999.95,999.95,999.95,999.95,NA,NA
