datetime,wtr_0,wtr_0.5,wtr_1,wtr_1.5,wtr_2,wtr_3,wtr_4,wtr_5,wtr_6,wtr_7,wtr_8,wtr_9,wtr_10,wtr_11,wtr_12,wtr_13,wtr_14,wtr_15,wtr_16,wtr_17,wtr_18,wtr_19,wtr_20
2020-04-03 00:00:00,4.2,4.21,4.28,4.18,4.14,4.11,4.05,4.05,4.01,3.96,3.95,3.93,3.94,3.92,3.91,3.9,3.91,3.92,3.89,3.92,3.86,3.84,4.51
2020-04-04 00:00:00,4.35,4.38,4.47,4.38,4.35,4.34,4.32,4.33,4.3,4.29,4.28,4.26,4.26,4.26,4.24,4.24,4.24,4.25,4.24,4.25,4.2,4.2,4.85
2020-04-05 00:00:00,5.18,5.15,5.18,5.03,4.97,4.91,4.89,4.89,4.85,4.81,4.8,4.8,4.78,4.77,4.73,4.72,4.7,4.7,4.68,4.67,4.62,4.58,5.2
2020-04-06 00:00:00,5.36,5.38,5.47,5.38,5.33,5.3,5.26,5.21,5.09,4.96,4.87,4.79,4.72,4.65,4.61,4.57,4.55,4.54,4.53,4.53,4.48,4.45,5.06
2020-04-07 00:00:00,5.44,5.41,5.45,5.33,5.27,5.22,5.18,5.19,5.15,5.09,5.06,5,4.95,4.86,4.74,4.65,4.58,4.53,4.49,4.49,4.4,4.36,4.96
2020-04-08 00:00:00,5.38,5.33,5.39,5.29,5.28,5.25,5.21,5.21,5.18,5.16,5.15,5.1,5.08,5.08,5.05,5.04,5.02,5.02,5.01,5,4.9,4.85,5.4
2020-04-09 00:00:00,5.41,5.42,5.51,5.43,5.42,5.42,5.41,5.42,5.4,5.38,5.37,5.36,5.35,5.33,5.32,5.31,5.3,5.3,5.28,5.3,5.24,5.21,5.8
2020-04-10 00:00:00,5.54,5.56,5.64,5.56,5.52,5.52,5.49,5.51,5.48,5.46,5.44,5.42,5.41,5.41,5.4,5.4,5.39,5.39,5.38,5.4,5.37,5.36,5.98
2020-04-11 00:00:00,5.82,5.85,5.94,5.85,5.84,5.84,5.82,5.84,5.8,5.76,5.72,5.67,5.62,5.56,5.49,5.45,5.42,5.38,5.37,5.38,5.33,5.32,5.95
2020-04-12 00:00:00,5.99,5.99,6.09,5.99,5.98,5.96,5.95,5.95,5.93,5.92,5.9,5.85,5.83,5.8,5.77,5.72,5.65,5.58,5.48,5.43,5.33,5.3,5.91
2020-04-13 00:00:00,5.75,5.78,5.86,5.78,5.76,5.78,5.76,5.79,5.77,5.76,5.76,5.75,5.76,5.76,5.75,5.75,5.75,5.75,5.73,5.76,5.7,5.69,6.31
2020-04-14 00:00:00,5.58,5.6,5.7,5.6,5.6,5.6,5.59,5.62,5.6,5.59,5.59,5.59,5.6,5.6,5.6,5.6,5.6,5.6,5.6,5.62,5.6,5.6,6.22
2020-04-15 00:00:00,5.47,5.5,5.6,5.51,5.49,5.5,5.49,5.5,5.5,5.48,5.47,5.47,5.47,5.45,5.45,5.44,5.43,5.43,5.43,5.44,5.42,5.42,6.03
2020-04-16 00:00:00,5.53,5.56,5.64,5.58,5.55,5.55,5.53,5.56,5.54,5.53,5.53,5.52,5.51,5.51,5.5,5.5,5.5,5.5,5.5,5.52,5.47,5.47,6.11
2020-04-17 00:00:00,5.82,5.8,5.83,5.67,5.63,5.6,5.57,5.57,5.55,5.54,5.54,5.53,5.53,5.53,5.52,5.52,5.52,5.52,5.52,5.53,5.5,5.5,6.13
2020-04-18 00:00:00,5.69,5.7,5.8,5.7,5.69,5.69,5.69,5.7,5.68,5.68,5.67,5.67,5.67,5.66,5.65,5.65,5.65,5.64,5.63,5.65,5.62,5.62,6.25
2020-04-19 00:00:00,6.32,6.34,6.41,6.33,6.29,6.23,6.16,6.15,6.12,6.1,6.09,6.08,6.07,6.07,6.05,6.05,6.05,6.04,6.03,6.03,5.99,5.98,6.62
2020-04-20 00:00:00,6.52,6.54,6.62,6.55,6.51,6.48,6.42,6.4,6.36,6.31,6.26,6.21,6.2,6.15,6.13,6.13,6.12,6.11,6.1,6.11,6.09,6.08,6.68
2020-04-21 00:00:00,6.5,6.53,6.61,6.54,6.51,6.52,6.51,6.53,6.52,6.51,6.51,6.5,6.5,6.5,6.5,6.5,6.49,6.49,6.5,6.53,6.47,6.47,7.09
2020-04-22 00:00:00,6.79,6.81,6.89,6.81,6.8,6.79,6.75,6.78,6.73,6.71,6.7,6.68,6.66,6.64,6.63,6.61,6.6,6.59,6.58,6.58,6.53,6.52,7.12
2020-04-23 00:00:00,6.97,6.98,7,6.92,6.86,6.85,6.8,6.83,6.79,6.77,6.76,6.74,6.74,6.74,6.73,6.72,6.72,6.72,6.72,6.72,6.7,6.69,7.29
2020-04-24 00:00:00,7.09,7.1,7.16,7.04,7.01,6.98,6.95,6.94,6.93,6.92,6.91,6.9,6.89,6.87,6.86,6.84,6.81,6.8,6.8,6.8,6.73,6.71,7.32
2020-04-25 00:00:00,7.21,7.22,7.31,7.22,7.19,7.18,7.14,7.15,7.09,7.05,7.03,6.98,6.95,6.94,6.93,6.91,6.88,6.84,6.82,6.8,6.71,6.68,7.31
2020-04-26 00:00:00,8.21,7.85,7.63,7.35,7.24,7.15,7.1,7.12,7.08,7.05,7.04,7.03,7.03,7.02,7,6.97,6.96,6.9,6.87,6.83,6.75,6.71,7.31
2020-04-27 00:00:00,8.04,7.93,7.91,7.76,7.65,7.59,7.51,7.42,7.28,7.18,7.14,7.1,7.08,7.08,7.07,7.04,7.04,7.01,6.98,6.97,6.9,6.88,7.47
2020-04-28 00:00:00,7.64,7.65,7.7,7.61,7.58,7.56,7.49,7.48,7.44,7.38,7.34,7.28,7.22,7.16,7.12,7.08,7.05,6.99,6.96,6.92,6.87,6.8,7.38
2020-04-29 00:00:00,7.73,7.74,7.82,7.74,7.72,7.73,7.7,7.72,7.68,7.62,7.6,7.53,7.47,7.37,7.28,7.22,7.2,7.18,7.15,7.1,7.03,6.97,7.56
2020-04-30 00:00:00,7.66,7.67,7.76,7.66,7.66,7.66,7.65,7.66,7.65,7.64,7.64,7.64,7.64,7.63,7.63,7.62,7.62,7.62,7.62,7.63,7.59,7.58,8.19
2020-05-01 00:00:00,8.73,8.75,8.8,8.69,8.61,8.43,8.23,8.14,8.06,8.03,8.02,7.98,7.99,7.97,7.95,7.95,7.94,7.93,7.92,7.92,7.87,7.86,8.46
2020-05-02 00:00:00,8.8,8.81,8.89,8.8,8.76,8.72,8.64,8.56,8.41,8.3,8.22,8.18,8.16,8.14,8.13,8.1,8.08,8.07,8.05,8.05,7.98,7.94,8.52
2020-05-03 00:00:00,9.65,9.65,9.72,9.61,9.57,9.52,9.43,9.37,9.3,9.28,9.24,9.2,9.15,9.07,8.97,8.9,8.79,8.67,8.55,8.43,8.24,8.13,8.66
2020-05-04 00:00:00,9.9,9.91,9.99,9.9,9.87,9.85,9.78,9.74,9.63,9.53,9.46,9.4,9.38,9.33,9.29,9.24,9.2,9.17,9.11,9,8.8,8.65,9.17
2020-05-05 00:00:00,9.7,9.71,9.79,9.7,9.68,9.65,9.61,9.58,9.51,9.39,9.31,9.16,9,8.93,8.85,8.73,8.6,8.48,8.39,8.31,8.18,8.08,8.64
2020-05-06 00:00:00,10.27,10.02,9.96,9.75,9.65,9.55,9.5,9.51,9.46,9.44,9.44,9.39,9.39,9.33,9.19,8.98,8.88,8.82,8.79,8.72,8.55,8.38,8.83
2020-05-07 00:00:00,10.09,10.1,10.17,10.1,10.07,10.05,9.98,9.9,9.85,9.8,9.79,9.74,9.7,9.62,9.53,9.46,9.4,9.35,9.34,9.29,9.12,8.88,9.35
2020-05-08 00:00:00,10.2,10.22,10.3,10.22,10.2,10.19,10.17,10.17,10.13,10.07,10.04,10,9.95,9.93,9.9,9.88,9.84,9.75,9.67,9.58,9.43,9.16,9.53
2020-05-09 00:00:00,10.19,10.23,10.3,10.22,10.19,10.19,10.16,10.14,10.1,10.06,10.04,10.02,9.99,9.96,9.93,9.89,9.85,9.8,9.74,9.67,9.48,9.28,9.58
2020-05-10 00:00:00,10.03,10.04,10.12,10.04,10.03,10.02,10.01,10.01,9.96,9.95,9.95,9.93,9.92,9.91,9.9,9.89,9.88,9.85,9.82,9.8,9.71,9.64,10.1
2020-05-11 00:00:00,9.9,9.92,9.99,9.92,9.89,9.88,9.86,9.87,9.84,9.82,9.81,9.8,9.79,9.78,9.78,9.78,9.78,9.77,9.78,9.79,9.73,9.72,10.31
2020-05-12 00:00:00,10.8,10.59,10.3,10.07,9.97,9.91,9.87,9.86,9.82,9.8,9.8,9.78,9.78,9.75,9.74,9.74,9.74,9.74,9.74,9.75,9.71,9.7,10.28
2020-05-13 00:00:00,10.45,10.47,10.44,10.35,10.31,10.26,10.17,10.11,10.04,9.98,9.95,9.9,9.86,9.82,9.8,9.76,9.73,9.69,9.66,9.63,9.52,9.43,9.93
2020-05-14 00:00:00,10.38,10.34,10.37,10.26,10.2,10.16,10.12,10.11,10.06,10.03,10.02,9.99,9.97,9.94,9.91,9.88,9.83,9.8,9.79,9.7,9.53,9.4,9.91
2020-05-15 00:00:00,12.07,11.94,11.82,11.48,11.2,10.79,10.52,10.43,10.3,10.21,10.14,10.09,10.04,9.96,9.9,9.86,9.81,9.77,9.73,9.7,9.59,9.55,10.08
2020-05-16 00:00:00,12.49,12.47,12.5,12.33,12.14,11.62,10.96,10.54,10.24,10.18,10.13,10.09,10.02,9.99,9.95,9.86,9.82,9.77,9.7,9.65,9.57,9.47,9.98
2020-05-17 00:00:00,10.55,10.55,10.64,10.55,10.54,10.54,10.53,10.49,10.37,10.29,10.27,10.23,10.18,10.14,10.09,10.05,10.01,9.95,9.86,9.79,9.58,9.45,9.93
2020-05-18 00:00:00,10.71,10.72,10.8,10.72,10.71,10.72,10.68,10.68,10.61,10.56,10.52,10.48,10.45,10.41,10.36,10.32,10.28,10.21,10.16,10.13,10.05,10.03,10.58
2020-05-19 00:00:00,11.7,11.72,11.79,11.72,11.7,11.72,11.69,11.69,11.62,11.52,11.4,11.29,11.14,10.97,10.81,10.69,10.58,10.46,10.41,10.38,10.27,10.21,10.73
2020-05-20 00:00:00,11.88,11.9,11.97,11.89,11.86,11.85,11.8,11.74,11.57,11.27,10.93,10.76,10.69,10.64,10.58,10.54,10.48,10.38,10.3,10.25,10.15,10.07,10.55
2020-05-21 00:00:00,12.62,12.5,12.52,12.41,12.38,12.32,12.26,12.2,11.98,11.61,11.14,10.78,10.59,10.48,10.41,10.38,10.34,10.3,10.28,10.25,10.18,10.1,10.64
2020-05-22 00:00:00,13.67,13.64,13.63,13.42,13.21,12.88,12.61,12.51,12.38,12.15,11.96,11.64,11.21,10.9,10.69,10.56,10.5,10.46,10.43,10.38,10.25,10.14,10.65
2020-05-23 00:00:00,13.54,13.55,13.62,13.53,13.49,13.24,12.84,12.56,12.22,11.62,11.21,10.9,10.73,10.6,10.53,10.44,10.38,10.32,10.26,10.26,10.16,10.09,10.59
2020-05-24 00:00:00,14.35,13.96,13.82,13.55,13.32,13.09,12.88,12.79,12.62,12.42,12.14,11.74,11.35,11.09,10.9,10.68,10.52,10.45,10.38,10.35,10.26,10.21,10.76
2020-05-25 00:00:00,16.08,16.04,16.03,15.69,15.02,13.94,13.43,13.11,12.76,12.45,12.12,11.67,11.33,11.09,10.89,10.75,10.62,10.47,10.4,10.34,10.21,10.14,10.67
2020-05-26 00:00:00,16.76,16.74,16.76,16.53,16.26,15.45,14.61,13.86,13.16,12.46,11.86,11.39,11.01,10.81,10.7,10.62,10.54,10.49,10.42,10.38,10.23,10.11,10.62
2020-05-27 00:00:00,17.41,17.38,17.35,16.96,16.52,15.76,15.09,14.29,13.62,12.72,12.05,11.51,11.19,10.97,10.84,10.7,10.59,10.53,10.47,10.43,10.3,10.18,10.7
2020-05-28 00:00:00,19.5,19.39,19.25,18.63,18.05,17.02,15.63,14.57,13.73,12.83,12.27,11.78,11.38,11.13,10.92,10.78,10.68,10.57,10.5,10.4,10.23,10.12,10.62
2020-05-29 00:00:00,19.26,19.27,19.35,19.23,19.17,19.02,18.51,17.56,15.97,13.97,12.85,12.22,11.77,11.36,11.09,10.88,10.71,10.56,10.45,10.35,10.18,10.03,10.54
2020-05-30 00:00:00,18.65,18.67,18.75,18.66,18.66,18.65,18.55,17.98,16.31,13.8,12.41,11.65,11.33,11.11,10.91,10.69,10.55,10.43,10.33,10.26,10.13,10.04,10.55
2020-05-31 00:00:00,18.77,18.6,18.58,18.42,18.35,18.27,18,16.75,14.7,12.99,12.1,11.55,11.28,11.09,10.93,10.78,10.63,10.5,10.43,10.37,10.23,10.12,10.63
2020-06-01 00:00:00,17.87,17.88,17.95,17.82,17.79,17.72,17.55,17.27,16.02,14.66,12.85,11.79,11.32,11.1,10.93,10.82,10.69,10.56,10.47,10.4,10.29,10.24,10.77
2020-06-02 00:00:00,18.42,18.41,18.47,18.33,18.26,18.09,17.61,17.38,16.62,15.41,14.21,13.01,11.82,11.37,11.09,10.9,10.77,10.63,10.5,10.41,10.27,10.18,10.67
2020-06-03 00:00:00,20.54,19.68,19.57,19.38,19.29,19.13,18.88,18.59,17.65,15.74,13.75,12.34,11.63,11.25,10.99,10.81,10.68,10.54,10.45,10.38,10.25,10.19,10.73
2020-06-04 00:00:00,22,21.77,21.36,20.53,20.02,19.32,18.83,18.53,17.65,15.95,13.93,12.48,11.8,11.34,10.97,10.81,10.69,10.55,10.43,10.35,10.22,10.17,10.7
2020-06-05 00:00:00,22.55,22.46,22.42,22.11,21.71,20.07,18.96,18.38,17.2,15.88,13.88,12.69,11.99,11.45,11.07,10.8,10.64,10.51,10.4,10.36,10.23,10.16,10.71
2020-06-06 00:00:00,22.79,22.66,22.63,22.43,22.36,21.75,20.05,18.42,17.26,15.69,13.67,12.38,11.87,11.45,11.18,10.96,10.75,10.54,10.37,10.29,10.17,10.1,10.63
2020-06-07 00:00:00,21.29,21.31,21.38,21.26,21.16,20.83,19.98,19.31,17.33,15.45,13.74,12.6,12.03,11.56,11.28,11.03,10.77,10.56,10.42,10.35,10.24,10.16,10.69
2020-06-08 00:00:00,21.17,21.18,21.25,21.15,21.08,20.81,20.39,20,18.13,16.28,14.07,12.8,12.15,11.61,11.25,11.02,10.86,10.64,10.43,10.28,10.15,10.07,10.63
2020-06-09 00:00:00,21.63,21.63,21.71,21.61,21.59,21.52,21.18,20.2,17.73,15.65,13.88,12.67,11.9,11.45,11.15,10.92,10.73,10.52,10.37,10.27,10.15,10.07,10.62
2020-06-10 00:00:00,21.01,20.8,20.73,20.57,20.51,20.3,20.1,19.9,18.75,17.65,16.87,15.74,14.51,13.48,12.81,12.26,11.81,11.39,11.1,10.89,10.68,10.51,11
2020-06-11 00:00:00,19.7,19.7,19.8,19.7,19.7,19.71,19.69,19.79,19.65,19.63,19.61,19.25,18.05,15.32,12.74,11.65,11.25,11.02,10.82,10.69,10.56,10.52,11.05
2020-06-12 00:00:00,20.36,20.27,20.16,19.98,19.93,19.87,19.77,19.79,19.67,19.62,19.18,16.75,15.18,12.99,12.05,11.56,11.26,11.03,10.88,10.78,10.63,10.59,11.13
2020-06-13 00:00:00,19.82,19.84,19.93,19.83,19.83,19.82,19.76,19.8,19.52,19.08,17.62,15.96,14.38,13.55,12.8,12.09,11.53,11.2,10.94,10.78,10.63,10.57,11.11
2020-06-14 00:00:00,19.51,19.52,19.61,19.51,19.5,19.48,19.41,19.45,19.32,19.27,18.59,16.5,14.32,13.55,12.75,11.87,11.38,11.09,10.91,10.75,10.6,10.52,11.06
2020-06-15 00:00:00,19.5,19.52,19.6,19.51,19.5,19.48,19.41,19.47,19.34,19.25,18.8,17.2,14.76,13.13,12.41,11.78,11.39,11.13,10.96,10.85,10.68,10.54,11.08
2020-06-16 00:00:00,19.94,19.88,19.87,19.7,19.64,19.59,19.52,19.61,19.47,19.4,19.03,17.32,14.88,13.53,12.56,11.81,11.4,11.16,10.93,10.83,10.68,10.55,11.09
2020-06-17 00:00:00,20.86,20.85,20.88,20.7,20.5,20.15,19.99,19.98,19.7,19.39,18.73,17.13,15.12,13.64,12.47,11.7,11.34,11.1,10.96,10.82,10.69,10.58,11.08
2020-06-18 00:00:00,21.37,21.31,21.32,21.14,20.92,20.69,20.47,20.42,20.12,19.6,18.76,17.28,15.4,13.66,12.42,11.66,11.31,11.08,10.92,10.81,10.67,10.57,11.05
2020-06-19 00:00:00,22.38,22.32,22.27,22.02,21.87,21.56,21.02,20.75,20.24,19.61,18.57,17.19,15.43,13.69,12.55,11.73,11.31,11.07,10.9,10.78,10.61,10.54,11.05
2020-06-20 00:00:00,23.25,23.27,23.29,23.1,22.94,22.45,21.46,20.86,19.95,19.28,18.55,16.88,15.2,13.66,12.42,11.62,11.26,11.04,10.87,10.79,10.65,10.57,11.06
2020-06-21 00:00:00,23.73,23.46,23.37,23.1,22.96,22.83,22.51,21.12,19.94,19.27,18.45,16.89,15.18,13.89,12.74,11.81,11.31,11.05,10.88,10.78,10.62,10.55,11.06
2020-06-22 00:00:00,23.36,23.36,23.42,23.28,23.16,22.79,22.38,21.12,19.72,19.17,18.57,17.52,15.68,13.97,12.74,11.98,11.48,11.18,11.01,10.89,10.72,10.63,11.13
2020-06-23 00:00:00,22.82,22.85,22.92,22.84,22.84,22.84,22.77,22.75,22.11,20.99,19.59,17.92,16.23,13.78,12.8,12.05,11.52,11.18,10.92,10.81,10.65,10.57,11.05
2020-06-24 00:00:00,22.58,22.58,22.66,22.56,22.54,22.53,22.48,22.55,22.39,22.14,20.01,17.07,15.1,13.55,12.52,11.97,11.48,11.14,10.94,10.81,10.67,10.56,11.07
2020-06-25 00:00:00,23.35,22.92,22.84,22.56,22.45,22.39,22.35,22.39,21.98,19.99,18.32,17.14,15.49,14.24,13.25,12.5,11.71,11.27,10.95,10.78,10.65,10.57,11.09
2020-06-26 00:00:00,23.13,23.14,23.2,23.08,22.97,22.81,22.5,22.33,21.2,19.47,18.29,17.42,16.08,14.43,13.25,12.25,11.49,11.14,10.92,10.82,10.66,10.55,11.01
2020-06-27 00:00:00,23.62,23.25,23.11,22.79,22.68,22.58,22.48,22.47,22.05,20.08,18.35,17.49,16.28,14.07,12.79,12,11.38,11.1,10.94,10.81,10.63,10.53,11.05
2020-06-28 00:00:00,24.44,24.45,24.37,23.82,23.31,22.62,22.3,21.98,20.92,19.68,18.58,17.27,16.08,14.22,12.82,12.11,11.62,11.27,11.04,10.89,10.72,10.62,11.12
2020-06-29 00:00:00,23.57,23.57,23.62,23.49,23.44,23.31,22.92,22.26,20.81,19.64,18.86,17.79,16.38,14.96,13.43,12.08,11.56,11.22,10.98,10.85,10.68,10.58,11.07
2020-06-30 00:00:00,23.63,23.6,23.59,23.44,23.35,23.12,22.92,22.51,21.64,19.98,18.78,17.5,16.17,14.15,12.7,11.75,11.35,11.07,10.92,10.85,10.68,10.57,11.08
2020-07-01 00:00:00,24.43,24.39,24.4,24.25,24.15,23.88,23.37,22.71,21,20.08,18.76,17.7,16.75,14.95,13.16,12.04,11.46,11.14,10.96,10.85,10.69,10.59,11.12
2020-07-02 00:00:00,25.64,25.16,25,24.73,24.62,24.42,24.08,23.27,21.75,20.51,19.57,17.82,16.18,14.38,12.61,11.68,11.31,11.05,10.89,10.79,10.63,10.54,11.05
2020-07-03 00:00:00,28,27.37,26.88,25.98,25.25,24.57,24.11,23.27,21.88,20.42,19.08,17.68,16.26,14.44,13.1,12.04,11.4,11.13,10.94,10.85,10.69,10.57,11.09
2020-07-04 00:00:00,28.08,27.96,27.8,27.05,25.97,24.53,23.93,23.06,21.43,19.97,18.8,17.68,16.48,15.1,13.45,12.2,11.52,11.13,10.92,10.8,10.64,10.53,11.05
2020-07-05 00:00:00,29.04,28.96,28.77,28.28,27.49,25.22,24.35,23.52,21.97,20.51,19.32,17.77,15.53,13.82,12.52,11.79,11.4,11.08,10.9,10.84,10.66,10.57,11.07
2020-07-06 00:00:00,29.48,29.49,29.55,29.43,29.28,26.38,24.3,23.34,22.18,20.9,19.6,17.61,15,13.64,12.68,12.07,11.63,11.35,11.09,10.94,10.78,10.65,11.14
2020-07-07 00:00:00,29.65,29.61,29.61,29.5,29.43,27.9,24.29,23.19,22.05,21.03,19.71,17.69,15.04,13.54,12.61,11.92,11.48,11.2,11.01,10.91,10.74,10.59,11.1
2020-07-08 00:00:00,28.5,28.38,28.28,27.84,27.45,26.61,24.41,22.88,21.81,20.68,19.26,17.38,15.4,14.17,13.12,12.34,11.82,11.47,11.17,11.01,10.8,10.69,11.21
2020-07-09 00:00:00,28.31,28.32,28.36,28.23,28.18,27.34,24.04,22.76,21.46,20.45,19.4,17.82,15.93,14.7,13.37,12.34,11.6,11.13,10.87,10.82,10.68,10.57,11.05
2020-07-10 00:00:00,27.26,27.28,27.35,27.28,27.28,27.15,26.34,25.52,24.18,21.68,19.49,17.88,16.18,14.75,13.56,12.67,11.82,11.33,11.01,10.9,10.74,10.62,11.09
2020-07-11 00:00:00,26.9,26.82,26.8,26.63,26.6,26.58,26.56,26.62,25.44,21.23,18.63,17.4,16.21,14.9,13.78,12.83,12.01,11.36,11.01,10.92,10.8,10.7,11.18
2020-07-12 00:00:00,26.64,26.66,26.73,26.65,26.62,26.57,26.5,25.78,22.2,20.4,19.19,18.1,16.82,15.18,14.24,12.96,12.06,11.33,10.95,10.85,10.74,10.63,11.09
2020-07-13 00:00:00,27.06,26.88,26.8,26.61,26.51,26.36,26.27,25.89,21.91,20.42,19.36,18.26,16.12,14.62,13.61,12.65,11.84,11.27,10.97,10.84,10.68,10.57,11.07
2020-07-14 00:00:00,26.18,26.18,26.25,26.18,26.16,26.07,25.99,25.83,22.21,20.04,18.68,17.18,15.86,14.65,13.76,13.03,12.47,11.85,11.27,11.03,10.83,10.7,11.17
2020-07-15 00:00:00,25.7,25.7,25.77,25.7,25.7,25.7,25.69,25.72,23.23,20.52,18.87,17.36,16.1,14.8,13.84,13.04,12.31,11.61,11.19,10.98,10.8,10.65,11.13
2020-07-16 00:00:00,26.08,25.79,25.48,25.23,25.18,25.16,25.13,25.06,23.73,21.36,19.4,17.71,16.12,14.69,13.59,12.59,11.8,11.37,11.07,10.95,10.72,10.59,11.11
2020-07-17 00:00:00,26.19,26.18,26.14,25.88,25.69,25.39,25.25,25.22,24.62,21.86,19.32,17.84,16.45,15.05,13.65,12.57,11.82,11.32,11.1,10.93,10.75,10.62,11.12
2020-07-18 00:00:00,25.76,25.78,25.82,25.75,25.75,25.74,25.66,25.52,24.39,20.83,18.87,17.64,16.58,15.53,14.22,12.86,11.91,11.4,11.11,10.94,10.74,10.59,11.09
2020-07-19 00:00:00,25.98,25.99,26.05,25.98,25.96,25.96,25.92,25.97,25.57,23.31,19.97,18.11,17,15.07,13.48,12.45,11.81,11.46,11.14,10.92,10.72,10.61,11.12
2020-07-20 00:00:00,26.15,26.12,26.12,25.97,25.86,25.74,25.7,25.78,25.68,24.84,20.15,17.67,16.12,14.7,13.36,12.42,11.91,11.5,11.15,10.96,10.78,10.67,11.14
2020-07-21 00:00:00,25.94,25.96,26.03,25.95,25.94,25.89,25.82,25.79,25.15,21.49,18.62,17.5,16.46,15.15,13.81,13.07,12.22,11.68,11.3,11.05,10.85,10.7,11.18
2020-07-22 00:00:00,25.68,25.68,25.75,25.65,25.61,25.55,25.48,25.53,25.31,23.84,20.26,17.88,16.3,14.92,13.55,12.61,12.02,11.5,11.16,10.97,10.77,10.61,11.1
2020-07-23 00:00:00,25.81,25.76,25.64,25.46,25.43,25.42,25.37,25.44,25.29,24.9,19.85,17.55,15.98,14.68,13.57,12.79,12.25,11.69,11.37,11.11,10.87,10.72,11.18
2020-07-24 00:00:00,26.2,26.18,26.08,25.66,25.47,25.33,25.24,25.25,24.93,22.92,19.45,17.57,16.12,14.87,13.77,12.96,12.35,11.86,11.39,11.07,10.84,10.66,11.11
2020-07-25 00:00:00,26.24,26.24,26.28,26.1,25.86,25.36,25.14,25.07,24.77,23.52,20.25,17.78,15.94,14.73,13.13,12.55,11.97,11.51,11.15,10.97,10.8,10.66,11.14
2020-07-26 00:00:00,26.35,26.36,26.41,26.32,26.31,26.27,26.06,25.72,25.18,23.88,20.77,18.28,16.15,14.85,13.62,12.82,12.27,11.74,11.35,11.09,10.85,10.72,11.17
2020-07-27 00:00:00,26.62,26.62,26.7,26.62,26.6,26.56,26.47,26.4,25.96,24.83,21.57,17.7,16.17,14.52,13.55,12.8,12.3,11.78,11.41,11.16,10.94,10.77,11.25
2020-07-28 00:00:00,26.32,26.32,26.39,26.3,26.28,26.26,26.23,26.29,26.18,26.04,21.59,17.77,16.18,14.78,13.64,12.88,12.22,11.57,11.25,11.07,10.8,10.63,11.14
2020-07-29 00:00:00,26.97,26.61,26.35,26.06,26,25.93,25.89,25.95,25.8,25.42,21.96,18.02,16.1,14.7,13.85,13.17,12.46,11.8,11.31,11.1,10.84,10.66,11.16
2020-07-30 00:00:00,26.75,26.75,26.8,26.49,26.28,26.01,25.79,25.62,25.17,23.43,20.9,18.38,16.42,14.91,14.04,13.18,12.35,11.8,11.31,11,10.76,10.65,11.14
2020-07-31 00:00:00,25.75,25.76,25.82,25.71,25.68,25.59,25.5,25.48,25.27,24.33,21.73,19.73,16.42,14.75,13.77,12.68,12.06,11.65,11.27,11.07,10.87,10.7,11.14
2020-08-01 00:00:00,25.87,25.87,25.86,25.68,25.6,25.49,25.44,25.49,25.34,24.75,22.44,18.89,16.05,14.89,13.65,12.82,12.34,11.88,11.48,11.22,10.99,10.78,11.23
2020-08-02 00:00:00,25.71,25.73,25.8,25.73,25.72,25.71,25.67,25.6,25.38,25.16,24.03,19.06,16.02,14.94,13.95,12.97,12.4,11.9,11.56,11.25,10.91,10.71,11.13
2020-08-03 00:00:00,24.77,24.79,24.86,24.79,24.8,24.8,24.79,24.88,24.75,24.55,22.8,18.83,16.49,14.84,13.74,12.93,12.25,11.76,11.34,11.04,10.82,10.68,11.14
2020-08-04 00:00:00,24.02,24.03,24.11,24.02,24.01,23.99,23.96,24.04,23.92,23.84,22.95,19.55,16.88,14.88,13.33,12.64,12.13,11.55,11.23,11,10.78,10.67,11.11
2020-08-05 00:00:00,23.83,23.85,23.9,23.81,23.8,23.76,23.73,23.82,23.7,23.65,23.27,20.34,17.05,14.59,12.96,12.29,11.9,11.53,11.25,11.02,10.81,10.68,11.12
2020-08-06 00:00:00,24.28,24.15,24.02,23.82,23.76,23.67,23.63,23.72,23.6,23.57,23.2,19.15,16.46,14.74,13.76,12.78,12.18,11.7,11.34,11.1,10.84,10.69,11.13
2020-08-07 00:00:00,23.85,23.85,23.92,23.82,23.78,23.68,23.62,23.65,23.47,23.36,22.9,19.14,16.42,14.98,13.9,12.98,12.04,11.57,11.25,11.03,10.75,10.61,11.1
2020-08-08 00:00:00,23.95,23.96,24.01,23.89,23.84,23.74,23.65,23.69,23.55,23.52,23.27,19.46,16.32,14.78,13.55,12.55,11.89,11.5,11.17,10.96,10.74,10.6,11.1
2020-08-09 00:00:00,24.52,24.48,24.52,24.42,24.42,24.4,24.37,24.32,23.76,23.51,22.88,19.33,16.56,15.04,13.51,12.42,11.86,11.51,11.25,11,10.78,10.65,11.12
2020-08-10 00:00:00,24.34,24.3,24.33,24.23,24.21,24.18,24.15,24.22,24.07,23.82,22.55,20.05,16.89,14.93,13.52,12.64,12.03,11.55,11.28,11.06,10.8,10.65,11.12
2020-08-11 00:00:00,25.09,24.79,24.52,24.27,24.2,24.14,24.09,24.16,24.01,23.95,23.78,20.1,16.67,14.71,13.27,12.49,11.89,11.48,11.17,10.98,10.77,10.63,11.1
2020-08-12 00:00:00,25.58,25.58,25.54,25.18,24.62,24.06,23.92,23.96,23.82,23.8,23.4,19.07,16.1,14.82,13.75,12.79,12.25,11.71,11.4,11.15,10.88,10.73,11.2
2020-08-13 00:00:00,24.54,24.55,24.58,24.4,24.26,24.06,23.95,23.97,23.79,23.57,22.47,19.72,17.08,15,13.81,12.85,12.18,11.73,11.34,11.05,10.8,10.66,11.12
2020-08-14 00:00:00,24.81,24.8,24.76,24.55,24.32,24.12,24,24.02,23.85,23.64,22.67,20.27,17.39,14.72,13.45,12.64,12.02,11.51,11.21,11.01,10.8,10.66,11.12
2020-08-15 00:00:00,24.64,24.64,24.7,24.59,24.52,24.42,24.27,24.27,24.01,23.8,23.11,20.79,16.88,14.88,13.68,12.77,12.11,11.64,11.32,11.15,10.93,10.78,11.22
2020-08-16 00:00:00,24.59,24.61,24.66,24.55,24.52,24.45,24.39,24.45,24.29,24.23,24.14,21.28,16.58,14.56,13.62,12.76,12.09,11.61,11.29,11.07,10.84,10.7,11.15
2020-08-17 00:00:00,24.84,24.77,24.79,24.65,24.61,24.53,24.47,24.54,24.38,24.26,23.92,20.45,16.57,14.85,13.62,12.76,12.12,11.65,11.3,11.09,10.88,10.72,11.16
2020-08-18 00:00:00,24.84,24.83,24.84,24.65,24.56,24.48,24.4,24.41,24.25,24,22.81,19.99,17.71,15.16,13.63,12.67,12.05,11.59,11.26,11.03,10.82,10.7,11.14
2020-08-19 00:00:00,25.27,25.19,25,24.7,24.58,24.46,24.29,24.11,23.84,23.67,22.95,20.12,17.52,14.67,13.34,12.5,11.99,11.53,11.19,10.99,10.8,10.69,11.13
2020-08-20 00:00:00,24.69,24.69,24.75,24.66,24.62,24.47,24.3,24.27,24.08,23.98,23.35,20.73,17.7,14.93,13.47,12.52,11.97,11.58,11.3,11.08,10.86,10.74,11.19
2020-08-21 00:00:00,24.64,24.63,24.64,24.51,24.45,24.34,24.23,24.25,24,23.85,23.48,20.3,17.36,14.88,13.62,12.8,12.16,11.68,11.36,11.11,10.86,10.72,11.16
2020-08-22 00:00:00,24.67,24.68,24.75,24.65,24.65,24.6,24.52,24.46,24.12,23.9,23.42,20.6,16.83,14.89,13.67,12.76,12,11.52,11.29,11.08,10.82,10.68,11.12
2020-08-23 00:00:00,25.38,24.84,24.73,24.53,24.49,24.45,24.39,24.42,24.19,23.95,23.53,21.12,16.7,14.49,13.29,12.53,11.88,11.5,11.25,11.06,10.84,10.7,11.14
2020-08-24 00:00:00,26.36,26.23,26.04,25.23,24.88,24.64,24.43,24.32,24.1,23.9,23.41,21.24,17.26,15.19,13.56,12.65,11.95,11.54,11.28,11.07,10.85,10.73,11.16
2020-08-25 00:00:00,26.05,26.06,26.11,25.9,25.64,25.29,24.91,24.64,24.17,23.45,22.33,19.86,17.07,14.77,13.48,12.63,12.15,11.69,11.39,11.18,10.96,10.8,11.24
2020-08-26 00:00:00,25.7,25.71,25.79,25.7,25.66,25.5,25.13,24.8,24.11,23.43,22.54,20.9,17.59,15.19,13.76,12.81,12.16,11.64,11.34,11.1,10.8,10.7,11.16
2020-08-27 00:00:00,25.74,25.75,25.83,25.74,25.71,25.68,25.57,25.54,25.22,24.63,22.73,21.53,17.82,15.28,13.71,12.84,12.15,11.7,11.38,11.15,10.93,10.78,11.21
2020-08-28 00:00:00,25.76,25.78,25.84,25.76,25.75,25.73,25.7,25.72,25.12,23.98,22.25,20.27,18.01,15.63,13.95,13.2,12.62,12.05,11.56,11.31,11.06,10.87,11.28
2020-08-29 00:00:00,25.3,25.31,25.4,25.32,25.32,25.32,25.3,25.39,25.24,24.97,24.16,22.92,18.83,16.03,14.01,13.03,12.35,11.77,11.37,11.1,10.84,10.7,11.16
2020-08-30 00:00:00,24.96,24.98,25,24.84,24.79,24.74,24.72,24.8,24.68,24.63,24.2,20.53,17.27,14.96,13.7,12.98,12.51,11.97,11.49,11.22,11,10.82,11.28
2020-08-31 00:00:00,24.08,24.08,24.17,24.09,24.08,24.08,24.04,24.11,23.99,23.92,23.51,20.11,17.82,15.9,14.07,13.31,12.6,12.06,11.67,11.33,10.98,10.78,11.23
2020-09-01 00:00:00,23.62,23.65,23.71,23.63,23.61,23.58,23.56,23.63,23.5,23.47,23.43,21.98,18.07,15.38,13.88,12.96,12.28,11.82,11.48,11.23,10.97,10.8,11.25
2020-09-02 00:00:00,23.39,23.39,23.46,23.37,23.35,23.34,23.3,23.38,23.26,23.24,23.12,22.05,19.24,16.01,14.15,13.23,12.6,12.05,11.6,11.34,11.14,11.01,11.41
2020-09-03 00:00:00,23.09,23.1,23.18,23.1,23.1,23.1,23.1,23.2,23.09,23.09,23.09,22.81,20.71,17.98,15.93,13.85,12.72,12.15,11.75,11.5,11.25,11.05,11.47
2020-09-04 00:00:00,22.56,22.58,22.66,22.57,22.57,22.57,22.57,22.67,22.57,22.55,22.55,22.53,21.73,17.53,14.18,13.27,12.62,12.02,11.53,11.25,11.06,10.95,11.38
2020-09-05 00:00:00,22.42,22.42,22.49,22.4,22.36,22.33,22.29,22.38,22.26,22.24,22.21,22.18,21.06,15.98,14.18,13.35,12.53,11.8,11.43,11.2,11.01,10.9,11.35
2020-09-06 00:00:00,22.05,22.06,22.14,22.06,22.05,22.05,22.04,22.13,22,21.94,21.85,21.78,20.12,16.98,14.57,13.51,12.68,12.02,11.58,11.33,11.06,10.91,11.38
2020-09-07 00:00:00,21.6,21.61,21.7,21.61,21.61,21.61,21.61,21.71,21.61,21.6,21.58,21.53,20.97,18.18,15.5,13.59,12.75,12.29,11.88,11.61,11.3,11.1,11.51
2020-09-08 00:00:00,20.92,20.96,21.04,20.96,20.96,20.96,20.96,21.07,20.96,20.96,20.96,20.95,20.76,17.82,15.3,13.61,12.88,12.25,11.81,11.51,11.2,11.05,11.49
2020-09-09 00:00:00,20,20.02,20.12,20.04,20.03,20.05,20.03,20.15,20.04,20.03,20.04,20.03,19.99,18.6,15.14,13.76,12.75,12.05,11.59,11.32,11.13,11.03,11.46
2020-09-10 00:00:00,19.05,19.07,19.16,19.08,19.08,19.08,19.08,19.18,19.08,19.08,19.08,19.07,19.06,18.97,15.57,13.95,13.07,12.12,11.54,11.32,11.18,11.07,11.46
2020-09-11 00:00:00,18.61,18.62,18.73,18.63,18.62,18.63,18.62,18.74,18.62,18.62,18.62,18.61,18.6,18.2,14.7,13.65,12.74,12.01,11.5,11.28,11.12,10.96,11.36
2020-09-12 00:00:00,18.38,18.39,18.5,18.38,18.38,18.38,18.37,18.49,18.37,18.37,18.36,18.35,18.35,18.3,15.82,14.29,13.06,12.31,11.77,11.41,11.1,10.98,11.41
2020-09-13 00:00:00,18.52,18.53,18.6,18.45,18.42,18.35,18.33,18.44,18.33,18.33,18.33,18.33,18.33,18.32,18.19,15.15,13.43,12.51,11.83,11.44,11.13,10.98,11.4
2020-09-14 00:00:00,18.93,18.95,19,18.71,18.56,18.44,18.38,18.46,18.32,18.3,18.3,18.29,18.26,18.22,17.15,14.03,12.82,12.09,11.57,11.31,11.13,11.02,11.46
2020-09-15 00:00:00,18.52,18.54,18.62,18.5,18.47,18.45,18.41,18.5,18.38,18.36,18.34,18.31,18.29,18.23,17.42,14.53,13.12,12.33,11.78,11.45,11.21,11.09,11.49
2020-09-16 00:00:00,18.82,18.82,18.91,18.81,18.78,18.76,18.73,18.78,18.63,18.57,18.55,18.52,18.5,18.45,17.86,15.1,13.17,12.35,11.82,11.53,11.25,11.09,11.46
2020-09-17 00:00:00,18.96,18.98,19.04,18.91,18.86,18.8,18.79,18.9,18.77,18.77,18.73,18.69,18.62,18.34,17.16,14.35,12.93,12.25,11.78,11.53,11.3,11.12,11.51
2020-09-18 00:00:00,18.77,18.77,18.75,18.55,18.52,18.51,18.5,18.62,18.49,18.47,18.45,18.42,18.4,18.11,16.75,14.47,12.71,12.08,11.7,11.52,11.3,11.15,11.52
2020-09-19 00:00:00,18.39,18.41,18.49,18.35,18.3,18.25,18.22,18.32,18.18,18.16,18.14,18.13,18.1,18.04,17.36,15.2,13.12,12.22,11.72,11.49,11.3,11.15,11.54
2020-09-20 00:00:00,18.1,18.11,18.2,18.11,18.1,18.1,18.07,18.18,18.04,18.01,18,17.98,17.98,17.96,16.91,14.61,12.88,12.03,11.6,11.43,11.25,11.11,11.52
2020-09-21 00:00:00,17.96,17.99,18.07,17.98,17.97,17.95,17.93,18.04,17.9,17.88,17.87,17.85,17.84,17.82,17,14.62,12.96,12.2,11.78,11.53,11.3,11.12,11.52
2020-09-22 00:00:00,18.66,18.34,18.27,18,17.96,17.94,17.93,18.05,17.92,17.86,17.82,17.77,17.73,17.71,17.37,14.78,13.1,12.2,11.72,11.45,11.25,11.11,11.49
2020-09-23 00:00:00,19.32,19.08,19.03,18.73,18.49,18.08,17.9,18,17.82,17.8,17.8,17.78,17.76,17.72,17.4,15.05,13.12,12.24,11.67,11.39,11.21,11.1,11.5
2020-09-24 00:00:00,18.65,18.66,18.73,18.63,18.61,18.53,18.28,18.19,17.92,17.86,17.82,17.77,17.71,17.62,17.42,15.52,13.07,12.25,11.7,11.4,11.18,11.09,11.51
2020-09-25 00:00:00,18.27,18.29,18.36,18.28,18.26,18.26,18.23,18.31,18.12,18.08,18.03,17.95,17.88,17.73,17.32,15.74,13.27,12.32,11.79,11.47,11.24,11.11,11.51
2020-09-26 00:00:00,18.41,18.42,18.51,18.42,18.41,18.41,18.39,18.5,18.34,18.28,18.24,18.18,18.02,17.71,16.8,14.81,13.02,12.3,11.76,11.46,11.21,11.08,11.49
2020-09-27 00:00:00,18.71,18.71,18.8,18.7,18.68,18.65,18.61,18.67,18.5,18.47,18.42,18.34,18.25,17.93,17.36,15.85,14.37,13.06,12.31,11.79,11.39,11.22,11.62
2020-09-28 00:00:00,18.32,18.33,18.42,18.35,18.33,18.33,18.33,18.46,18.33,18.33,18.31,18.27,18.2,18.06,17.85,17.2,14.85,12.85,12.03,11.62,11.38,11.2,11.6
2020-09-29 00:00:00,17.75,17.75,17.85,17.76,17.75,17.76,17.76,17.88,17.76,17.76,17.76,17.76,17.76,17.75,17.76,17.73,16.07,12.75,11.93,11.56,11.25,11.09,11.47
2020-09-30 00:00:00,17.33,17.37,17.46,17.37,17.37,17.37,17.37,17.5,17.37,17.37,17.37,17.37,17.37,17.37,17.38,17.33,15.77,14.12,13.4,12.65,11.95,11.62,11.92
2020-10-01 00:00:00,16.81,16.85,16.94,16.85,16.84,16.84,16.84,16.98,16.84,16.84,16.84,16.84,16.84,16.82,16.81,16.76,16.71,15.31,12.74,11.84,11.52,11.24,11.61
2020-10-02 00:00:00,16.58,16.55,16.57,16.43,16.41,16.4,16.39,16.51,16.4,16.4,16.4,16.4,16.39,16.37,16.4,16.35,15.72,13.76,12.08,11.65,11.31,11.09,11.52
2020-10-03 00:00:00,16.1,16.12,16.21,16.14,16.12,16.12,16.11,16.25,16.11,16.11,16.11,16.11,16.11,16.1,16.11,16.08,15.19,13.38,12.27,11.84,11.59,11.32,11.66
2020-10-04 00:00:00,15.73,15.76,15.85,15.77,15.76,15.76,15.75,15.85,15.73,15.72,15.72,15.72,15.71,15.7,15.7,15.69,15.62,14.77,13.03,12.06,11.55,11.3,11.68
2020-10-05 00:00:00,15.4,15.45,15.53,15.45,15.43,15.44,15.43,15.56,15.43,15.42,15.42,15.42,15.42,15.41,15.43,15.39,15.34,13.73,12.08,11.61,11.32,11.18,11.6
2020-10-06 00:00:00,15.22,15.21,15.3,15.21,15.19,15.19,15.18,15.28,15.17,15.15,15.15,15.15,15.15,15.13,15.15,15.13,15.08,14.35,12.55,11.83,11.55,11.43,11.86
2020-10-07 00:00:00,15.18,15.19,15.29,15.19,15.18,15.18,15.18,15.28,15.17,15.15,15.14,15.14,15.12,15.1,15.1,15.08,15.04,14.96,13.8,12.28,11.67,11.46,11.86
2020-10-08 00:00:00,15.7,15.56,15.5,15.33,15.26,15.21,15.18,15.28,15.17,15.17,15.17,15.16,15.15,15.14,15.14,15.07,15.02,14.53,12.73,11.9,11.47,11.26,11.71
2020-10-09 00:00:00,15.28,15.28,15.35,15.21,15.17,15.13,15.1,15.19,15.08,15.07,15.07,15.06,15.06,15.05,15.05,15,14.83,14.11,12.62,11.88,11.53,11.34,11.78
2020-10-10 00:00:00,15.51,15.48,15.5,15.36,15.32,15.3,15.27,15.35,15.22,15.22,15.21,15.2,15.2,15.2,15.2,15.18,15.15,14.95,14.3,12.67,11.91,11.55,11.92
2020-10-11 00:00:00,15.18,15.2,15.3,15.2,15.18,15.18,15.17,15.28,15.16,15.15,15.15,15.15,15.14,15.14,15.15,15.13,15.04,14.74,13.61,12.22,11.54,11.36,11.81
2020-10-12 00:00:00,15.06,15.07,15.17,15.07,15.07,15.07,15.07,15.17,15.07,15.07,15.07,15.07,15.07,15.07,15.07,15.06,15.03,14.76,13.74,12.85,12.31,12.03,12.36
2020-10-13 00:00:00,14.78,14.81,14.9,14.83,14.8,14.81,14.8,14.92,14.8,14.8,14.8,14.8,14.8,14.8,14.81,14.8,14.78,14.78,14.76,14.62,13.53,12.54,12.53
2020-10-14 00:00:00,14.63,14.66,14.76,14.67,14.65,14.67,14.65,14.77,14.67,14.65,14.66,14.65,14.66,14.65,14.67,14.64,14.63,14.62,14.6,14.18,13.02,11.93,12.07
2020-10-15 00:00:00,14.3,14.32,14.43,14.34,14.32,14.33,14.32,14.43,14.33,14.32,14.33,14.32,14.32,14.32,14.35,14.32,14.32,14.32,14.32,14.33,14.18,13.93,14.33
2020-10-16 00:00:00,13.93,13.97,14.07,13.97,13.97,13.97,13.97,14.07,13.97,13.97,13.97,13.97,13.96,13.95,13.98,13.94,13.94,13.94,13.93,13.95,13.9,13.88,14.38
2020-10-17 00:00:00,13.44,13.47,13.58,13.49,13.46,13.48,13.47,13.55,13.47,13.46,13.46,13.45,13.45,13.45,13.5,13.45,13.44,13.43,13.43,13.47,13.43,13.42,13.99
2020-10-18 00:00:00,13.22,13.24,13.34,13.25,13.24,13.25,13.24,13.33,13.25,13.24,13.24,13.24,13.24,13.24,13.26,13.24,13.24,13.23,13.23,13.27,13.22,13.21,13.76
2020-10-19 00:00:00,12.88,12.92,13.03,12.94,12.92,12.93,12.93,13.01,12.93,12.93,12.93,12.92,12.93,12.92,12.94,12.92,12.92,12.91,12.92,12.95,12.91,12.91,13.5
2020-10-20 00:00:00,12.44,12.48,12.58,12.48,12.48,12.48,12.47,12.53,12.47,12.47,12.46,12.45,12.45,12.45,12.47,12.44,12.44,12.43,12.43,12.48,12.43,12.41,13
2020-10-21 00:00:00,12.45,12.46,12.51,12.39,12.35,12.33,12.3,12.37,12.3,12.28,12.28,12.28,12.28,12.28,12.3,12.28,12.27,12.26,12.27,12.31,12.26,12.26,12.86
2020-10-22 00:00:00,12.27,12.3,12.41,12.31,12.3,12.3,12.29,12.35,12.29,12.28,12.28,12.27,12.27,12.27,12.3,12.26,12.26,12.25,12.26,12.3,12.22,12.22,12.82
2020-10-23 00:00:00,11.97,12,12.1,12.01,12,12,12,12.07,12,12,12,12,12,11.99,12,11.99,11.98,11.97,11.96,12,11.95,11.95,12.55
2020-10-24 00:00:00,11.64,11.68,11.79,11.68,11.66,11.67,11.65,11.71,11.65,11.65,11.65,11.65,11.65,11.64,11.65,11.64,11.63,11.61,11.61,11.64,11.58,11.57,12.18
2020-10-25 00:00:00,11.25,11.3,11.43,11.32,11.3,11.32,11.31,11.36,11.32,11.31,11.31,11.31,11.31,11.31,11.33,11.31,11.3,11.3,11.3,11.34,11.3,11.29,11.9
2020-10-26 00:00:00,10.87,10.93,11.04,10.94,10.93,10.94,10.93,10.98,10.93,10.93,10.93,10.93,10.93,10.93,10.95,10.93,10.92,10.91,10.91,10.95,10.88,10.87,11.49
2020-10-27 00:00:00,10.76,10.8,10.91,10.81,10.8,10.8,10.79,10.84,10.78,10.78,10.77,10.76,10.76,10.76,10.78,10.75,10.74,10.73,10.72,10.77,10.69,10.67,11.29
2020-10-28 00:00:00,10.39,10.41,10.53,10.42,10.41,10.42,10.41,10.45,10.41,10.4,10.39,10.38,10.38,10.37,10.39,10.34,10.34,10.33,10.32,10.35,10.29,10.26,10.9
2020-10-29 00:00:00,10.09,10.12,10.24,10.14,10.13,10.12,10.11,10.19,10.12,10.12,10.12,10.12,10.12,10.12,10.15,10.12,10.11,10.11,10.11,10.17,10.09,10.09,10.74
2020-10-30 00:00:00,9.86,9.91,10,9.89,9.88,9.87,9.86,9.9,9.86,9.85,9.85,9.84,9.84,9.84,9.86,9.83,9.83,9.83,9.83,9.88,9.82,9.82,10.48
2020-10-31 00:00:00,9.69,9.71,9.83,9.73,9.73,9.71,9.71,9.75,9.71,9.71,9.71,9.71,9.71,9.71,9.72,9.71,9.7,9.7,9.71,9.74,9.7,9.7,10.36
2020-11-01 00:00:00,9.46,9.49,9.61,9.51,9.51,9.5,9.49,9.54,9.5,9.49,9.49,9.49,9.49,9.49,9.5,9.48,9.48,9.48,9.48,9.53,9.47,9.47,10.13
2020-11-02 00:00:00,8.96,8.97,9.11,9,9.01,8.99,8.97,9.03,8.97,8.96,8.96,8.96,8.95,8.95,8.95,8.93,8.93,8.93,8.93,8.96,8.93,8.91,9.57
2020-11-03 00:00:00,8.89,8.92,9.04,8.92,8.92,8.89,8.85,8.93,8.85,8.84,8.83,8.82,8.81,8.79,8.79,8.75,8.74,8.74,8.74,8.79,8.72,8.7,9.38
2020-11-04 00:00:00,9.09,9.1,9.2,9.1,9.1,9.09,9.07,9.1,9.05,9.03,9.03,9,8.99,8.92,8.9,8.86,8.83,8.77,8.72,8.73,8.64,8.63,9.29
2020-11-05 00:00:00,9.61,9.34,9.39,9.22,9.22,9.16,9.13,9.21,9.12,9.12,9.12,9.1,9.1,9.07,9.05,8.96,8.9,8.85,8.81,8.82,8.74,8.69,9.35
2020-11-06 00:00:00,9.65,9.68,9.73,9.5,9.39,9.27,9.19,9.2,9.16,9.13,9.1,9.07,9.05,9.01,9,8.92,8.9,8.87,8.85,8.88,8.76,8.72,9.39
2020-11-07 00:00:00,9.47,9.49,9.6,9.5,9.5,9.48,9.45,9.49,9.43,9.43,9.41,9.37,9.31,9.21,9.13,8.99,8.91,8.89,8.85,8.84,8.75,8.71,9.38
2020-11-08 00:00:00,9.57,9.57,9.68,9.58,9.58,9.56,9.54,9.58,9.54,9.52,9.5,9.49,9.48,9.47,9.48,9.45,9.43,9.39,9.35,9.28,9.12,9,9.57
2020-11-09 00:00:00,9.87,9.87,9.98,9.88,9.88,9.86,9.83,9.88,9.82,9.82,9.81,9.8,9.76,9.71,9.69,9.64,9.6,9.55,9.5,9.4,9.21,9.05,9.6
2020-11-10 00:00:00,9.99,10,10.1,10,10,9.99,9.98,10,9.96,9.94,9.93,9.92,9.9,9.88,9.9,9.85,9.82,9.78,9.72,9.65,9.43,9.24,9.79
2020-11-11 00:00:00,9.81,9.85,9.96,9.88,9.87,9.85,9.83,9.88,9.83,9.82,9.82,9.81,9.81,9.81,9.83,9.8,9.78,9.77,9.75,9.8,9.72,9.7,10.36
2020-11-12 00:00:00,9.64,9.68,9.81,9.72,9.71,9.69,9.67,9.7,9.66,9.65,9.65,9.65,9.65,9.65,9.67,9.64,9.62,9.63,9.62,9.68,9.59,9.59,10.28
2020-11-13 00:00:00,9.44,9.49,9.61,9.53,9.51,9.49,9.47,9.53,9.48,9.47,9.48,9.48,9.48,9.47,9.5,9.47,9.47,9.46,9.46,9.5,9.45,9.44,10.14
2020-11-14 00:00:00,9.07,9.11,9.24,9.16,9.15,9.13,9.11,9.17,9.12,9.11,9.12,9.12,9.12,9.12,9.14,9.12,9.11,9.12,9.12,9.16,9.1,9.1,9.82
2020-11-15 00:00:00,8.92,8.94,9.07,9,8.97,8.94,8.93,9,8.94,8.93,8.94,8.93,8.94,8.94,8.95,8.94,8.94,8.94,8.94,8.99,8.94,8.94,9.66
2020-11-16 00:00:00,8.46,8.5,8.61,8.54,8.52,8.51,8.49,8.54,8.49,8.47,8.47,8.47,8.47,8.47,8.49,8.46,8.46,8.46,8.45,8.5,8.43,8.43,9.16
2020-11-17 00:00:00,8.08,8.11,8.24,8.16,8.14,8.12,8.1,8.16,8.11,8.1,8.1,8.1,8.1,8.1,8.11,8.1,8.1,8.1,8.1,8.14,8.07,8.07,8.82
2020-11-18 00:00:00,7.85,7.9,8.02,7.94,7.92,7.91,7.89,7.94,7.89,7.88,7.88,7.88,7.87,7.87,7.88,7.86,7.86,7.85,7.85,7.9,7.82,7.81,8.56
2020-11-19 00:00:00,7.77,7.78,7.91,7.83,7.81,7.78,7.77,7.82,7.77,7.77,7.77,7.76,7.76,7.76,7.77,7.75,7.74,7.74,7.73,7.78,7.7,7.7,8.47
2020-11-20 00:00:00,7.67,7.68,7.81,7.74,7.7,7.68,7.67,7.73,7.67,7.67,7.66,7.66,7.66,7.66,7.67,7.65,7.65,7.65,7.65,7.7,7.65,7.64,8.39
2020-11-21 00:00:00,7.62,7.66,7.77,7.7,7.67,7.67,7.67,7.7,7.67,7.67,7.67,7.67,7.67,7.67,7.68,7.67,7.67,7.67,7.67,7.7,7.67,7.67,8.41
