datetime,wtr_0,wtr_0.5,wtr_1,wtr_1.5,wtr_2,wtr_2.5,wtr_3,wtr_3.5,wtr_4,wtr_4.5,wtr_5,wtr_5.5,wtr_6,wtr_6.5,wtr_7,wtr_7.5,wtr_8,wtr_8.5,wtr_9,wtr_9.5,wtr_10,wtr_10.5,wtr_11,wtr_11.5,wtr_12,wtr_12.5,wtr_13,wtr_13.5,wtr_14,wtr_14.5,wtr_15,wtr_15.5,wtr_16,wtr_16.5,wtr_17,wtr_17.5,wtr_18,wtr_18.5,wtr_19,wtr_19.5,wtr_20,wtr_20.5,wtr_21,wtr_21.5,wtr_22,wtr_22.5,wtr_23,wtr_23.5,wtr_24,wtr_24.5,wtr_25
2020-04-03 00:00:00,4.53,4.5,4.47,4.42,4.37,4.35,4.34,4.32,4.31,4.31,4.31,4.3,4.3,4.28,4.26,4.23,4.21,4.19,4.18,4.16,4.15,4.14,4.13,4.13,4.12,4.11,4.11,4.1,4.09,4.09,4.08,4.08,4.08,4.07,4.06,4.05,4.04,4.03,4.02,4.01,4,4,4,4,4,4,4,NA,NA,NA,NA
2020-04-04 00:00:00,5.36,5.35,5.35,5.34,5.33,5.32,5.3,5.28,5.24,5.19,5.15,5.08,5.02,4.97,4.91,4.86,4.81,4.76,4.71,4.67,4.63,4.58,4.54,4.5,4.46,4.41,4.37,4.33,4.3,4.26,4.23,4.21,4.18,4.17,4.15,4.13,4.12,4.11,4.1,4.09,4.09,4.08,4.08,4.07,4.07,4.07,4.07,NA,NA,NA,NA
2020-04-05 00:00:00,5.36,5.37,5.37,5.38,5.38,5.38,5.37,5.37,5.36,5.36,5.36,5.35,5.35,5.34,5.34,5.33,5.33,5.33,5.32,5.32,5.31,5.31,5.31,5.3,5.3,5.29,5.29,5.29,5.28,5.28,5.28,5.28,5.27,5.27,5.27,5.27,5.26,5.26,5.26,5.26,5.25,5.25,5.25,5.24,5.24,5.24,5.24,NA,NA,NA,NA
2020-04-06 00:00:00,6.36,6.37,6.37,6.37,6.37,6.37,6.36,6.33,6.29,6.22,6.16,6.1,6.04,5.99,5.94,5.89,5.85,5.81,5.77,5.75,5.72,5.7,5.67,5.65,5.63,5.61,5.59,5.57,5.55,5.54,5.53,5.52,5.51,5.5,5.5,5.49,5.49,5.49,5.48,5.48,5.48,5.47,5.47,5.47,5.47,5.47,5.47,5.47,NA,NA,NA
2020-04-07 00:00:00,7.28,7.28,7.28,7.28,7.27,7.26,7.23,7.2,7.14,7.05,6.96,6.87,6.8,6.73,6.66,6.6,6.54,6.48,6.42,6.38,6.34,6.3,6.26,6.22,6.19,6.16,6.12,6.08,6.04,6.01,5.99,5.97,5.95,5.93,5.92,5.91,5.9,5.89,5.89,5.88,5.88,5.87,5.87,5.86,5.86,5.86,5.85,5.85,NA,NA,NA
2020-04-08 00:00:00,8.73,8.73,8.73,8.72,8.71,8.68,8.62,8.54,8.42,8.26,8.08,7.89,7.72,7.57,7.43,7.31,7.19,7.08,6.99,6.92,6.85,6.79,6.74,6.69,6.64,6.6,6.56,6.51,6.47,6.43,6.4,6.38,6.36,6.34,6.33,6.32,6.31,6.3,6.3,6.29,6.29,6.28,6.28,6.28,6.28,6.27,6.27,6.27,6.27,NA,NA
2020-04-09 00:00:00,9.49,9.5,9.5,9.51,9.51,9.5,9.48,9.46,9.43,9.38,9.28,9.08,8.92,8.84,8.73,8.59,8.45,8.31,8.19,8.07,7.97,7.87,7.78,7.69,7.6,7.51,7.43,7.35,7.27,7.19,7.12,7.05,7,6.95,6.91,6.88,6.86,6.84,6.83,6.81,6.8,6.79,6.78,6.77,6.76,6.76,6.75,6.74,6.74,6.73,NA
2020-04-10 00:00:00,9.45,9.46,9.46,9.46,9.46,9.46,9.46,9.45,9.45,9.44,9.43,9.42,9.4,9.38,9.36,9.34,9.32,9.31,9.29,9.27,9.26,9.25,9.23,9.22,9.21,9.19,9.18,9.17,9.16,9.15,9.14,9.13,9.12,9.11,9.1,9.1,9.09,9.09,9.08,9.08,9.07,9.07,9.07,9.07,9.06,9.06,9.06,9.06,9.06,9.06,9.06
2020-04-11 00:00:00,10.44,10.44,10.44,10.44,10.44,10.44,10.44,10.43,10.41,10.39,10.36,10.32,10.28,10.23,10.19,10.16,10.13,10.1,10.07,10.04,10.02,10,9.98,9.97,9.95,9.93,9.92,9.9,9.89,9.87,9.86,9.84,9.83,9.82,9.82,9.81,9.8,9.8,9.8,9.79,9.79,9.78,9.78,9.78,9.77,9.77,9.77,9.76,9.76,9.76,9.76
2020-04-12 00:00:00,11.37,11.37,11.37,11.37,11.37,11.35,11.34,11.3,11.24,11.17,11.09,10.99,10.88,10.78,10.69,10.61,10.54,10.47,10.41,10.36,10.32,10.28,10.25,10.22,10.2,10.17,10.14,10.12,10.1,10.08,10.06,10.04,10.03,10.02,10.01,10,10,9.99,9.99,9.99,9.98,9.98,9.98,9.98,9.98,9.97,9.97,9.97,9.97,9.97,9.97
2020-04-13 00:00:00,11.8,11.8,11.8,11.8,11.8,11.8,11.8,11.78,11.76,11.7,11.6,11.45,11.29,11.13,11.01,10.9,10.8,10.72,10.64,10.57,10.51,10.46,10.43,10.39,10.36,10.33,10.3,10.27,10.25,10.21,10.19,10.17,10.15,10.14,10.12,10.12,10.11,10.1,10.1,10.1,10.09,10.09,10.09,10.09,10.08,10.08,10.08,10.08,10.08,10.08,10.08
2020-04-14 00:00:00,11.13,11.14,11.15,11.16,11.18,11.18,11.19,11.19,11.19,11.19,11.18,11.18,11.18,11.18,11.17,11.17,11.17,11.17,11.16,11.16,11.16,11.16,11.16,11.16,11.16,11.15,11.15,11.15,11.15,11.15,11.15,11.15,11.15,11.15,11.15,11.15,11.14,11.14,11.14,11.14,11.14,11.14,11.14,11.14,11.14,11.14,11.14,11.14,11.14,11.14,11.14
2020-04-15 00:00:00,11.48,11.48,11.48,11.48,11.48,11.48,11.48,11.48,11.48,11.48,11.48,11.47,11.47,11.47,11.46,11.46,11.46,11.45,11.45,11.45,11.45,11.44,11.44,11.44,11.44,11.44,11.43,11.43,11.43,11.43,11.43,11.42,11.42,11.42,11.42,11.42,11.42,11.42,11.41,11.41,11.41,11.41,11.41,11.41,11.41,11.41,11.4,11.4,11.39,11.39,11.39
2020-04-16 00:00:00,11.98,11.98,11.98,11.98,11.99,11.99,11.99,11.99,11.99,11.98,11.97,11.95,11.92,11.9,11.88,11.86,11.84,11.82,11.81,11.79,11.78,11.76,11.75,11.74,11.73,11.72,11.71,11.7,11.7,11.69,11.68,11.67,11.66,11.66,11.65,11.65,11.64,11.64,11.64,11.63,11.63,11.63,11.63,11.63,11.62,11.62,11.62,11.62,11.62,11.62,11.62
2020-04-17 00:00:00,12.44,12.45,12.47,12.49,12.51,12.52,12.52,12.52,12.5,12.48,12.44,12.4,12.36,12.31,12.27,12.23,12.2,12.16,12.13,12.1,12.07,12.05,12.03,12.01,11.99,11.97,11.96,11.94,11.93,11.91,11.89,11.88,11.87,11.86,11.85,11.84,11.84,11.84,11.83,11.83,11.83,11.82,11.82,11.82,11.82,11.82,11.82,11.82,11.81,11.81,11.81
2020-04-18 00:00:00,13.02,13.03,13.03,13.03,13.04,13.04,13.04,13.04,13.02,12.97,12.89,12.8,12.7,12.6,12.52,12.45,12.39,12.34,12.29,12.25,12.21,12.18,12.16,12.14,12.12,12.1,12.08,12.06,12.04,12.02,12.01,11.99,11.98,11.97,11.96,11.95,11.95,11.95,11.94,11.94,11.94,11.94,11.94,11.93,11.93,11.93,11.93,11.93,11.93,11.93,11.93
2020-04-19 00:00:00,12.79,12.79,12.8,12.8,12.8,12.8,12.8,12.8,12.8,12.8,12.79,12.79,12.79,12.79,12.79,12.78,12.78,12.78,12.78,12.78,12.77,12.77,12.77,12.77,12.77,12.76,12.76,12.76,12.76,12.76,12.75,12.75,12.75,12.75,12.75,12.75,12.74,12.74,12.74,12.74,12.74,12.74,12.74,12.74,12.74,12.74,12.73,12.73,12.73,12.73,12.73
2020-04-20 00:00:00,13.03,13.06,13.09,13.12,13.14,13.15,13.15,13.15,13.14,13.14,13.13,13.13,13.12,13.11,13.11,13.1,13.1,13.09,13.08,13.08,13.07,13.07,13.06,13.06,13.05,13.05,13.04,13.04,13.04,13.03,13.03,13.03,13.02,13.02,13.02,13.02,13.01,13.01,13.01,13.01,13.01,13.01,13,13,13,13,13,12.99,12.99,12.99,12.99
2020-04-21 00:00:00,13.29,13.29,13.3,13.3,13.31,13.31,13.32,13.32,13.32,13.32,13.32,13.32,13.32,13.32,13.32,13.32,13.33,13.33,13.33,13.33,13.33,13.33,13.33,13.33,13.32,13.32,13.32,13.32,13.32,13.32,13.32,13.32,13.32,13.32,13.32,13.32,13.32,13.32,13.32,13.32,13.32,13.32,13.32,13.32,13.32,13.32,13.32,13.32,13.32,13.32,13.32
2020-04-22 00:00:00,13.67,13.67,13.67,13.67,13.67,13.67,13.67,13.67,13.66,13.65,13.64,13.62,13.6,13.58,13.56,13.54,13.52,13.5,13.48,13.46,13.45,13.43,13.42,13.41,13.39,13.38,13.37,13.36,13.35,13.33,13.32,13.32,13.31,13.31,13.3,13.3,13.3,13.3,13.3,13.3,13.3,13.3,13.3,13.3,13.3,13.3,13.3,13.3,13.3,13.31,13.32
2020-04-23 00:00:00,13.89,13.89,13.9,13.9,13.9,13.9,13.9,13.89,13.88,13.87,13.85,13.82,13.8,13.77,13.75,13.73,13.71,13.69,13.67,13.65,13.64,13.63,13.62,13.61,13.6,13.59,13.58,13.57,13.56,13.55,13.54,13.54,13.53,13.52,13.52,13.52,13.51,13.51,13.51,13.51,13.51,13.5,13.5,13.5,13.5,13.5,13.5,13.5,13.5,13.49,13.49
2020-04-24 00:00:00,14.78,14.78,14.79,14.79,14.79,14.76,14.69,14.6,14.48,14.37,14.25,14.14,14.04,13.96,13.91,13.86,13.83,13.8,13.77,13.74,13.72,13.7,13.69,13.68,13.67,13.65,13.64,13.63,13.62,13.61,13.6,13.6,13.59,13.58,13.58,13.58,13.57,13.57,13.57,13.57,13.57,13.57,13.57,13.56,13.56,13.56,13.56,13.56,13.56,13.56,13.56
2020-04-25 00:00:00,14.91,14.91,14.91,14.91,14.92,14.92,14.92,14.91,14.87,14.79,14.67,14.54,14.4,14.28,14.17,14.09,14.02,13.96,13.9,13.86,13.82,13.79,13.77,13.75,13.73,13.71,13.7,13.69,13.67,13.66,13.64,13.63,13.63,13.62,13.61,13.61,13.61,13.6,13.6,13.6,13.6,13.6,13.6,13.6,13.6,13.6,13.6,13.6,13.6,13.6,13.6
2020-04-26 00:00:00,15.35,15.36,15.36,15.37,15.38,15.38,15.38,15.37,15.34,15.29,15.19,15.04,14.89,14.73,14.6,14.49,14.38,14.29,14.2,14.12,14.06,14.01,13.97,13.94,13.9,13.87,13.85,13.82,13.8,13.77,13.75,13.73,13.72,13.7,13.69,13.68,13.68,13.68,13.67,13.67,13.67,13.66,13.66,13.66,13.66,13.66,13.66,13.66,13.66,13.66,13.66
2020-04-27 00:00:00,16.12,16.12,16.13,16.14,16.15,16.15,16.15,16.11,16.02,15.9,15.68,15.46,15.24,15.04,14.88,14.75,14.63,14.52,14.42,14.33,14.26,14.2,14.15,14.11,14.07,14.03,13.99,13.96,13.93,13.89,13.86,13.83,13.81,13.8,13.78,13.77,13.76,13.76,13.75,13.75,13.75,13.74,13.74,13.74,13.74,13.74,13.74,13.74,13.74,13.74,13.74
2020-04-28 00:00:00,16.22,16.22,16.22,16.22,16.23,16.22,16.2,16.16,16.11,16.04,15.92,15.78,15.63,15.47,15.33,15.2,15.07,14.95,14.83,14.73,14.64,14.57,14.51,14.45,14.39,14.34,14.29,14.25,14.2,14.15,14.11,14.07,14.04,14.02,13.99,13.98,13.97,13.96,13.95,13.95,13.94,13.94,13.93,13.93,13.93,13.93,13.92,13.92,13.92,13.92,13.92
2020-04-29 00:00:00,16.9,16.9,16.91,16.91,16.91,16.91,16.86,16.79,16.69,16.56,16.37,16.16,15.94,15.73,15.55,15.4,15.26,15.14,15.02,14.91,14.82,14.75,14.69,14.63,14.57,14.52,14.47,14.42,14.37,14.31,14.27,14.23,14.2,14.17,14.15,14.13,14.12,14.11,14.1,14.1,14.09,14.09,14.09,14.08,14.08,14.08,14.08,14.08,14.08,14.08,14.08
2020-04-30 00:00:00,15.59,15.59,15.59,15.59,15.6,15.6,15.6,15.6,15.6,15.59,15.59,15.58,15.57,15.56,15.55,15.54,15.53,15.52,15.5,15.49,15.48,15.47,15.46,15.44,15.43,15.42,15.41,15.4,15.38,15.37,15.36,15.35,15.34,15.33,15.32,15.32,15.31,15.31,15.3,15.3,15.29,15.29,15.28,15.28,15.27,15.27,15.26,15.26,15.25,15.25,15.25
2020-05-01 00:00:00,15.68,15.68,15.68,15.68,15.68,15.69,15.69,15.69,15.69,15.69,15.69,15.69,15.69,15.69,15.69,15.69,15.69,15.69,15.69,15.69,15.69,15.69,15.69,15.69,15.69,15.69,15.69,15.69,15.69,15.69,15.69,15.69,15.69,15.68,15.68,15.68,15.68,15.68,15.68,15.68,15.68,15.68,15.68,15.68,15.68,15.68,15.68,15.68,15.68,15.68,15.68
2020-05-02 00:00:00,16.11,16.12,16.12,16.12,16.12,16.12,16.12,16.12,16.11,16.1,16.08,16.05,16.02,15.99,15.96,15.94,15.92,15.9,15.88,15.86,15.84,15.83,15.82,15.81,15.8,15.79,15.78,15.77,15.76,15.75,15.74,15.74,15.73,15.73,15.72,15.72,15.72,15.72,15.72,15.71,15.71,15.71,15.71,15.71,15.71,15.71,15.71,15.71,15.71,15.71,15.71
2020-05-03 00:00:00,16.34,16.34,16.34,16.34,16.34,16.34,16.34,16.34,16.34,16.33,16.32,16.3,16.29,16.27,16.25,16.24,16.22,16.2,16.19,16.17,16.16,16.14,16.13,16.12,16.11,16.1,16.09,16.08,16.06,16.05,16.04,16.03,16.02,16.02,16.01,16,16,16,15.99,15.99,15.99,15.98,15.98,15.98,15.98,15.98,15.97,15.97,15.97,15.97,15.97
2020-05-04 00:00:00,16.51,16.51,16.52,16.52,16.53,16.53,16.54,16.54,16.54,16.54,16.53,16.52,16.51,16.5,16.49,16.48,16.46,16.45,16.43,16.42,16.4,16.39,16.38,16.37,16.36,16.35,16.34,16.33,16.32,16.3,16.29,16.28,16.27,16.27,16.26,16.26,16.25,16.25,16.25,16.24,16.24,16.24,16.24,16.24,16.23,16.23,16.23,16.23,16.23,16.23,16.23
2020-05-05 00:00:00,16.68,16.68,16.68,16.69,16.69,16.69,16.7,16.7,16.7,16.7,16.69,16.68,16.66,16.64,16.63,16.61,16.59,16.58,16.56,16.55,16.53,16.52,16.51,16.5,16.49,16.48,16.47,16.47,16.46,16.45,16.44,16.44,16.43,16.43,16.42,16.42,16.42,16.41,16.41,16.41,16.41,16.41,16.41,16.41,16.41,16.4,16.4,16.4,16.4,16.4,16.4
2020-05-06 00:00:00,16.73,16.73,16.73,16.74,16.74,16.74,16.75,16.75,16.75,16.75,16.75,16.74,16.74,16.73,16.72,16.72,16.71,16.7,16.69,16.68,16.68,16.67,16.66,16.66,16.65,16.64,16.64,16.63,16.62,16.62,16.61,16.61,16.6,16.6,16.59,16.59,16.59,16.59,16.59,16.59,16.58,16.58,16.58,16.58,16.58,16.58,16.58,16.58,16.58,16.58,16.58
2020-05-07 00:00:00,16.98,16.98,16.98,16.99,16.99,17,17.02,17.03,17.02,17.01,16.99,16.96,16.93,16.9,16.88,16.86,16.84,16.82,16.8,16.78,16.77,16.76,16.75,16.74,16.73,16.73,16.72,16.71,16.71,16.7,16.69,16.69,16.68,16.68,16.68,16.68,16.67,16.67,16.67,16.67,16.67,16.67,16.67,16.67,16.67,16.67,16.67,16.67,16.67,16.66,16.66
2020-05-08 00:00:00,17,17,17.01,17.02,17.02,17.03,17.04,17.04,17.04,17.04,17.04,17.04,17.03,17.03,17.02,17.02,17.01,17,16.99,16.98,16.97,16.97,16.96,16.95,16.94,16.94,16.93,16.92,16.92,16.91,16.9,16.89,16.89,16.88,16.88,16.88,16.87,16.87,16.87,16.86,16.86,16.86,16.86,16.86,16.86,16.86,16.86,16.86,16.86,16.86,16.86
2020-05-09 00:00:00,16.64,16.73,16.82,16.9,16.98,17.03,17.07,17.09,17.1,17.11,17.1,17.09,17.08,17.06,17.05,17.04,17.03,17.03,17.02,17.01,17.01,17,17,17,16.99,16.99,16.99,16.98,16.98,16.98,16.98,16.97,16.97,16.97,16.97,16.97,16.97,16.97,16.97,16.96,16.96,16.96,16.96,16.96,16.96,16.96,16.96,16.96,16.96,16.96,16.96
2020-05-10 00:00:00,17.24,17.24,17.25,17.25,17.25,17.25,17.25,17.25,17.25,17.25,17.25,17.24,17.23,17.21,17.2,17.19,17.18,17.16,17.15,17.14,17.13,17.12,17.11,17.1,17.1,17.09,17.08,17.07,17.07,17.06,17.05,17.05,17.04,17.04,17.03,17.03,17.03,17.03,17.02,17.02,17.02,17.02,17.02,17.01,17.01,17.01,17.01,17.01,17.01,17.01,17.01
2020-05-11 00:00:00,17.15,17.15,17.16,17.16,17.16,17.17,17.18,17.2,17.21,17.21,17.21,17.22,17.22,17.22,17.22,17.22,17.22,17.21,17.21,17.21,17.21,17.21,17.21,17.21,17.21,17.21,17.21,17.21,17.21,17.21,17.21,17.21,17.21,17.21,17.21,17.21,17.21,17.21,17.21,17.21,17.21,17.21,17.21,17.21,17.21,17.21,17.21,17.2,17.2,17.2,17.2
2020-05-12 00:00:00,17.31,17.32,17.33,17.34,17.34,17.35,17.36,17.37,17.37,17.37,17.37,17.37,17.37,17.36,17.36,17.36,17.35,17.34,17.34,17.33,17.33,17.32,17.32,17.31,17.31,17.3,17.3,17.29,17.29,17.28,17.27,17.27,17.27,17.26,17.26,17.26,17.26,17.26,17.25,17.25,17.25,17.25,17.25,17.25,17.25,17.24,17.24,17.24,17.24,17.24,17.24
2020-05-13 00:00:00,17.68,17.68,17.68,17.68,17.68,17.68,17.68,17.68,17.68,17.68,17.67,17.64,17.61,17.58,17.55,17.53,17.5,17.48,17.46,17.44,17.42,17.41,17.4,17.39,17.38,17.37,17.36,17.36,17.35,17.34,17.34,17.33,17.33,17.32,17.32,17.32,17.32,17.32,17.31,17.31,17.31,17.31,17.31,17.31,17.31,17.31,17.31,17.31,17.31,17.31,17.31
2020-05-14 00:00:00,17.78,17.78,17.79,17.79,17.8,17.8,17.8,17.79,17.78,17.77,17.76,17.75,17.73,17.72,17.7,17.69,17.67,17.66,17.64,17.63,17.62,17.6,17.59,17.58,17.57,17.56,17.55,17.54,17.53,17.52,17.51,17.5,17.5,17.49,17.49,17.48,17.48,17.48,17.47,17.47,17.47,17.47,17.46,17.46,17.46,17.46,17.46,17.46,17.46,17.46,17.46
2020-05-15 00:00:00,18.16,18.16,18.16,18.16,18.15,18.15,18.14,18.13,18.12,18.1,18.08,18.06,18.03,18,17.97,17.95,17.93,17.91,17.89,17.87,17.85,17.84,17.83,17.82,17.8,17.79,17.78,17.77,17.76,17.75,17.74,17.74,17.73,17.72,17.72,17.72,17.71,17.71,17.71,17.71,17.7,17.7,17.7,17.7,17.7,17.7,17.7,17.7,17.7,17.7,17.7
2020-05-16 00:00:00,18.64,18.64,18.65,18.66,18.67,18.67,18.67,18.67,18.65,18.62,18.56,18.49,18.41,18.34,18.27,18.21,18.16,18.11,18.07,18.03,18,17.98,17.96,17.94,17.92,17.91,17.89,17.88,17.86,17.85,17.84,17.83,17.82,17.81,17.8,17.8,17.8,17.79,17.79,17.79,17.79,17.79,17.78,17.78,17.78,17.78,17.78,17.78,17.78,17.78,17.78
2020-05-17 00:00:00,18.89,18.89,18.9,18.9,18.9,18.9,18.9,18.89,18.88,18.86,18.82,18.78,18.72,18.66,18.6,18.54,18.49,18.43,18.38,18.33,18.29,18.25,18.22,18.19,18.17,18.14,18.11,18.09,18.07,18.04,18.02,18,17.99,17.97,17.96,17.95,17.95,17.94,17.94,17.93,17.93,17.93,17.93,17.92,17.92,17.92,17.92,17.92,17.92,17.92,17.92
2020-05-18 00:00:00,18.64,18.65,18.65,18.65,18.66,18.66,18.66,18.66,18.66,18.66,18.66,18.65,18.64,18.63,18.62,18.61,18.6,18.59,18.57,18.56,18.55,18.54,18.53,18.53,18.52,18.51,18.5,18.5,18.49,18.48,18.47,18.46,18.46,18.45,18.45,18.44,18.44,18.44,18.43,18.43,18.43,18.43,18.43,18.43,18.42,18.42,18.42,18.42,18.42,18.42,18.42
2020-05-19 00:00:00,18.54,18.54,18.55,18.55,18.56,18.56,18.57,18.57,18.58,18.58,18.58,18.58,18.58,18.58,18.58,18.58,18.59,18.59,18.59,18.59,18.59,18.6,18.6,18.6,18.6,18.6,18.6,18.6,18.6,18.6,18.6,18.6,18.6,18.6,18.6,18.6,18.6,18.6,18.6,18.6,18.6,18.6,18.6,18.6,18.6,18.6,18.6,18.6,18.6,18.6,18.6
2020-05-20 00:00:00,18.67,18.67,18.67,18.67,18.67,18.68,18.68,18.68,18.68,18.68,18.68,18.67,18.67,18.67,18.67,18.66,18.66,18.66,18.66,18.66,18.65,18.65,18.65,18.65,18.64,18.64,18.64,18.64,18.64,18.63,18.63,18.63,18.62,18.62,18.62,18.62,18.62,18.62,18.62,18.62,18.62,18.62,18.62,18.61,18.61,18.61,18.61,18.61,18.61,18.61,18.61
2020-05-21 00:00:00,19.02,19.02,19.02,19.02,19.02,19.02,19.03,19.03,19.03,19.02,19.02,19,18.99,18.97,18.96,18.94,18.92,18.91,18.89,18.88,18.86,18.85,18.84,18.83,18.82,18.8,18.8,18.79,18.78,18.76,18.75,18.75,18.74,18.73,18.73,18.73,18.72,18.72,18.72,18.72,18.71,18.71,18.71,18.71,18.71,18.71,18.71,18.71,18.7,18.7,18.7
2020-05-22 00:00:00,19.42,19.43,19.43,19.43,19.43,19.43,19.43,19.42,19.4,19.38,19.35,19.3,19.26,19.21,19.16,19.12,19.09,19.06,19.03,19,18.98,18.96,18.94,18.93,18.92,18.91,18.9,18.89,18.88,18.86,18.86,18.85,18.84,18.84,18.83,18.83,18.83,18.82,18.82,18.82,18.82,18.82,18.82,18.82,18.82,18.82,18.82,18.82,18.82,18.82,18.82
2020-05-23 00:00:00,19.89,19.89,19.89,19.89,19.89,19.89,19.88,19.85,19.8,19.75,19.66,19.57,19.47,19.39,19.32,19.26,19.22,19.17,19.13,19.1,19.07,19.05,19.03,19.02,19,18.98,18.97,18.96,18.95,18.93,18.92,18.91,18.9,18.89,18.89,18.88,18.88,18.88,18.87,18.87,18.87,18.87,18.87,18.87,18.87,18.87,18.87,18.87,18.87,18.87,18.87
2020-05-24 00:00:00,20.06,20.06,20.06,20.06,20.07,20.06,20.05,20.03,20,19.97,19.92,19.86,19.79,19.72,19.66,19.59,19.54,19.48,19.42,19.37,19.33,19.29,19.26,19.23,19.2,19.18,19.15,19.13,19.1,19.08,19.06,19.04,19.03,19.01,19,19,18.99,18.98,18.98,18.98,18.98,18.97,18.97,18.97,18.97,18.97,18.96,18.96,18.96,18.96,18.96
2020-05-25 00:00:00,20.91,20.91,20.92,20.92,20.91,20.88,20.81,20.72,20.61,20.48,20.33,20.17,20.03,19.9,19.8,19.73,19.66,19.59,19.53,19.48,19.43,19.4,19.36,19.34,19.31,19.28,19.25,19.23,19.2,19.17,19.15,19.13,19.11,19.1,19.09,19.08,19.07,19.07,19.06,19.06,19.06,19.05,19.05,19.05,19.05,19.05,19.05,19.05,19.05,19.05,19.05
2020-05-26 00:00:00,21.38,21.39,21.39,21.39,21.38,21.35,21.3,21.23,21.14,21.04,20.9,20.73,20.54,20.35,20.19,20.06,19.94,19.83,19.73,19.65,19.58,19.53,19.49,19.45,19.42,19.38,19.35,19.32,19.29,19.26,19.23,19.21,19.19,19.18,19.16,19.15,19.14,19.14,19.14,19.13,19.13,19.13,19.12,19.12,19.12,19.12,19.12,19.12,19.12,19.12,19.12
2020-05-27 00:00:00,21.67,21.67,21.68,21.68,21.68,21.67,21.64,21.59,21.52,21.43,21.29,21.11,20.91,20.71,20.53,20.39,20.25,20.12,20.01,19.9,19.82,19.75,19.7,19.65,19.6,19.55,19.51,19.48,19.44,19.39,19.36,19.33,19.31,19.29,19.27,19.26,19.25,19.24,19.24,19.23,19.23,19.23,19.22,19.22,19.22,19.22,19.22,19.22,19.22,19.22,19.22
2020-05-28 00:00:00,22.28,22.28,22.28,22.28,22.27,22.23,22.15,22.05,21.93,21.8,21.62,21.4,21.16,20.94,20.75,20.6,20.46,20.32,20.2,20.09,20,19.92,19.86,19.81,19.76,19.7,19.65,19.61,19.57,19.51,19.47,19.44,19.41,19.39,19.37,19.36,19.34,19.34,19.33,19.33,19.32,19.32,19.32,19.32,19.31,19.31,19.31,19.31,19.31,19.31,19.31
2020-05-29 00:00:00,22.31,22.31,22.31,22.32,22.32,22.32,22.32,22.29,22.22,22.11,21.93,21.69,21.43,21.16,20.94,20.76,20.6,20.46,20.32,20.2,20.1,20.02,19.96,19.9,19.84,19.78,19.73,19.69,19.64,19.58,19.54,19.5,19.48,19.45,19.43,19.41,19.4,19.4,19.39,19.38,19.38,19.38,19.38,19.37,19.37,19.37,19.37,19.37,19.37,19.37,19.37
2020-05-30 00:00:00,22.1,22.1,22.1,22.1,22.1,22.1,22.1,22.11,22.09,22.05,21.95,21.82,21.65,21.46,21.28,21.11,20.95,20.8,20.65,20.52,20.41,20.31,20.24,20.17,20.1,20.03,19.97,19.92,19.86,19.79,19.74,19.7,19.67,19.64,19.61,19.59,19.58,19.57,19.56,19.55,19.55,19.54,19.54,19.54,19.54,19.53,19.53,19.53,19.53,19.53,19.53
2020-05-31 00:00:00,21.75,21.83,21.92,21.99,22.02,22.03,22.03,22.03,22,21.96,21.88,21.76,21.62,21.47,21.33,21.2,21.07,20.95,20.82,20.71,20.61,20.53,20.46,20.39,20.32,20.26,20.2,20.14,20.08,20.01,19.95,19.91,19.87,19.84,19.81,19.79,19.77,19.76,19.75,19.75,19.74,19.74,19.73,19.73,19.73,19.73,19.73,19.73,19.72,19.72,19.72
2020-06-01 00:00:00,22.19,22.19,22.19,22.19,22.19,22.2,22.21,22.21,22.14,22.05,21.94,21.81,21.67,21.53,21.39,21.27,21.15,21.03,20.91,20.79,20.69,20.61,20.54,20.48,20.41,20.34,20.28,20.23,20.17,20.09,20.03,19.99,19.95,19.92,19.89,19.87,19.85,19.84,19.84,19.83,19.82,19.82,19.82,19.81,19.81,19.81,19.81,19.81,19.81,19.81,19.81
2020-06-02 00:00:00,21.6,21.61,21.61,21.61,21.61,21.61,21.61,21.6,21.59,21.56,21.53,21.5,21.45,21.4,21.34,21.29,21.23,21.17,21.11,21.05,20.99,20.94,20.89,20.85,20.8,20.76,20.71,20.67,20.62,20.57,20.53,20.49,20.46,20.43,20.4,20.38,20.37,20.36,20.35,20.34,20.33,20.33,20.32,20.32,20.31,20.31,20.31,20.3,20.3,20.3,20.3
2020-06-03 00:00:00,22.12,22.12,22.12,22.11,22.1,22.08,22.06,22.03,21.99,21.94,21.88,21.8,21.72,21.62,21.54,21.47,21.4,21.33,21.27,21.21,21.16,21.12,21.08,21.05,21.02,20.98,20.95,20.93,20.9,20.87,20.84,20.82,20.8,20.78,20.76,20.75,20.75,20.74,20.74,20.73,20.73,20.73,20.72,20.72,20.72,20.72,20.72,20.72,20.72,20.71,20.71
2020-06-04 00:00:00,22.73,22.73,22.73,22.73,22.73,22.72,22.66,22.56,22.46,22.36,22.22,22.08,21.94,21.82,21.71,21.62,21.54,21.46,21.39,21.32,21.27,21.22,21.18,21.15,21.12,21.08,21.05,21.02,20.99,20.95,20.93,20.9,20.88,20.87,20.85,20.84,20.83,20.83,20.82,20.82,20.82,20.82,20.81,20.81,20.81,20.81,20.81,20.81,20.81,20.81,20.81
2020-06-05 00:00:00,23.31,23.31,23.31,23.32,23.3,23.19,23.04,22.9,22.77,22.65,22.5,22.34,22.17,22.01,21.88,21.77,21.66,21.57,21.48,21.41,21.34,21.29,21.25,21.21,21.17,21.13,21.1,21.07,21.04,21,20.97,20.94,20.92,20.9,20.89,20.88,20.87,20.86,20.86,20.86,20.85,20.85,20.85,20.85,20.85,20.85,20.85,20.85,20.85,20.85,20.85
2020-06-06 00:00:00,23.73,23.73,23.74,23.74,23.74,23.71,23.58,23.4,23.21,23.03,22.83,22.61,22.4,22.2,22.04,21.9,21.78,21.67,21.57,21.48,21.41,21.35,21.3,21.26,21.22,21.17,21.14,21.11,21.07,21.03,20.99,20.97,20.95,20.93,20.91,20.9,20.9,20.89,20.89,20.88,20.88,20.88,20.88,20.87,20.87,20.87,20.87,20.87,20.87,20.87,20.87
2020-06-07 00:00:00,23.74,23.75,23.76,23.77,23.78,23.78,23.75,23.63,23.48,23.33,23.12,22.89,22.65,22.42,22.24,22.08,21.94,21.81,21.69,21.58,21.5,21.43,21.38,21.33,21.28,21.23,21.19,21.16,21.12,21.07,21.04,21.01,20.99,20.97,20.95,20.94,20.93,20.92,20.92,20.91,20.91,20.91,20.91,20.91,20.91,20.91,20.91,20.91,20.9,20.9,20.9
2020-06-08 00:00:00,23.56,23.56,23.57,23.57,23.57,23.57,23.56,23.54,23.47,23.4,23.27,23.1,22.9,22.69,22.5,22.34,22.18,22.04,21.91,21.79,21.7,21.62,21.55,21.5,21.44,21.38,21.33,21.29,21.24,21.19,21.15,21.11,21.09,21.07,21.05,21.03,21.02,21.01,21.01,21,21,21,20.99,20.99,20.99,20.99,20.99,20.98,20.98,20.98,20.98
2020-06-09 00:00:00,23.63,23.63,23.63,23.63,23.63,23.64,23.63,23.59,23.52,23.43,23.29,23.12,22.94,22.76,22.59,22.45,22.32,22.19,22.07,21.96,21.87,21.8,21.74,21.68,21.62,21.56,21.51,21.47,21.42,21.36,21.31,21.27,21.24,21.21,21.19,21.17,21.16,21.15,21.14,21.14,21.13,21.13,21.13,21.12,21.12,21.12,21.12,21.12,21.12,21.12,21.12
2020-06-10 00:00:00,23.14,23.14,23.14,23.14,23.14,23.14,23.13,23.12,23.11,23.07,23.04,22.98,22.91,22.82,22.74,22.66,22.58,22.49,22.4,22.32,22.25,22.18,22.12,22.07,22.01,21.96,21.91,21.86,21.81,21.76,21.71,21.67,21.64,21.6,21.58,21.56,21.54,21.53,21.52,21.52,21.51,21.5,21.5,21.49,21.48,21.48,21.48,21.47,21.46,21.45,21.44
2020-06-11 00:00:00,22.77,22.77,22.77,22.77,22.77,22.77,22.77,22.77,22.78,22.77,22.77,22.75,22.73,22.69,22.66,22.62,22.58,22.54,22.49,22.45,22.41,22.37,22.34,22.3,22.27,22.24,22.2,22.17,22.14,22.1,22.06,22.04,22.01,21.99,21.97,21.95,21.94,21.93,21.92,21.91,21.9,21.9,21.89,21.88,21.87,21.87,21.86,21.85,21.84,21.81,21.79
2020-06-12 00:00:00,22.64,22.65,22.65,22.66,22.66,22.66,22.66,22.66,22.67,22.67,22.67,22.66,22.64,22.62,22.6,22.58,22.55,22.52,22.49,22.46,22.43,22.41,22.39,22.36,22.33,22.3,22.28,22.25,22.22,22.18,22.15,22.13,22.11,22.09,22.07,22.05,22.04,22.03,22.02,22.01,22,21.99,21.98,21.98,21.97,21.95,21.94,21.92,21.85,21.75,21.63
2020-06-13 00:00:00,23.1,23.1,23.11,23.11,23.12,23.13,23.1,23.03,22.96,22.88,22.8,22.73,22.66,22.6,22.56,22.52,22.48,22.45,22.41,22.38,22.34,22.31,22.28,22.24,22.2,22.15,22.1,22.05,22,21.95,21.91,21.88,21.85,21.82,21.79,21.76,21.74,21.71,21.68,21.65,21.62,21.59,21.56,21.53,21.5,21.47,21.43,21.4,21.34,21.26,21.19
2020-06-14 00:00:00,22.93,22.93,22.93,22.93,22.93,22.93,22.94,22.94,22.94,22.94,22.92,22.87,22.8,22.71,22.64,22.57,22.5,22.43,22.36,22.3,22.24,22.19,22.15,22.1,22.05,22,21.95,21.91,21.85,21.78,21.73,21.69,21.66,21.62,21.6,21.57,21.56,21.54,21.53,21.52,21.51,21.5,21.49,21.48,21.48,21.47,21.46,21.45,21.42,21.4,21.37
2020-06-15 00:00:00,22.8,22.8,22.81,22.81,22.82,22.83,22.86,22.89,22.9,22.88,22.84,22.77,22.69,22.61,22.54,22.48,22.42,22.36,22.3,22.24,22.19,22.14,22.1,22.06,22.02,21.97,21.93,21.89,21.84,21.78,21.74,21.7,21.66,21.64,21.61,21.59,21.58,21.56,21.55,21.54,21.54,21.53,21.52,21.51,21.51,21.5,21.49,21.48,21.46,21.43,21.41
2020-06-16 00:00:00,22.77,22.78,22.8,22.85,22.96,23.02,23.02,22.96,22.89,22.82,22.75,22.68,22.62,22.56,22.5,22.44,22.39,22.33,22.27,22.21,22.16,22.12,22.08,22.04,21.99,21.95,21.9,21.86,21.82,21.76,21.71,21.68,21.65,21.62,21.59,21.57,21.56,21.55,21.54,21.52,21.52,21.5,21.5,21.49,21.48,21.47,21.46,21.44,21.42,21.38,21.35
2020-06-17 00:00:00,23.12,23.12,23.12,23.13,23.13,23.13,23.13,23.13,23.09,23.03,22.94,22.84,22.73,22.63,22.54,22.46,22.39,22.32,22.25,22.19,22.13,22.08,22.04,22,21.95,21.9,21.86,21.82,21.77,21.71,21.66,21.63,21.59,21.57,21.54,21.52,21.51,21.5,21.49,21.48,21.47,21.46,21.45,21.44,21.44,21.43,21.42,21.41,21.39,21.37,21.35
2020-06-18 00:00:00,23.35,23.35,23.35,23.35,23.36,23.37,23.38,23.36,23.32,23.25,23.16,23.03,22.9,22.76,22.64,22.54,22.44,22.35,22.27,22.19,22.13,22.07,22.02,21.98,21.93,21.88,21.84,21.8,21.75,21.69,21.64,21.61,21.58,21.55,21.53,21.51,21.5,21.49,21.48,21.47,21.46,21.46,21.45,21.44,21.44,21.43,21.43,21.42,21.4,21.39,21.37
2020-06-19 00:00:00,23.53,23.53,23.53,23.53,23.53,23.54,23.54,23.51,23.47,23.41,23.31,23.18,23.04,22.9,22.77,22.65,22.55,22.45,22.35,22.26,22.19,22.12,22.07,22.02,21.97,21.92,21.87,21.83,21.78,21.72,21.68,21.64,21.61,21.58,21.56,21.54,21.53,21.52,21.51,21.5,21.49,21.49,21.48,21.48,21.47,21.46,21.46,21.45,21.43,21.41,21.4
2020-06-20 00:00:00,24.12,24.12,24.13,24.12,24.08,24,23.89,23.77,23.65,23.53,23.39,23.23,23.07,22.92,22.79,22.67,22.57,22.46,22.37,22.27,22.2,22.14,22.08,22.03,21.97,21.92,21.87,21.82,21.77,21.7,21.65,21.61,21.58,21.55,21.53,21.51,21.49,21.48,21.47,21.46,21.45,21.43,21.42,21.41,21.4,21.39,21.38,21.36,21.33,21.3,21.27
2020-06-21 00:00:00,24.24,24.24,24.24,24.24,24.25,24.24,24.15,24,23.83,23.67,23.48,23.28,23.08,22.91,22.76,22.64,22.52,22.42,22.32,22.22,22.15,22.08,22.02,21.97,21.91,21.85,21.79,21.74,21.68,21.61,21.56,21.52,21.48,21.45,21.43,21.41,21.39,21.38,21.37,21.36,21.34,21.33,21.32,21.31,21.3,21.29,21.28,21.26,21.24,21.22,21.2
2020-06-22 00:00:00,24.61,24.62,24.62,24.62,24.62,24.58,24.44,24.26,24.07,23.88,23.64,23.4,23.16,22.95,22.78,22.64,22.51,22.39,22.27,22.16,22.07,22,21.94,21.89,21.83,21.76,21.71,21.67,21.61,21.55,21.51,21.47,21.44,21.41,21.39,21.37,21.36,21.35,21.34,21.34,21.33,21.33,21.32,21.32,21.32,21.32,21.32,21.31,21.31,21.31,21.31
2020-06-23 00:00:00,24.56,24.56,24.57,24.57,24.58,24.58,24.51,24.36,24.18,23.98,23.74,23.47,23.2,22.96,22.75,22.59,22.44,22.31,22.2,22.09,22.01,21.94,21.89,21.84,21.79,21.74,21.69,21.66,21.61,21.56,21.52,21.49,21.46,21.44,21.42,21.4,21.39,21.39,21.38,21.37,21.37,21.37,21.36,21.36,21.36,21.36,21.36,21.36,21.36,21.36,21.36
2020-06-24 00:00:00,23.93,23.93,23.93,23.94,23.94,23.95,23.95,23.95,23.91,23.85,23.73,23.57,23.38,23.17,22.98,22.81,22.65,22.5,22.36,22.24,22.14,22.06,22,21.94,21.88,21.83,21.78,21.74,21.69,21.64,21.6,21.57,21.55,21.53,21.51,21.5,21.48,21.48,21.47,21.47,21.46,21.46,21.45,21.45,21.45,21.44,21.44,21.44,21.41,21.36,21.3
2020-06-25 00:00:00,23.88,23.88,23.88,23.88,23.89,23.93,23.93,23.86,23.76,23.65,23.53,23.39,23.24,23.08,22.94,22.81,22.68,22.55,22.43,22.32,22.22,22.15,22.08,22.02,21.96,21.9,21.85,21.8,21.75,21.69,21.64,21.6,21.57,21.55,21.53,21.51,21.5,21.49,21.48,21.48,21.47,21.46,21.46,21.45,21.44,21.44,21.43,21.42,21.41,21.39,21.37
2020-06-26 00:00:00,24.18,24.18,24.19,24.19,24.2,24.19,24.18,24.08,23.96,23.84,23.68,23.49,23.3,23.11,22.95,22.81,22.68,22.55,22.42,22.31,22.22,22.14,22.07,22.01,21.95,21.88,21.82,21.78,21.72,21.66,21.61,21.58,21.55,21.52,21.5,21.49,21.48,21.47,21.46,21.46,21.45,21.44,21.44,21.44,21.43,21.43,21.42,21.42,21.41,21.4,21.4
2020-06-27 00:00:00,24.22,24.22,24.22,24.22,24.23,24.21,24.17,24.11,24.03,23.93,23.79,23.61,23.41,23.2,23.01,22.85,22.7,22.56,22.44,22.32,22.22,22.14,22.08,22.02,21.95,21.89,21.83,21.79,21.73,21.67,21.62,21.58,21.55,21.53,21.51,21.49,21.48,21.47,21.46,21.46,21.45,21.45,21.44,21.44,21.43,21.43,21.42,21.42,21.41,21.39,21.38
2020-06-28 00:00:00,24.89,24.89,24.89,24.89,24.85,24.7,24.53,24.37,24.2,24.04,23.85,23.63,23.41,23.2,23.02,22.86,22.7,22.56,22.43,22.3,22.21,22.12,22.05,21.99,21.92,21.85,21.79,21.74,21.69,21.62,21.58,21.55,21.52,21.5,21.48,21.47,21.46,21.45,21.44,21.44,21.43,21.43,21.42,21.42,21.41,21.41,21.4,21.39,21.39,21.39,21.39
2020-06-29 00:00:00,25.42,25.42,25.43,25.42,25.4,25.29,25.08,24.82,24.55,24.3,24.01,23.72,23.45,23.2,22.99,22.82,22.65,22.5,22.37,22.24,22.14,22.05,21.97,21.91,21.84,21.77,21.71,21.67,21.62,21.56,21.52,21.49,21.47,21.45,21.43,21.42,21.41,21.41,21.4,21.4,21.39,21.39,21.38,21.38,21.37,21.37,21.36,21.36,21.36,21.36,21.36
2020-06-30 00:00:00,25.31,25.31,25.31,25.31,25.29,25.22,25.11,24.96,24.78,24.59,24.33,24.02,23.7,23.4,23.13,22.92,22.72,22.55,22.39,22.25,22.14,22.05,21.97,21.91,21.84,21.77,21.72,21.67,21.61,21.55,21.51,21.47,21.44,21.42,21.41,21.39,21.38,21.37,21.36,21.36,21.35,21.35,21.34,21.34,21.33,21.32,21.32,21.31,21.27,21.17,21.04
2020-07-01 00:00:00,25.77,25.77,25.77,25.78,25.76,25.68,25.48,25.24,24.98,24.72,24.4,24.07,23.73,23.42,23.16,22.94,22.74,22.56,22.4,22.25,22.13,22.04,21.95,21.89,21.81,21.74,21.67,21.62,21.57,21.5,21.45,21.42,21.39,21.37,21.35,21.33,21.32,21.31,21.3,21.3,21.29,21.28,21.27,21.27,21.26,21.25,21.24,21.21,21.13,20.9,20.6
2020-07-02 00:00:00,26.36,26.36,26.36,26.36,26.32,26.1,25.78,25.46,25.15,24.85,24.48,24.09,23.72,23.39,23.11,22.89,22.68,22.49,22.32,22.16,22.04,21.94,21.86,21.79,21.72,21.65,21.59,21.54,21.49,21.43,21.38,21.35,21.33,21.31,21.29,21.28,21.27,21.26,21.26,21.25,21.25,21.25,21.24,21.24,21.24,21.23,21.23,21.23,21.23,21.23,21.23
2020-07-03 00:00:00,26.86,26.86,26.86,26.86,26.77,26.41,26.04,25.67,25.3,24.93,24.5,24.06,23.66,23.31,23.03,22.79,22.58,22.38,22.2,22.05,21.93,21.83,21.75,21.68,21.61,21.54,21.49,21.44,21.39,21.34,21.31,21.29,21.27,21.25,21.24,21.24,21.23,21.22,21.22,21.21,21.21,21.21,21.2,21.2,21.2,21.2,21.2,21.2,21.2,21.2,21.2
2020-07-04 00:00:00,27.56,27.56,27.56,27.47,27.13,26.74,26.2,25.79,25.36,24.93,24.44,23.97,23.55,23.2,22.91,22.66,22.44,22.23,22.05,21.91,21.8,21.71,21.64,21.57,21.5,21.44,21.39,21.34,21.3,21.26,21.24,21.22,21.21,21.2,21.19,21.18,21.18,21.17,21.17,21.16,21.15,21.15,21.14,21.14,21.13,21.13,21.13,21.13,21.12,21.12,21.12
2020-07-05 00:00:00,27.92,27.92,27.92,27.88,27.64,27.1,26.53,26,25.49,25,24.46,23.94,23.49,23.09,22.77,22.52,22.31,22.12,21.96,21.83,21.72,21.64,21.56,21.5,21.44,21.38,21.34,21.3,21.27,21.23,21.21,21.2,21.18,21.17,21.16,21.16,21.15,21.14,21.14,21.14,21.13,21.13,21.13,21.12,21.12,21.12,21.12,21.12,21.12,21.12,21.12
2020-07-06 00:00:00,28.32,28.35,28.39,28.33,28,27.46,26.77,26.12,25.52,24.95,24.36,23.81,23.34,22.95,22.64,22.39,22.17,21.98,21.82,21.7,21.6,21.52,21.46,21.4,21.35,21.3,21.27,21.24,21.2,21.17,21.16,21.15,21.14,21.14,21.13,21.13,21.12,21.12,21.11,21.1,21.1,21.09,21.08,21.06,21.04,21.01,20.99,21,20.99,20.95,20.89
2020-07-07 00:00:00,28.29,28.31,28.33,28.34,28.22,27.65,26.87,26.14,25.46,24.85,24.21,23.64,23.17,22.78,22.48,22.24,22.04,21.86,21.72,21.6,21.5,21.43,21.36,21.3,21.24,21.19,21.15,21.11,21.08,21.06,21.05,21.04,21.03,21.02,21.01,21,20.99,20.98,20.97,20.96,20.96,20.95,20.94,20.93,20.93,20.93,20.92,20.92,20.92,20.92,20.92
2020-07-08 00:00:00,28.6,28.6,28.61,28.55,28.24,27.6,26.91,26.2,25.52,24.88,24.2,23.58,23.04,22.62,22.32,22.1,21.91,21.75,21.62,21.5,21.42,21.34,21.28,21.23,21.18,21.14,21.1,21.08,21.05,21.02,21.01,21,20.98,20.97,20.96,20.95,20.95,20.94,20.93,20.93,20.93,20.92,20.92,20.92,20.92,20.91,20.91,20.91,20.91,20.91,20.91
2020-07-09 00:00:00,28.32,28.32,28.32,28.32,28.25,27.86,27.15,26.4,25.68,25.02,24.28,23.58,23,22.56,22.25,22.02,21.84,21.69,21.57,21.46,21.37,21.31,21.26,21.22,21.19,21.15,21.12,21.09,21.07,21.04,21.02,21,20.99,20.98,20.97,20.96,20.95,20.95,20.94,20.94,20.94,20.93,20.93,20.93,20.93,20.93,20.93,20.93,20.93,20.93,20.93
2020-07-10 00:00:00,28.01,28.01,28.01,28,27.9,27.55,27.02,26.41,25.76,25.13,24.4,23.7,23.09,22.6,22.25,22,21.79,21.62,21.49,21.39,21.31,21.25,21.21,21.17,21.13,21.1,21.07,21.05,21.03,21,20.99,20.98,20.97,20.96,20.95,20.95,20.94,20.94,20.94,20.93,20.93,20.92,20.91,20.91,20.9,20.89,20.89,20.88,20.88,20.88,20.88
2020-07-11 00:00:00,26.31,26.32,26.32,26.32,26.32,26.29,26.17,25.97,25.71,25.41,24.99,24.5,23.98,23.47,23.03,22.68,22.36,22.09,21.86,21.66,21.52,21.41,21.34,21.27,21.21,21.16,21.12,21.08,21.05,21.01,20.98,20.96,20.94,20.93,20.92,20.91,20.91,20.9,20.9,20.9,20.9,20.89,20.89,20.89,20.89,20.89,20.89,20.89,20.89,20.89,20.89
2020-07-12 00:00:00,26.25,26.25,26.25,26.26,26.25,26.21,26.05,25.82,25.54,25.25,24.86,24.41,23.94,23.49,23.1,22.77,22.47,22.2,21.96,21.75,21.6,21.48,21.39,21.32,21.24,21.18,21.12,21.08,21.04,20.99,20.96,20.94,20.92,20.91,20.9,20.89,20.89,20.89,20.88,20.88,20.88,20.88,20.87,20.87,20.87,20.87,20.87,20.87,20.87,20.87,20.87
2020-07-13 00:00:00,26.34,26.35,26.36,26.36,26.36,26.35,26.16,25.88,25.56,25.23,24.79,24.31,23.83,23.38,23,22.68,22.4,22.14,21.91,21.71,21.56,21.44,21.35,21.27,21.2,21.13,21.07,21.02,20.98,20.92,20.89,20.87,20.85,20.84,20.83,20.82,20.81,20.81,20.8,20.8,20.79,20.78,20.78,20.77,20.76,20.74,20.73,20.73,20.72,20.72,20.72
2020-07-14 00:00:00,26.48,26.48,26.48,26.48,26.48,26.47,26.27,25.92,25.57,25.22,24.75,24.24,23.74,23.27,22.88,22.56,22.26,22,21.78,21.6,21.47,21.36,21.27,21.2,21.13,21.06,21,20.96,20.92,20.88,20.85,20.83,20.81,20.8,20.78,20.77,20.76,20.75,20.75,20.74,20.74,20.74,20.73,20.73,20.73,20.72,20.72,20.72,20.72,20.72,20.72
2020-07-15 00:00:00,26.02,26.02,26.02,26.02,25.99,25.93,25.81,25.68,25.48,25.25,24.89,24.45,23.97,23.5,23.1,22.77,22.48,22.22,21.98,21.78,21.63,21.5,21.4,21.32,21.23,21.15,21.08,21.02,20.96,20.89,20.84,20.8,20.76,20.73,20.71,20.69,20.68,20.66,20.65,20.64,20.63,20.62,20.61,20.6,20.59,20.58,20.56,20.54,20.5,20.11,19.5
2020-07-16 00:00:00,26.12,26.12,26.13,26.13,26.12,26.06,25.84,25.59,25.33,25.05,24.68,24.26,23.82,23.4,23.03,22.72,22.44,22.19,21.96,21.75,21.58,21.44,21.33,21.24,21.15,21.06,20.99,20.93,20.87,20.79,20.74,20.7,20.66,20.63,20.61,20.59,20.58,20.58,20.57,20.57,20.56,20.56,20.55,20.55,20.55,20.55,20.54,20.54,20.54,20.54,20.54
2020-07-17 00:00:00,26.24,26.24,26.25,26.25,26.25,26.21,26,25.74,25.44,25.12,24.69,24.22,23.74,23.3,22.93,22.62,22.34,22.07,21.83,21.61,21.45,21.31,21.21,21.12,21.03,20.95,20.88,20.82,20.76,20.69,20.64,20.61,20.59,20.57,20.56,20.55,20.54,20.54,20.53,20.53,20.52,20.52,20.52,20.52,20.52,20.51,20.51,20.51,20.51,20.51,20.51
2020-07-18 00:00:00,26.45,26.46,26.46,26.46,26.45,26.37,26.18,25.89,25.54,25.16,24.67,24.15,23.63,23.17,22.78,22.47,22.19,21.93,21.7,21.5,21.35,21.23,21.13,21.04,20.94,20.85,20.77,20.7,20.63,20.55,20.49,20.46,20.43,20.41,20.39,20.36,20.34,20.33,20.31,20.29,20.27,20.26,20.24,20.21,20.19,20.16,20.14,20.11,20.02,20.01,20.06
2020-07-19 00:00:00,25.95,25.95,25.95,25.95,25.93,25.87,25.8,25.63,25.42,25.18,24.83,24.42,23.97,23.52,23.12,22.78,22.46,22.16,21.89,21.64,21.45,21.29,21.16,21.06,20.95,20.85,20.76,20.69,20.62,20.53,20.46,20.41,20.37,20.33,20.31,20.29,20.27,20.27,20.26,20.25,20.25,20.24,20.24,20.24,20.24,20.23,20.23,20.23,20.23,20.23,20.23
2020-07-20 00:00:00,25.49,25.49,25.49,25.49,25.49,25.5,25.47,25.39,25.25,25.06,24.75,24.38,23.98,23.57,23.22,22.91,22.62,22.35,22.09,21.85,21.66,21.5,21.36,21.25,21.12,21,20.9,20.82,20.72,20.62,20.54,20.48,20.43,20.39,20.36,20.33,20.31,20.3,20.29,20.28,20.27,20.26,20.25,20.24,20.23,20.22,20.2,20.15,19.92,19.45,18.88
2020-07-21 00:00:00,25.78,25.78,25.78,25.78,25.77,25.72,25.56,25.36,25.14,24.91,24.59,24.22,23.82,23.43,23.09,22.79,22.5,22.24,21.99,21.76,21.57,21.41,21.26,21.14,21.01,20.88,20.78,20.68,20.59,20.48,20.41,20.35,20.3,20.26,20.23,20.21,20.19,20.18,20.17,20.16,20.15,20.15,20.14,20.13,20.12,20.12,20.12,20.09,19.85,19.14,18.19
2020-07-22 00:00:00,25.96,25.97,25.98,26,26.02,25.89,25.61,25.32,25.07,24.82,24.47,24.06,23.63,23.22,22.87,22.57,22.29,22.03,21.78,21.56,21.38,21.22,21.08,20.96,20.82,20.68,20.56,20.46,20.36,20.25,20.18,20.13,20.09,20.06,20.03,20,19.98,19.96,19.94,19.93,19.91,19.89,19.87,19.85,19.83,19.8,19.78,19.76,19.51,18.81,17.9
2020-07-23 00:00:00,26.07,26.07,26.07,26.07,26.07,26,25.71,25.32,24.92,24.53,24.06,23.59,23.14,22.74,22.4,22.11,21.84,21.59,21.37,21.16,20.99,20.83,20.68,20.52,20.35,20.16,20.01,19.89,19.78,19.69,19.63,19.58,19.53,19.48,19.43,19.37,19.32,19.26,19.2,19.14,19.07,19.01,18.94,18.87,18.79,18.71,18.64,18.56,18.46,16.43,13.26
2020-07-24 00:00:00,26.35,26.36,26.37,26.28,25.92,25.51,25.06,24.59,24.11,23.62,23.1,22.63,22.22,21.87,21.57,21.3,21.04,20.79,20.53,20.26,19.99,19.73,19.47,19.29,19.15,19.02,18.93,18.86,18.79,18.72,18.66,18.6,18.53,18.46,18.39,18.31,18.24,18.17,18.09,18.01,17.93,17.85,17.77,17.71,17.64,17.58,17.64,17.5,16.54,13.65,9.82
2020-07-25 00:00:00,26.1,26.1,26.1,26.03,25.68,24.97,24.32,23.74,23.19,22.68,22.18,21.74,21.35,21,20.67,20.34,20,19.64,19.28,18.95,18.71,18.55,18.42,18.32,18.23,18.15,18.09,18.02,17.96,17.9,17.84,17.78,17.72,17.66,17.59,17.52,17.46,17.41,17.36,17.33,17.31,17.31,17.3,17.29,17.27,17.27,17.24,17.22,17.18,17.17,17.17
2020-07-26 00:00:00,25.76,25.76,25.76,25.72,25.52,25.04,24.4,23.73,23.07,22.5,21.9,21.34,20.83,20.36,19.92,19.52,19.15,18.83,18.56,18.34,18.18,18.06,17.97,17.89,17.82,17.75,17.69,17.64,17.58,17.52,17.47,17.44,17.41,17.38,17.35,17.32,17.3,17.29,17.28,17.26,17.26,17.25,17.24,17.24,17.23,17.23,17.23,17.23,17.23,17.22,17.22
2020-07-27 00:00:00,25.39,25.39,25.39,25.36,25.2,24.87,24.43,23.94,23.42,22.87,22.16,21.4,20.65,20.01,19.53,19.17,18.86,18.6,18.37,18.18,18.04,17.93,17.85,17.78,17.72,17.67,17.63,17.59,17.55,17.5,17.46,17.43,17.41,17.38,17.36,17.34,17.33,17.32,17.32,17.31,17.3,17.3,17.3,17.3,17.29,17.29,17.29,17.29,17.29,17.29,17.29
2020-07-28 00:00:00,24.67,24.68,24.69,24.69,24.68,24.59,24.32,23.92,23.42,22.88,22.16,21.4,20.67,20.01,19.49,19.09,18.76,18.49,18.26,18.08,17.95,17.85,17.78,17.72,17.66,17.61,17.57,17.53,17.5,17.47,17.44,17.42,17.41,17.39,17.38,17.37,17.36,17.36,17.35,17.35,17.34,17.34,17.34,17.34,17.34,17.34,17.34,17.33,17.33,17.33,17.33
2020-07-29 00:00:00,24,24,24,24,23.96,23.85,23.67,23.41,23.1,22.73,22.19,21.55,20.87,20.22,19.69,19.28,18.92,18.61,18.35,18.14,17.98,17.86,17.77,17.69,17.62,17.55,17.49,17.45,17.4,17.36,17.32,17.3,17.29,17.27,17.26,17.25,17.25,17.24,17.24,17.23,17.23,17.22,17.21,17.21,17.2,17.2,17.19,17.18,17.16,17.14,17.12
2020-07-30 00:00:00,24.28,24.28,24.28,24.28,24.22,23.95,23.61,23.26,22.87,22.46,21.92,21.32,20.7,20.1,19.59,19.16,18.81,18.51,18.26,18.06,17.9,17.78,17.69,17.61,17.53,17.46,17.4,17.36,17.33,17.3,17.27,17.25,17.23,17.22,17.21,17.2,17.19,17.19,17.18,17.18,17.18,17.18,17.17,17.17,17.17,17.17,17.17,17.17,17.17,17.17,17.17
2020-07-31 00:00:00,24.05,24.06,24.06,24.06,24.05,24,23.77,23.39,22.94,22.48,21.87,21.2,20.52,19.89,19.4,19.01,18.68,18.4,18.16,17.96,17.81,17.7,17.62,17.55,17.49,17.44,17.4,17.37,17.34,17.3,17.28,17.26,17.24,17.23,17.22,17.21,17.21,17.2,17.2,17.2,17.19,17.19,17.19,17.19,17.19,17.19,17.19,17.19,17.19,17.19,17.19
2020-08-01 00:00:00,24.36,24.36,24.36,24.35,24.28,23.99,23.64,23.23,22.77,22.27,21.63,20.94,20.29,19.7,19.23,18.86,18.54,18.27,18.05,17.86,17.73,17.62,17.54,17.47,17.4,17.34,17.28,17.22,17.18,17.14,17.12,17.1,17.09,17.07,17.06,17.05,17.04,17.03,17.02,17,16.98,16.96,16.94,16.91,16.89,16.88,16.89,16.9,16.91,16.9,16.9
2020-08-02 00:00:00,24.56,24.56,24.56,24.56,24.5,24.1,23.62,23.11,22.54,21.96,21.25,20.55,19.91,19.36,18.9,18.52,18.23,17.99,17.8,17.64,17.52,17.42,17.33,17.26,17.18,17.11,17.05,17.02,16.99,16.99,16.98,16.96,16.95,16.94,16.92,16.91,16.9,16.89,16.88,16.87,16.86,16.86,16.85,16.85,16.85,16.85,16.85,16.85,16.85,16.85,16.85
2020-08-03 00:00:00,23.75,23.75,23.76,23.77,23.76,23.65,23.4,23.02,22.56,22.05,21.37,20.64,19.94,19.33,18.86,18.49,18.18,17.92,17.7,17.52,17.39,17.28,17.2,17.14,17.07,17.01,16.96,16.93,16.9,16.87,16.86,16.85,16.84,16.84,16.83,16.82,16.82,16.82,16.81,16.8,16.8,16.79,16.78,16.77,16.8,16.8,16.8,16.8,16.8,16.8,16.8
2020-08-04 00:00:00,22.9,22.91,22.91,22.91,22.92,22.91,22.78,22.55,22.23,21.86,21.33,20.72,20.08,19.48,18.99,18.61,18.27,17.99,17.74,17.54,17.39,17.27,17.17,17.1,17.02,16.96,16.9,16.85,16.81,16.76,16.73,16.71,16.69,16.68,16.67,16.66,16.66,16.65,16.65,16.64,16.64,16.63,16.63,16.63,16.63,16.63,16.63,16.61,16.2,15.41,14.47
2020-08-05 00:00:00,22.52,22.55,22.57,22.6,22.63,22.62,22.51,22.26,21.95,21.59,21.09,20.53,19.94,19.4,18.93,18.56,18.22,17.92,17.67,17.46,17.3,17.18,17.08,17,16.93,16.85,16.8,16.75,16.7,16.65,16.62,16.6,16.59,16.58,16.57,16.56,16.56,16.56,16.56,16.56,16.55,16.55,16.55,16.55,16.55,16.55,16.54,16.54,16.54,16.54,16.54
2020-08-06 00:00:00,22.53,22.54,22.56,22.57,22.57,22.56,22.38,22.1,21.77,21.4,20.9,20.34,19.77,19.23,18.77,18.39,18.05,17.76,17.53,17.33,17.19,17.07,16.98,16.9,16.83,16.75,16.7,16.66,16.61,16.58,16.56,16.55,16.53,16.52,16.51,16.5,16.5,16.49,16.49,16.49,16.48,16.48,16.48,16.48,16.48,16.48,16.48,16.48,16.48,16.48,16.48
2020-08-07 00:00:00,22.52,22.53,22.54,22.55,22.55,22.53,22.34,22.04,21.68,21.29,20.77,20.2,19.62,19.08,18.62,18.25,17.92,17.64,17.4,17.21,17.07,16.95,16.86,16.8,16.73,16.66,16.61,16.58,16.54,16.51,16.5,16.49,16.48,16.48,16.47,16.47,16.46,16.46,16.46,16.46,16.46,16.46,16.46,16.46,16.46,16.45,16.45,16.45,16.45,16.45,16.45
2020-08-08 00:00:00,22.36,22.36,22.36,22.37,22.36,22.31,22.16,21.95,21.65,21.29,20.77,20.19,19.59,19.05,18.6,18.24,17.92,17.65,17.41,17.2,17.05,16.93,16.84,16.77,16.69,16.62,16.57,16.53,16.48,16.44,16.41,16.39,16.38,16.37,16.36,16.35,16.35,16.34,16.34,16.33,16.33,16.32,16.32,16.31,16.3,16.3,16.3,16.3,16.3,16.3,16.3
2020-08-09 00:00:00,22.49,22.49,22.49,22.48,22.43,22.3,22.07,21.8,21.51,21.19,20.75,20.23,19.66,19.11,18.64,18.28,17.97,17.69,17.45,17.24,17.09,16.96,16.87,16.79,16.71,16.64,16.59,16.55,16.51,16.46,16.42,16.39,16.37,16.36,16.34,16.33,16.33,16.32,16.32,16.32,16.31,16.31,16.31,16.31,16.31,16.31,16.31,16.31,16.31,16.31,16.31
2020-08-10 00:00:00,22.69,22.69,22.69,22.67,22.61,22.49,22.28,22.01,21.67,21.29,20.77,20.19,19.6,19.06,18.63,18.28,17.98,17.72,17.48,17.28,17.13,17.01,16.92,16.85,16.78,16.72,16.66,16.62,16.57,16.52,16.48,16.45,16.42,16.4,16.39,16.37,16.36,16.36,16.35,16.35,16.35,16.34,16.34,16.34,16.34,16.34,16.34,16.34,16.34,16.34,16.34
2020-08-11 00:00:00,22.81,22.81,22.82,22.81,22.74,22.5,22.14,21.75,21.35,20.92,20.38,19.81,19.26,18.77,18.38,18.06,17.78,17.54,17.33,17.16,17.03,16.92,16.83,16.75,16.66,16.56,16.47,16.4,16.34,16.28,16.24,16.22,16.19,16.16,16.14,16.11,16.08,16.06,16.02,15.99,15.95,15.91,15.87,15.82,15.77,15.73,15.68,15.65,15.64,15.66,15.68
2020-08-12 00:00:00,22.6,22.63,22.66,22.68,22.64,22.36,21.93,21.47,20.97,20.47,19.88,19.29,18.76,18.32,17.97,17.7,17.45,17.24,17.04,16.85,16.68,16.54,16.42,16.32,16.22,16.13,16.07,16.02,15.96,15.91,15.87,15.83,15.79,15.76,15.72,15.68,15.65,15.63,15.62,15.61,15.61,15.61,15.61,15.61,15.61,15.61,15.61,15.61,15.61,15.6,15.6
2020-08-13 00:00:00,22.76,22.76,22.76,22.76,22.7,22.31,21.81,21.29,20.74,20.2,19.58,18.98,18.46,18.02,17.64,17.33,17.08,16.86,16.67,16.5,16.36,16.24,16.14,16.06,15.98,15.9,15.84,15.8,15.75,15.71,15.69,15.67,15.65,15.62,15.6,15.58,15.57,15.56,15.55,15.55,15.54,15.54,15.53,15.52,15.52,15.51,15.51,15.51,15.5,15.5,15.5
2020-08-14 00:00:00,22.87,22.87,22.88,22.87,22.78,22.35,21.79,21.21,20.63,20.08,19.43,18.79,18.22,17.72,17.32,17.02,16.77,16.56,16.39,16.24,16.12,16.03,15.95,15.88,15.82,15.76,15.71,15.69,15.67,15.65,15.63,15.62,15.61,15.6,15.59,15.58,15.57,15.57,15.56,15.56,15.55,15.55,15.55,15.54,15.54,15.54,15.54,15.54,15.54,15.54,15.54
2020-08-15 00:00:00,22.98,22.98,22.98,22.98,22.88,22.4,21.79,21.18,20.57,19.97,19.27,18.59,17.97,17.46,17.07,16.79,16.55,16.35,16.18,16.05,15.94,15.86,15.79,15.74,15.69,15.64,15.62,15.6,15.59,15.58,15.57,15.57,15.57,15.56,15.56,15.56,15.55,15.55,15.55,15.55,15.55,15.55,15.55,15.55,15.55,15.55,15.55,15.55,15.55,15.55,15.55
2020-08-16 00:00:00,22.24,22.24,22.24,22.24,22.21,22.03,21.67,21.17,20.58,19.99,19.26,18.54,17.9,17.37,16.99,16.7,16.47,16.27,16.11,15.98,15.88,15.8,15.74,15.68,15.62,15.56,15.51,15.47,15.43,15.4,15.37,15.35,15.34,15.32,15.3,15.28,15.26,15.25,15.23,15.21,15.19,15.17,15.15,15.12,15.1,15.07,15.05,15.03,14.9,14.93,15.09
2020-08-17 00:00:00,21.57,21.58,21.58,21.59,21.57,21.44,21.19,20.86,20.46,20.01,19.4,18.74,18.09,17.53,17.09,16.77,16.49,16.26,16.05,15.88,15.76,15.66,15.59,15.52,15.45,15.39,15.34,15.29,15.25,15.19,15.15,15.13,15.1,15.09,15.08,15.07,15.07,15.06,15.06,15.05,15.05,15.05,15.04,15.04,15.04,15.04,15.04,15.04,15.03,15.03,15.03
2020-08-18 00:00:00,21.36,21.37,21.38,21.39,21.38,21.3,21.06,20.73,20.35,19.94,19.39,18.76,18.13,17.56,17.11,16.77,16.48,16.22,16.01,15.83,15.69,15.59,15.51,15.46,15.4,15.35,15.3,15.26,15.22,15.18,15.15,15.12,15.11,15.09,15.08,15.08,15.07,15.07,15.07,15.06,15.06,15.06,15.06,15.06,15.06,15.06,15.06,15.06,15.06,15.06,15.06
2020-08-19 00:00:00,21.22,21.22,21.23,21.23,21.22,21.15,20.89,20.55,20.16,19.74,19.18,18.57,17.97,17.44,17.01,16.68,16.39,16.14,15.94,15.77,15.64,15.54,15.46,15.39,15.31,15.23,15.16,15.11,15.06,15.02,14.98,14.96,14.94,14.92,14.91,14.89,14.87,14.86,14.84,14.82,14.8,14.78,14.75,14.7,14.65,14.73,14.73,14.72,14.7,14.68,14.67
2020-08-20 00:00:00,21.35,21.36,21.36,21.36,21.34,21.17,20.8,20.38,19.92,19.44,18.84,18.22,17.64,17.14,16.75,16.45,16.17,15.93,15.7,15.52,15.4,15.29,15.2,15.12,15.04,14.96,14.9,14.86,14.81,14.76,14.72,14.7,14.68,14.66,14.66,14.65,14.65,14.64,14.63,14.62,14.61,14.6,14.59,14.59,14.58,14.58,14.58,14.58,14.58,14.57,14.57
2020-08-21 00:00:00,20.95,20.95,20.95,20.95,20.94,20.85,20.63,20.31,19.92,19.5,18.92,18.3,17.68,17.13,16.69,16.35,16.04,15.78,15.56,15.38,15.24,15.13,15.05,14.97,14.9,14.83,14.78,14.74,14.7,14.65,14.63,14.61,14.61,14.6,14.59,14.58,14.58,14.57,14.57,14.57,14.57,14.57,14.56,14.56,14.56,14.56,14.56,14.56,14.56,14.56,14.56
2020-08-22 00:00:00,20.96,20.96,20.96,20.96,20.94,20.82,20.52,20.17,19.77,19.35,18.8,18.19,17.59,17.04,16.58,16.23,15.92,15.65,15.43,15.25,15.12,15.01,14.93,14.86,14.79,14.72,14.68,14.64,14.61,14.57,14.56,14.55,14.54,14.54,14.54,14.54,14.53,14.53,14.53,14.53,14.53,14.53,14.53,14.52,14.52,14.52,14.52,14.52,14.52,14.52,14.52
2020-08-23 00:00:00,20.8,20.8,20.8,20.8,20.75,20.6,20.37,20.08,19.73,19.34,18.8,18.18,17.56,17,16.53,16.18,15.86,15.59,15.37,15.18,15.04,14.94,14.85,14.78,14.72,14.65,14.61,14.57,14.54,14.51,14.49,14.48,14.48,14.47,14.47,14.47,14.46,14.46,14.46,14.46,14.46,14.46,14.46,14.46,14.45,14.45,14.45,14.45,14.45,14.45,14.45
2020-08-24 00:00:00,21.35,21.35,21.35,21.29,21.07,20.71,20.34,19.96,19.56,19.14,18.57,17.96,17.34,16.77,16.31,15.96,15.67,15.43,15.22,15.05,14.92,14.81,14.73,14.67,14.6,14.55,14.51,14.48,14.47,14.45,14.44,14.43,14.42,14.42,14.41,14.41,14.41,14.4,14.4,14.4,14.4,14.4,14.4,14.4,14.4,14.4,14.4,14.4,14.4,14.4,14.39
2020-08-25 00:00:00,21.71,21.7,21.7,21.66,21.45,21.03,20.53,20,19.46,18.94,18.29,17.6,16.95,16.4,15.98,15.68,15.42,15.2,15.01,14.86,14.74,14.65,14.58,14.53,14.48,14.45,14.43,14.43,14.42,14.4,14.4,14.39,14.39,14.38,14.38,14.38,14.38,14.38,14.38,14.37,14.37,14.37,14.37,14.37,14.37,14.37,14.36,14.36,14.36,14.36,14.36
2020-08-26 00:00:00,22.08,22.08,22.08,22.03,21.76,21.17,20.57,19.97,19.36,18.74,17.98,17.24,16.61,16.11,15.73,15.45,15.21,15.01,14.85,14.71,14.61,14.53,14.47,14.44,14.42,14.4,14.39,14.38,14.37,14.36,14.36,14.35,14.35,14.35,14.35,14.35,14.35,14.35,14.35,14.35,14.35,14.35,14.35,14.35,14.35,14.35,14.35,14.35,14.35,14.35,14.35
2020-08-27 00:00:00,21.68,21.68,21.68,21.66,21.52,21.18,20.7,20.11,19.48,18.85,18.07,17.3,16.61,16.05,15.64,15.36,15.12,14.93,14.77,14.63,14.54,14.48,14.43,14.4,14.38,14.36,14.35,14.34,14.33,14.33,14.32,14.32,14.31,14.31,14.31,14.31,14.3,14.3,14.3,14.3,14.3,14.3,14.3,14.3,14.3,14.3,14.3,14.3,14.3,14.3,14.29
2020-08-28 00:00:00,22.08,22.06,22.04,21.92,21.54,21.05,20.52,19.96,19.36,18.74,17.96,17.18,16.52,15.98,15.58,15.29,15.05,14.86,14.7,14.57,14.48,14.42,14.38,14.35,14.34,14.32,14.31,14.3,14.29,14.28,14.27,14.27,14.26,14.26,14.26,14.25,14.25,14.25,14.25,14.25,14.25,14.25,14.24,14.24,14.24,14.24,14.24,14.24,14.24,14.24,14.24
2020-08-29 00:00:00,21.46,21.46,21.46,21.44,21.32,21.04,20.58,20.04,19.44,18.82,18.05,17.26,16.55,15.96,15.53,15.23,14.99,14.79,14.64,14.51,14.43,14.37,14.33,14.31,14.29,14.27,14.26,14.26,14.25,14.25,14.25,14.25,14.25,14.25,14.25,14.25,14.25,14.25,14.25,14.25,14.25,14.25,14.25,14.25,14.25,14.25,14.25,14.25,14.25,14.25,14.25
2020-08-30 00:00:00,19.88,19.89,19.89,19.89,19.89,19.81,19.67,19.46,19.2,18.9,18.45,17.9,17.3,16.73,16.24,15.85,15.52,15.23,15,14.81,14.67,14.57,14.49,14.43,14.37,14.32,14.28,14.25,14.22,14.19,14.18,14.16,14.15,14.15,14.14,14.13,14.13,14.13,14.12,14.12,14.11,14.11,14.09,14.08,14.09,14.09,14.09,14.09,14.08,14.07,14.07
2020-08-31 00:00:00,19.72,19.72,19.73,19.73,19.73,19.68,19.5,19.23,18.92,18.59,18.16,17.66,17.14,16.64,16.21,15.85,15.53,15.26,15.02,14.82,14.67,14.56,14.47,14.4,14.33,14.27,14.22,14.18,14.14,14.1,14.07,14.05,14.04,14.03,14.03,14.02,14.02,14.02,14.01,14.01,14.01,14,14,13.99,13.99,13.97,13.95,13.92,13.82,13.8,13.83
2020-09-01 00:00:00,19.33,19.33,19.34,19.34,19.34,19.3,19.17,18.98,18.73,18.45,18.03,17.55,17.05,16.57,16.16,15.83,15.53,15.27,15.03,14.82,14.67,14.55,14.45,14.37,14.29,14.22,14.16,14.12,14.07,14.02,13.98,13.96,13.95,13.94,13.93,13.92,13.91,13.91,13.91,13.9,13.9,13.89,13.89,13.89,13.89,13.89,13.88,13.88,13.88,13.88,13.88
2020-09-02 00:00:00,19.51,19.51,19.51,19.5,19.45,19.29,19.05,18.79,18.52,18.22,17.81,17.34,16.86,16.41,16.02,15.7,15.4,15.13,14.9,14.7,14.56,14.44,14.35,14.27,14.19,14.12,14.06,14.01,13.96,13.91,13.88,13.85,13.84,13.83,13.83,13.83,13.82,13.82,13.82,13.82,13.82,13.82,13.82,13.81,13.81,13.81,13.81,13.81,13.81,13.81,13.81
2020-09-03 00:00:00,19.16,19.17,19.17,19.17,19.17,19.13,19.01,18.83,18.59,18.3,17.87,17.38,16.86,16.37,15.96,15.63,15.33,15.07,14.84,14.64,14.49,14.37,14.28,14.2,14.12,14.05,13.99,13.95,13.9,13.85,13.82,13.8,13.79,13.78,13.77,13.77,13.76,13.76,13.76,13.76,13.75,13.75,13.75,13.75,13.74,13.74,13.75,13.75,13.75,13.76,13.76
2020-09-04 00:00:00,17.75,17.76,17.76,17.76,17.77,17.77,17.74,17.69,17.61,17.51,17.35,17.15,16.92,16.68,16.44,16.21,15.99,15.77,15.55,15.35,15.18,15.04,14.91,14.8,14.69,14.59,14.49,14.4,14.31,14.21,14.13,14.07,14.01,13.97,13.93,13.9,13.87,13.86,13.84,13.83,13.82,13.81,13.8,13.78,13.77,13.75,13.72,13.68,13.58,13.46,13.34
2020-09-05 00:00:00,17.51,17.51,17.51,17.51,17.52,17.51,17.49,17.43,17.36,17.26,17.12,16.93,16.71,16.48,16.27,16.09,15.9,15.72,15.55,15.38,15.24,15.12,15.02,14.92,14.81,14.7,14.6,14.51,14.41,14.28,14.18,14.11,14.05,13.99,13.94,13.9,13.88,13.85,13.83,13.81,13.8,13.78,13.77,13.75,13.73,13.72,13.7,13.69,13.66,13.65,13.65
2020-09-06 00:00:00,17.53,17.53,17.53,17.54,17.54,17.54,17.52,17.47,17.39,17.29,17.13,16.92,16.68,16.43,16.21,16.01,15.82,15.64,15.47,15.3,15.17,15.04,14.94,14.84,14.73,14.62,14.52,14.42,14.31,14.18,14.09,14.01,13.95,13.89,13.84,13.8,13.78,13.75,13.73,13.71,13.7,13.68,13.67,13.65,13.64,13.62,13.6,13.56,13.4,12.86,12.12
2020-09-07 00:00:00,17.03,17.02,17.02,17.02,17,16.97,16.94,16.9,16.84,16.78,16.7,16.6,16.48,16.36,16.24,16.12,16,15.88,15.76,15.63,15.52,15.43,15.34,15.26,15.17,15.07,14.99,14.91,14.82,14.71,14.62,14.55,14.49,14.43,14.38,14.34,14.31,14.29,14.27,14.25,14.24,14.22,14.21,14.2,14.18,14.17,14.14,14.1,13.92,13.21,12.21
2020-09-08 00:00:00,16.79,16.79,16.8,16.8,16.8,16.8,16.8,16.79,16.77,16.72,16.64,16.52,16.39,16.25,16.12,16.01,15.9,15.79,15.68,15.57,15.47,15.39,15.31,15.24,15.16,15.07,14.99,14.92,14.83,14.72,14.63,14.55,14.49,14.43,14.38,14.34,14.3,14.28,14.25,14.23,14.21,14.19,14.17,14.15,14.13,14.12,14.09,14.07,14.02,13.95,13.88
2020-09-09 00:00:00,16.1,16.1,16.1,16.1,16.1,16.11,16.1,16.1,16.09,16.08,16.06,16.03,15.98,15.93,15.87,15.81,15.75,15.68,15.61,15.53,15.46,15.4,15.34,15.28,15.21,15.15,15.09,15.02,14.95,14.88,14.81,14.75,14.7,14.64,14.6,14.57,14.54,14.52,14.51,14.49,14.48,14.46,14.45,14.44,14.42,14.41,14.39,14.37,14.31,14.25,14.19
2020-09-10 00:00:00,15.62,15.62,15.62,15.62,15.62,15.62,15.62,15.62,15.62,15.61,15.61,15.59,15.57,15.54,15.51,15.48,15.45,15.41,15.38,15.34,15.31,15.28,15.25,15.22,15.19,15.15,15.12,15.09,15.05,15,14.96,14.93,14.9,14.87,14.84,14.82,14.81,14.79,14.78,14.77,14.75,14.74,14.73,14.71,14.7,14.68,14.67,14.65,14.62,14.59,14.55
2020-09-11 00:00:00,15.45,15.45,15.45,15.46,15.46,15.46,15.46,15.47,15.47,15.46,15.45,15.44,15.41,15.39,15.36,15.33,15.3,15.28,15.24,15.21,15.18,15.15,15.12,15.1,15.06,15.03,14.99,14.95,14.91,14.85,14.81,14.77,14.73,14.7,14.66,14.63,14.61,14.59,14.57,14.55,14.54,14.52,14.5,14.48,14.46,14.44,14.41,14.38,14.29,14.16,14.03
2020-09-12 00:00:00,15.5,15.5,15.5,15.5,15.5,15.5,15.5,15.49,15.48,15.47,15.45,15.41,15.37,15.33,15.29,15.25,15.21,15.18,15.13,15.09,15.05,15.01,14.97,14.93,14.89,14.84,14.79,14.74,14.67,14.59,14.52,14.46,14.41,14.37,14.32,14.29,14.26,14.23,14.21,14.19,14.17,14.15,14.14,14.12,14.1,14.08,14.06,14.04,13.98,13.91,13.84
2020-09-13 00:00:00,15.66,15.66,15.66,15.66,15.66,15.66,15.66,15.64,15.61,15.57,15.52,15.46,15.39,15.32,15.25,15.19,15.13,15.07,15.02,14.96,14.91,14.86,14.82,14.77,14.72,14.67,14.62,14.56,14.49,14.41,14.34,14.29,14.24,14.19,14.15,14.12,14.09,14.06,14.04,14.02,13.99,13.97,13.95,13.93,13.9,13.88,13.85,13.82,13.74,13.65,13.57
2020-09-14 00:00:00,15.99,15.99,15.99,16,16,15.99,15.97,15.91,15.84,15.76,15.66,15.55,15.45,15.34,15.26,15.18,15.11,15.03,14.96,14.88,14.82,14.76,14.7,14.65,14.58,14.51,14.44,14.38,14.29,14.18,14.09,14.02,13.95,13.89,13.84,13.79,13.76,13.72,13.69,13.66,13.63,13.6,13.57,13.54,13.51,13.48,13.45,13.41,13.34,13.24,13.16
2020-09-15 00:00:00,16.38,16.38,16.38,16.38,16.38,16.36,16.29,16.18,16.06,15.94,15.8,15.65,15.51,15.37,15.26,15.16,15.07,14.97,14.88,14.8,14.72,14.64,14.57,14.5,14.42,14.33,14.24,14.15,14.04,13.91,13.8,13.72,13.65,13.59,13.53,13.48,13.44,13.4,13.37,13.34,13.31,13.28,13.25,13.23,13.2,13.17,13.14,13.12,13.06,13.01,12.98
2020-09-16 00:00:00,16.19,16.19,16.19,16.19,16.19,16.19,16.17,16.13,16.08,16.03,15.95,15.84,15.71,15.58,15.45,15.32,15.19,15.06,14.93,14.8,14.69,14.6,14.51,14.43,14.34,14.25,14.17,14.09,14,13.89,13.81,13.73,13.67,13.62,13.57,13.53,13.5,13.48,13.46,13.44,13.43,13.41,13.4,13.38,13.37,13.36,13.34,13.33,13.3,13.26,13.21
2020-09-17 00:00:00,16.33,16.33,16.33,16.33,16.33,16.31,16.28,16.23,16.16,16.09,15.97,15.84,15.68,15.53,15.38,15.25,15.13,15,14.88,14.76,14.66,14.57,14.48,14.41,14.33,14.24,14.16,14.08,13.99,13.88,13.79,13.72,13.66,13.61,13.56,13.52,13.49,13.46,13.44,13.42,13.4,13.39,13.37,13.35,13.33,13.31,13.29,13.27,13.21,13.14,13.08
2020-09-18 00:00:00,16.41,16.41,16.41,16.41,16.41,16.41,16.38,16.32,16.24,16.14,16,15.83,15.65,15.48,15.32,15.19,15.05,14.92,14.8,14.67,14.57,14.47,14.39,14.31,14.22,14.13,14.04,13.96,13.86,13.73,13.64,13.56,13.5,13.44,13.39,13.35,13.32,13.29,13.27,13.24,13.22,13.2,13.18,13.15,13.13,13.11,13.09,13.06,13.01,12.94,12.88
2020-09-19 00:00:00,15.97,16.15,16.32,16.46,16.48,16.48,16.43,16.37,16.28,16.17,16.01,15.82,15.62,15.43,15.26,15.11,14.96,14.82,14.69,14.56,14.45,14.35,14.25,14.17,14.06,13.95,13.85,13.75,13.63,13.51,13.41,13.35,13.29,13.23,13.18,13.14,13.11,13.08,13.06,13.03,13.01,12.98,12.96,12.94,12.92,12.9,12.88,12.87,12.87,12.88,12.89
2020-09-20 00:00:00,16.18,16.19,16.19,16.2,16.2,16.21,16.21,16.22,16.18,16.1,15.96,15.78,15.58,15.38,15.19,15.03,14.88,14.72,14.57,14.43,14.3,14.19,14.09,13.99,13.88,13.76,13.66,13.56,13.45,13.33,13.23,13.16,13.1,13.05,13,12.96,12.94,12.91,12.89,12.88,12.86,12.84,12.83,12.81,12.8,12.78,12.77,12.76,12.74,12.71,12.67
2020-09-21 00:00:00,15.98,15.98,15.99,15.99,16,16,16,15.99,15.96,15.9,15.8,15.67,15.5,15.31,15.13,14.97,14.8,14.64,14.48,14.33,14.2,14.08,13.98,13.89,13.79,13.69,13.59,13.5,13.4,13.29,13.19,13.12,13.06,13.01,12.96,12.93,12.9,12.88,12.86,12.85,12.83,12.82,12.81,12.79,12.78,12.76,12.74,12.71,12.62,12.56,12.55
2020-09-22 00:00:00,15.8,15.81,15.81,15.81,15.81,15.81,15.8,15.77,15.73,15.67,15.58,15.46,15.32,15.17,15.02,14.88,14.74,14.6,14.46,14.32,14.2,14.1,14.01,13.92,13.83,13.73,13.65,13.57,13.48,13.37,13.28,13.21,13.15,13.09,13.05,13.01,12.98,12.96,12.94,12.93,12.91,12.9,12.88,12.87,12.86,12.84,12.83,12.81,12.78,12.73,12.69
2020-09-23 00:00:00,15.96,15.96,15.96,15.96,15.96,15.96,15.94,15.88,15.8,15.71,15.56,15.4,15.22,15.05,14.9,14.76,14.63,14.49,14.36,14.23,14.12,14.02,13.94,13.86,13.77,13.67,13.58,13.5,13.41,13.29,13.19,13.12,13.06,13.01,12.96,12.93,12.9,12.87,12.85,12.83,12.81,12.79,12.78,12.76,12.74,12.72,12.7,12.68,12.62,12.51,12.39
2020-09-24 00:00:00,16.13,16.13,16.13,16.13,16.13,16.12,16.09,16.03,15.93,15.82,15.65,15.46,15.25,15.04,14.86,14.7,14.55,14.41,14.27,14.13,14.02,13.91,13.82,13.74,13.64,13.54,13.45,13.36,13.26,13.14,13.05,12.99,12.93,12.87,12.83,12.8,12.77,12.74,12.73,12.71,12.69,12.68,12.66,12.65,12.63,12.62,12.6,12.59,12.56,12.53,12.5
2020-09-25 00:00:00,16.1,16.1,16.1,16.1,16.1,16.08,16.03,15.97,15.88,15.78,15.64,15.46,15.26,15.05,14.85,14.68,14.52,14.36,14.2,14.06,13.94,13.83,13.73,13.65,13.55,13.45,13.36,13.28,13.19,13.07,12.98,12.92,12.86,12.81,12.77,12.73,12.71,12.69,12.67,12.66,12.64,12.63,12.62,12.6,12.59,12.58,12.56,12.55,12.46,12.42,12.42
2020-09-26 00:00:00,15.99,15.99,15.99,15.99,15.99,15.97,15.95,15.93,15.85,15.77,15.64,15.48,15.29,15.09,14.89,14.72,14.55,14.39,14.23,14.08,13.96,13.85,13.76,13.67,13.58,13.48,13.4,13.32,13.23,13.13,13.05,12.98,12.93,12.88,12.84,12.81,12.78,12.76,12.75,12.73,12.72,12.71,12.7,12.69,12.68,12.66,12.65,12.62,12.53,12.49,12.48
2020-09-27 00:00:00,15.6,15.59,15.59,15.59,15.59,15.58,15.55,15.5,15.47,15.44,15.39,15.3,15.18,15.06,14.94,14.82,14.7,14.58,14.46,14.34,14.23,14.14,14.06,13.98,13.9,13.82,13.75,13.68,13.6,13.52,13.45,13.39,13.33,13.28,13.24,13.21,13.19,13.17,13.15,13.14,13.13,13.12,13.1,13.09,13.08,13.07,13.04,12.96,12.62,12.45,12.44
2020-09-28 00:00:00,15.08,15.08,15.08,15.08,15.08,15.08,15.08,15.08,15.07,15.04,15,14.94,14.87,14.79,14.72,14.65,14.57,14.5,14.42,14.35,14.28,14.22,14.17,14.12,14.06,14.01,13.95,13.9,13.84,13.76,13.7,13.65,13.61,13.57,13.53,13.5,13.48,13.46,13.44,13.43,13.41,13.4,13.38,13.37,13.35,13.33,13.3,13.26,13.16,13.1,13.06
2020-09-29 00:00:00,14.81,14.81,14.81,14.81,14.81,14.82,14.82,14.82,14.82,14.81,14.79,14.75,14.7,14.65,14.59,14.53,14.47,14.41,14.34,14.28,14.22,14.16,14.12,14.07,14.02,13.96,13.91,13.86,13.8,13.73,13.67,13.62,13.58,13.54,13.5,13.47,13.45,13.44,13.42,13.41,13.39,13.38,13.37,13.35,13.34,13.33,13.31,13.29,13.24,13.16,13.09
2020-09-30 00:00:00,14.65,14.65,14.66,14.66,14.66,14.66,14.66,14.66,14.66,14.66,14.64,14.6,14.56,14.51,14.45,14.4,14.34,14.28,14.23,14.17,14.12,14.07,14.02,13.98,13.93,13.88,13.83,13.79,13.73,13.66,13.6,13.55,13.51,13.47,13.43,13.4,13.38,13.36,13.34,13.33,13.31,13.3,13.28,13.27,13.25,13.23,13.21,13.19,13.14,13.08,13.02
2020-10-01 00:00:00,14.21,14.21,14.21,14.22,14.22,14.22,14.22,14.23,14.23,14.23,14.22,14.21,14.19,14.18,14.16,14.14,14.11,14.09,14.07,14.04,14.02,13.99,13.97,13.95,13.93,13.9,13.87,13.85,13.82,13.79,13.76,13.73,13.71,13.69,13.67,13.65,13.64,13.63,13.62,13.61,13.6,13.59,13.58,13.57,13.56,13.54,13.53,13.5,13.43,13.33,13.24
2020-10-02 00:00:00,13.93,13.93,13.93,13.94,13.94,13.94,13.94,13.95,13.95,13.95,13.95,13.95,13.95,13.95,13.94,13.93,13.93,13.92,13.91,13.89,13.88,13.87,13.86,13.85,13.84,13.82,13.81,13.8,13.78,13.76,13.74,13.72,13.71,13.7,13.68,13.67,13.66,13.65,13.65,13.64,13.63,13.62,13.62,13.6,13.59,13.56,13.52,13.45,13.38,13.33,13.29
2020-10-03 00:00:00,13.93,13.93,13.93,13.94,13.94,13.94,13.94,13.94,13.94,13.95,13.94,13.93,13.91,13.89,13.87,13.85,13.84,13.82,13.8,13.79,13.77,13.75,13.74,13.72,13.7,13.68,13.65,13.63,13.59,13.55,13.52,13.49,13.46,13.43,13.4,13.38,13.36,13.34,13.33,13.31,13.3,13.28,13.26,13.24,13.22,13.2,13.18,13.15,13.09,12.98,12.86
2020-10-04 00:00:00,13.89,13.9,13.9,13.9,13.9,13.91,13.96,13.97,13.96,13.95,13.93,13.91,13.89,13.87,13.85,13.83,13.81,13.79,13.76,13.73,13.71,13.68,13.66,13.63,13.59,13.55,13.5,13.45,13.39,13.3,13.23,13.19,13.14,13.09,13.05,13.01,12.97,12.94,12.91,12.87,12.84,12.8,12.76,12.72,12.68,12.63,12.59,12.54,12.44,12.32,12.21
2020-10-05 00:00:00,13.72,13.74,13.76,13.8,13.86,13.91,13.92,13.94,13.94,13.94,13.94,13.93,13.91,13.88,13.85,13.81,13.77,13.73,13.68,13.63,13.59,13.54,13.5,13.46,13.4,13.35,13.29,13.23,13.16,13.07,13,12.94,12.89,12.84,12.8,12.76,12.73,12.7,12.68,12.66,12.64,12.62,12.61,12.59,12.57,12.55,12.53,12.5,12.44,12.36,12.29
2020-10-06 00:00:00,13.44,13.44,13.44,13.44,13.45,13.45,13.45,13.45,13.45,13.45,13.45,13.45,13.44,13.44,13.44,13.43,13.43,13.42,13.41,13.41,13.4,13.4,13.39,13.38,13.38,13.37,13.36,13.36,13.35,13.34,13.33,13.32,13.32,13.31,13.31,13.3,13.3,13.29,13.29,13.28,13.28,13.27,13.27,13.26,13.25,13.24,13.23,13.22,13.19,13.16,13.12
2020-10-07 00:00:00,13.47,13.47,13.47,13.47,13.47,13.48,13.48,13.48,13.48,13.48,13.47,13.47,13.46,13.46,13.45,13.44,13.43,13.41,13.4,13.39,13.37,13.36,13.35,13.34,13.33,13.31,13.3,13.28,13.27,13.25,13.23,13.21,13.2,13.19,13.18,13.16,13.16,13.15,13.14,13.13,13.13,13.12,13.11,13.1,13.08,13.06,13.04,13.01,12.97,12.95,12.93
2020-10-08 00:00:00,13.44,13.45,13.45,13.46,13.46,13.46,13.46,13.47,13.47,13.47,13.47,13.46,13.46,13.45,13.44,13.43,13.41,13.4,13.38,13.37,13.35,13.34,13.32,13.31,13.29,13.27,13.26,13.24,13.22,13.19,13.17,13.15,13.13,13.12,13.11,13.09,13.08,13.07,13.06,13.06,13.05,13.04,13.02,13.01,12.99,12.97,12.95,12.93,12.9,12.88,12.85
2020-10-09 00:00:00,13.52,13.52,13.53,13.53,13.54,13.54,13.54,13.54,13.54,13.54,13.52,13.49,13.45,13.42,13.39,13.37,13.35,13.32,13.3,13.28,13.26,13.24,13.22,13.21,13.18,13.16,13.13,13.1,13.07,13.02,12.99,12.96,12.93,12.9,12.87,12.85,12.83,12.81,12.79,12.78,12.76,12.75,12.73,12.71,12.7,12.68,12.66,12.64,12.57,12.47,12.36
2020-10-10 00:00:00,13.47,13.47,13.47,13.47,13.47,13.47,13.46,13.46,13.45,13.44,13.44,13.42,13.41,13.4,13.38,13.37,13.36,13.35,13.33,13.32,13.3,13.29,13.28,13.27,13.26,13.24,13.23,13.22,13.21,13.19,13.18,13.16,13.15,13.14,13.13,13.12,13.12,13.11,13.1,13.09,13.09,13.08,13.07,13.06,13.05,13.03,13.01,12.99,12.96,12.93,12.91
2020-10-11 00:00:00,13.5,13.51,13.51,13.51,13.51,13.51,13.51,13.51,13.51,13.51,13.51,13.5,13.48,13.46,13.44,13.42,13.4,13.38,13.36,13.33,13.31,13.29,13.27,13.26,13.23,13.21,13.19,13.17,13.14,13.11,13.08,13.06,13.04,13.02,13,12.99,12.97,12.96,12.95,12.94,12.93,12.92,12.91,12.89,12.88,12.86,12.84,12.82,12.79,12.76,12.73
2020-10-12 00:00:00,13.58,13.58,13.58,13.58,13.58,13.58,13.58,13.58,13.57,13.56,13.55,13.53,13.51,13.48,13.45,13.42,13.39,13.36,13.33,13.3,13.27,13.24,13.22,13.19,13.17,13.14,13.11,13.09,13.06,13.03,13,12.97,12.95,12.93,12.91,12.89,12.88,12.87,12.86,12.85,12.84,12.83,12.82,12.82,12.81,12.8,12.79,12.77,12.72,12.61,12.48
2020-10-13 00:00:00,13.21,13.22,13.23,13.25,13.27,13.28,13.28,13.29,13.29,13.29,13.29,13.29,13.29,13.29,13.29,13.28,13.28,13.27,13.26,13.25,13.24,13.24,13.23,13.22,13.21,13.2,13.19,13.18,13.16,13.15,13.13,13.12,13.11,13.1,13.09,13.08,13.07,13.06,13.05,13.04,13.04,13.03,13.02,13.02,13.01,13,12.99,12.96,12.86,12.57,12.18
2020-10-14 00:00:00,13.07,13.08,13.08,13.09,13.09,13.1,13.1,13.1,13.1,13.1,13.11,13.11,13.11,13.11,13.11,13.11,13.12,13.12,13.12,13.12,13.12,13.11,13.11,13.11,13.1,13.1,13.1,13.09,13.09,13.08,13.07,13.07,13.06,13.06,13.05,13.04,13.04,13.03,13.02,13.02,13.01,13,13,12.99,12.99,12.98,12.97,12.95,12.83,12.51,12.1
2020-10-15 00:00:00,13.01,13.01,13.01,13.01,13.02,13.02,13.02,13.02,13.02,13.02,13.03,13.03,13.03,13.03,13.03,13.03,13.03,13.03,13.03,13.03,13.03,13.03,13.03,13.02,13.02,13.02,13.02,13.01,13.01,13.01,13,13,12.99,12.99,12.98,12.98,12.97,12.97,12.96,12.96,12.96,12.95,12.95,12.95,12.94,12.94,12.93,12.9,12.74,12.53,12.32
2020-10-16 00:00:00,12.63,12.67,12.71,12.75,12.81,12.84,12.85,12.86,12.86,12.86,12.87,12.87,12.87,12.87,12.87,12.87,12.87,12.87,12.87,12.87,12.87,12.87,12.87,12.87,12.86,12.86,12.86,12.86,12.85,12.85,12.84,12.84,12.84,12.83,12.83,12.82,12.82,12.81,12.8,12.79,12.78,12.77,12.77,12.76,12.76,12.75,12.75,12.73,12.64,12.01,11.07
2020-10-17 00:00:00,12.53,12.55,12.58,12.61,12.64,12.66,12.67,12.68,12.68,12.68,12.69,12.69,12.69,12.69,12.69,12.69,12.69,12.69,12.69,12.69,12.69,12.69,12.68,12.68,12.68,12.67,12.67,12.66,12.66,12.65,12.64,12.64,12.63,12.63,12.62,12.61,12.61,12.6,12.6,12.59,12.58,12.57,12.57,12.56,12.56,12.55,12.54,12.52,12.43,11.9,11.15
2020-10-18 00:00:00,12.51,12.52,12.53,12.53,12.54,12.54,12.54,12.54,12.54,12.54,12.54,12.54,12.54,12.54,12.54,12.53,12.53,12.53,12.53,12.53,12.53,12.52,12.52,12.52,12.52,12.52,12.51,12.51,12.51,12.5,12.5,12.5,12.49,12.49,12.48,12.48,12.47,12.46,12.46,12.45,12.44,12.43,12.43,12.42,12.42,12.41,12.41,12.38,12.26,11.79,11.13
2020-10-19 00:00:00,12.19,12.2,12.2,12.21,12.23,12.25,12.29,12.31,12.33,12.34,12.35,12.36,12.36,12.36,12.36,12.36,12.36,12.36,12.36,12.36,12.36,12.35,12.35,12.35,12.35,12.34,12.34,12.34,12.33,12.33,12.32,12.32,12.32,12.31,12.31,12.3,12.3,12.29,12.29,12.28,12.27,12.27,12.26,12.26,12.25,12.25,12.24,12.21,12.13,12.08,12.04
2020-10-20 00:00:00,12.19,12.2,12.2,12.2,12.2,12.2,12.2,12.2,12.2,12.2,12.21,12.23,12.26,12.28,12.28,12.28,12.27,12.27,12.26,12.25,12.24,12.23,12.23,12.22,12.21,12.19,12.18,12.17,12.15,12.13,12.11,12.1,12.08,12.07,12.05,12.04,12.03,12.02,12.01,12,11.99,11.98,11.97,11.96,11.94,11.93,11.91,11.88,11.83,11.77,11.72
2020-10-21 00:00:00,12.16,12.16,12.16,12.16,12.16,12.16,12.16,12.16,12.16,12.17,12.17,12.17,12.17,12.16,12.16,12.15,12.14,12.14,12.13,12.12,12.11,12.09,12.08,12.07,12.06,12.05,12.03,12.02,12.01,11.99,11.97,11.96,11.95,11.94,11.93,11.92,11.91,11.9,11.9,11.89,11.88,11.88,11.87,11.86,11.85,11.85,11.84,11.82,11.79,11.75,11.71
2020-10-22 00:00:00,12.1,12.1,12.1,12.1,12.11,12.11,12.11,12.11,12.11,12.11,12.12,12.11,12.1,12.09,12.08,12.07,12.06,12.05,12.04,12.03,12.01,12,11.99,11.98,11.96,11.95,11.93,11.92,11.9,11.88,11.86,11.84,11.82,11.81,11.79,11.78,11.77,11.76,11.75,11.74,11.73,11.72,11.71,11.7,11.68,11.67,11.65,11.63,11.59,11.53,11.48
2020-10-23 00:00:00,12,12,12,12,12,12,12,12,12,12,11.99,11.99,11.98,11.98,11.97,11.96,11.96,11.95,11.94,11.93,11.92,11.91,11.91,11.9,11.89,11.88,11.87,11.86,11.85,11.84,11.83,11.82,11.81,11.8,11.8,11.79,11.78,11.78,11.77,11.77,11.76,11.76,11.75,11.74,11.74,11.73,11.72,11.71,11.69,11.65,11.61
2020-10-24 00:00:00,11.69,11.69,11.7,11.7,11.71,11.71,11.71,11.71,11.72,11.72,11.72,11.72,11.72,11.73,11.73,11.73,11.73,11.74,11.74,11.74,11.74,11.74,11.74,11.75,11.75,11.75,11.75,11.75,11.75,11.75,11.74,11.74,11.74,11.74,11.74,11.73,11.73,11.73,11.73,11.72,11.72,11.72,11.72,11.72,11.71,11.71,11.7,11.68,11.59,11.41,11.22
2020-10-25 00:00:00,11.54,11.54,11.54,11.54,11.55,11.55,11.56,11.58,11.66,11.69,11.7,11.7,11.7,11.69,11.68,11.68,11.67,11.66,11.65,11.64,11.63,11.62,11.62,11.61,11.6,11.59,11.58,11.57,11.56,11.55,11.54,11.53,11.52,11.51,11.5,11.49,11.48,11.48,11.47,11.47,11.46,11.45,11.45,11.44,11.44,11.43,11.41,11.39,11.32,11.27,11.22
2020-10-26 00:00:00,11.46,11.46,11.46,11.46,11.46,11.46,11.46,11.46,11.46,11.47,11.47,11.48,11.49,11.49,11.49,11.49,11.49,11.49,11.49,11.49,11.48,11.48,11.47,11.47,11.46,11.46,11.45,11.44,11.43,11.42,11.41,11.4,11.39,11.39,11.38,11.37,11.37,11.36,11.36,11.35,11.35,11.34,11.34,11.33,11.32,11.32,11.3,11.29,11.27,11.24,11.21
2020-10-27 00:00:00,11.23,11.23,11.23,11.23,11.24,11.24,11.24,11.24,11.24,11.24,11.25,11.25,11.25,11.25,11.25,11.25,11.25,11.25,11.25,11.25,11.26,11.26,11.27,11.28,11.28,11.28,11.28,11.28,11.28,11.28,11.27,11.27,11.27,11.26,11.26,11.26,11.25,11.25,11.25,11.24,11.24,11.23,11.22,11.21,11.21,11.2,11.2,11.19,11.18,11.14,11.1
2020-10-28 00:00:00,10.6,10.71,10.83,10.92,10.93,10.94,10.98,11.14,11.2,11.22,11.23,11.23,11.23,11.23,11.23,11.23,11.22,11.22,11.21,11.2,11.2,11.19,11.19,11.18,11.17,11.16,11.15,11.15,11.14,11.13,11.12,11.11,11.1,11.09,11.09,11.08,11.07,11.07,11.06,11.06,11.05,11.05,11.04,11.04,11.03,11.03,11.02,11.01,10.97,10.93,10.88
2020-10-29 00:00:00,10.87,10.88,10.88,10.89,10.9,10.92,10.95,10.96,10.98,10.99,11,11,11.01,11.01,11.01,11.01,11.01,11.01,11.01,11.01,11.01,11,11,11,11,10.99,10.99,10.99,10.99,10.98,10.98,10.98,10.97,10.97,10.97,10.96,10.96,10.96,10.95,10.95,10.95,10.95,10.94,10.94,10.94,10.93,10.92,10.89,10.8,10.72,10.66
2020-10-30 00:00:00,10.8,10.81,10.81,10.82,10.83,10.84,10.84,10.84,10.85,10.85,10.85,10.85,10.85,10.85,10.85,10.85,10.85,10.85,10.85,10.85,10.86,10.86,10.86,10.86,10.86,10.86,10.86,10.85,10.85,10.85,10.85,10.85,10.84,10.84,10.84,10.84,10.83,10.83,10.82,10.82,10.82,10.82,10.82,10.81,10.81,10.8,10.79,10.75,10.58,10.49,10.46
2020-10-31 00:00:00,10.32,10.45,10.57,10.68,10.72,10.73,10.74,10.75,10.77,10.79,10.79,10.79,10.79,10.79,10.79,10.8,10.8,10.8,10.79,10.79,10.79,10.78,10.78,10.77,10.76,10.76,10.75,10.74,10.73,10.72,10.71,10.7,10.69,10.68,10.68,10.67,10.66,10.66,10.65,10.65,10.64,10.64,10.63,10.63,10.62,10.61,10.6,10.58,10.53,10.49,10.46
2020-11-01 00:00:00,10.6,10.6,10.6,10.6,10.61,10.61,10.61,10.61,10.61,10.61,10.61,10.61,10.62,10.62,10.62,10.62,10.62,10.62,10.62,10.63,10.63,10.63,10.63,10.63,10.63,10.63,10.63,10.63,10.63,10.62,10.62,10.62,10.62,10.62,10.62,10.62,10.62,10.62,10.62,10.62,10.61,10.61,10.61,10.6,10.59,10.58,10.56,10.55,10.53,10.52,10.51
2020-11-02 00:00:00,10.12,10.16,10.2,10.25,10.31,10.34,10.35,10.36,10.36,10.37,10.37,10.37,10.38,10.38,10.38,10.39,10.39,10.39,10.39,10.4,10.4,10.4,10.4,10.4,10.4,10.4,10.4,10.4,10.4,10.4,10.4,10.39,10.39,10.39,10.39,10.39,10.39,10.39,10.38,10.38,10.38,10.38,10.38,10.38,10.38,10.37,10.36,10.35,10.34,10.34,10.33
2020-11-03 00:00:00,10.19,10.2,10.2,10.2,10.2,10.2,10.2,10.21,10.21,10.21,10.21,10.21,10.21,10.21,10.21,10.21,10.21,10.21,10.21,10.21,10.22,10.22,10.22,10.22,10.22,10.22,10.22,10.22,10.23,10.23,10.23,10.23,10.23,10.23,10.22,10.22,10.22,10.22,10.22,10.22,10.22,10.22,10.22,10.21,10.21,10.2,10.18,10.16,10.14,10.13,10.12
2020-11-04 00:00:00,10.15,10.15,10.15,10.16,10.16,10.16,10.16,10.16,10.16,10.16,10.17,10.17,10.17,10.17,10.17,10.17,10.17,10.17,10.17,10.17,10.16,10.16,10.16,10.16,10.16,10.16,10.15,10.15,10.15,10.15,10.15,10.14,10.14,10.14,10.14,10.14,10.14,10.13,10.13,10.13,10.13,10.13,10.13,10.12,10.12,10.11,10.1,10.08,10.05,10.03,10.02
2020-11-05 00:00:00,10.15,10.15,10.15,10.15,10.15,10.15,10.16,10.16,10.16,10.16,10.16,10.16,10.16,10.16,10.16,10.16,10.16,10.16,10.15,10.15,10.15,10.15,10.15,10.14,10.14,10.14,10.14,10.13,10.13,10.13,10.13,10.12,10.12,10.12,10.12,10.11,10.11,10.11,10.11,10.11,10.11,10.1,10.1,10.1,10.09,10.09,10.07,10.05,10.02,10,9.99
2020-11-06 00:00:00,10.19,10.19,10.19,10.19,10.19,10.19,10.19,10.19,10.2,10.2,10.2,10.19,10.19,10.19,10.18,10.18,10.17,10.16,10.16,10.15,10.14,10.14,10.13,10.13,10.12,10.11,10.11,10.1,10.09,10.08,10.08,10.07,10.06,10.06,10.05,10.05,10.05,10.04,10.04,10.04,10.03,10.03,10.03,10.02,10.02,10.01,10,9.98,9.95,9.93,9.92
2020-11-07 00:00:00,10.2,10.2,10.2,10.2,10.2,10.2,10.2,10.2,10.2,10.2,10.2,10.2,10.19,10.19,10.19,10.18,10.18,10.18,10.17,10.17,10.16,10.16,10.15,10.15,10.15,10.14,10.14,10.13,10.13,10.12,10.12,10.11,10.11,10.11,10.1,10.1,10.1,10.1,10.09,10.09,10.09,10.09,10.08,10.08,10.07,10.06,10.05,10.04,10.03,10.02,10.02
2020-11-08 00:00:00,10.2,10.2,10.2,10.2,10.2,10.2,10.2,10.2,10.2,10.2,10.2,10.2,10.2,10.2,10.2,10.2,10.2,10.2,10.2,10.2,10.2,10.19,10.19,10.19,10.19,10.19,10.18,10.18,10.18,10.17,10.17,10.17,10.17,10.16,10.16,10.16,10.16,10.16,10.15,10.15,10.15,10.15,10.15,10.14,10.13,10.12,10.1,10.09,10.06,10.05,10.05
2020-11-09 00:00:00,10.31,10.31,10.31,10.31,10.31,10.31,10.31,10.3,10.3,10.3,10.3,10.29,10.29,10.29,10.28,10.28,10.28,10.27,10.27,10.26,10.26,10.25,10.25,10.25,10.24,10.24,10.23,10.23,10.22,10.22,10.21,10.21,10.21,10.2,10.2,10.2,10.2,10.19,10.19,10.19,10.19,10.19,10.18,10.18,10.17,10.16,10.15,10.14,10.12,10.1,10.09
2020-11-10 00:00:00,10.43,10.43,10.43,10.43,10.43,10.42,10.42,10.42,10.42,10.42,10.41,10.41,10.41,10.41,10.41,10.4,10.4,10.4,10.4,10.39,10.39,10.39,10.39,10.38,10.38,10.38,10.37,10.37,10.37,10.36,10.36,10.36,10.36,10.35,10.35,10.35,10.35,10.35,10.34,10.34,10.34,10.34,10.34,10.33,10.32,10.31,10.29,10.27,10.25,10.24,10.23
2020-11-11 00:00:00,10.36,10.36,10.37,10.38,10.38,10.39,10.4,10.4,10.41,10.41,10.41,10.41,10.41,10.41,10.41,10.41,10.41,10.41,10.41,10.4,10.4,10.4,10.4,10.39,10.39,10.39,10.39,10.38,10.38,10.38,10.38,10.37,10.37,10.37,10.37,10.36,10.36,10.36,10.36,10.36,10.36,10.35,10.35,10.35,10.34,10.34,10.34,10.33,10.33,10.33,10.32
2020-11-12 00:00:00,10.16,10.16,10.16,10.16,10.17,10.17,10.17,10.17,10.17,10.18,10.19,10.2,10.22,10.24,10.25,10.25,10.25,10.26,10.26,10.26,10.25,10.25,10.25,10.25,10.25,10.25,10.25,10.24,10.24,10.24,10.24,10.24,10.24,10.23,10.23,10.23,10.23,10.23,10.23,10.23,10.22,10.22,10.22,10.21,10.21,10.2,10.18,10.17,10.15,10.14,10.13
2020-11-13 00:00:00,10.09,10.09,10.09,10.09,10.09,10.1,10.1,10.1,10.1,10.1,10.1,10.11,10.12,10.13,10.13,10.14,10.14,10.14,10.14,10.14,10.14,10.14,10.14,10.13,10.13,10.13,10.13,10.13,10.12,10.12,10.12,10.11,10.11,10.11,10.11,10.1,10.1,10.1,10.1,10.1,10.09,10.09,10.09,10.08,10.08,10.07,10.05,10.04,10.02,10.01,10
2020-11-14 00:00:00,9.55,9.58,9.61,9.69,9.87,9.93,9.93,9.94,9.94,9.94,9.94,9.94,9.95,9.95,9.95,9.95,9.95,9.95,9.95,9.95,9.95,9.95,9.95,9.95,9.95,9.95,9.95,9.95,9.95,9.95,9.95,9.95,9.95,9.94,9.94,9.94,9.94,9.94,9.94,9.94,9.94,9.94,9.93,9.93,9.92,9.91,9.9,9.89,9.88,9.87,9.87
2020-11-15 00:00:00,9.74,9.74,9.74,9.74,9.74,9.75,9.75,9.75,9.75,9.75,9.76,9.76,9.76,9.76,9.76,9.76,9.76,9.76,9.77,9.79,9.79,9.8,9.8,9.8,9.8,9.81,9.81,9.81,9.81,9.8,9.8,9.8,9.8,9.8,9.8,9.8,9.79,9.79,9.79,9.79,9.79,9.79,9.79,9.78,9.77,9.76,9.74,9.73,9.71,9.71,9.7
2020-11-16 00:00:00,9.52,9.53,9.53,9.54,9.55,9.55,9.56,9.56,9.57,9.57,9.58,9.58,9.59,9.59,9.6,9.6,9.61,9.61,9.62,9.62,9.63,9.64,9.64,9.64,9.64,9.64,9.64,9.64,9.64,9.64,9.64,9.64,9.64,9.64,9.64,9.63,9.63,9.63,9.63,9.63,9.63,9.63,9.63,9.63,9.62,9.61,9.6,9.59,9.58,9.58,9.58
2020-11-17 00:00:00,9.37,9.37,9.37,9.38,9.39,9.39,9.4,9.4,9.41,9.41,9.42,9.42,9.42,9.42,9.43,9.43,9.43,9.43,9.43,9.43,9.43,9.43,9.43,9.43,9.43,9.44,9.44,9.44,9.44,9.44,9.44,9.44,9.45,9.45,9.45,9.45,9.45,9.45,9.45,9.45,9.45,9.45,9.45,9.45,9.45,9.45,9.44,9.44,9.43,9.43,9.43
2020-11-18 00:00:00,9.23,9.23,9.23,9.23,9.23,9.23,9.23,9.23,9.23,9.23,9.23,9.23,9.23,9.23,9.23,9.23,9.23,9.24,9.3,9.34,9.34,9.34,9.34,9.34,9.33,9.33,9.33,9.32,9.32,9.31,9.31,9.3,9.3,9.3,9.3,9.3,9.3,9.3,9.29,9.29,9.29,9.29,9.29,9.29,9.28,9.28,9.27,9.27,9.25,9.25,9.24
2020-11-19 00:00:00,9.01,9.02,9.03,9.04,9.05,9.06,9.07,9.07,9.08,9.08,9.09,9.11,9.12,9.12,9.13,9.14,9.14,9.14,9.15,9.15,9.15,9.15,9.15,9.15,9.16,9.16,9.16,9.16,9.16,9.17,9.18,9.19,9.2,9.21,9.21,9.21,9.21,9.21,9.21,9.21,9.21,9.21,9.21,9.2,9.2,9.19,9.19,9.18,9.18,9.18,9.18
2020-11-20 00:00:00,9.06,9.06,9.07,9.07,9.07,9.07,9.07,9.08,9.08,9.08,9.08,9.08,9.08,9.08,9.08,9.08,9.08,9.08,9.08,9.08,9.08,9.08,9.08,9.08,9.08,9.08,9.08,9.08,9.08,9.08,9.08,9.08,9.08,9.08,9.07,9.07,9.07,9.07,9.07,9.06,9.06,9.06,9.06,9.06,9.06,9.05,9.05,9.04,9.03,8.97,8.89
2020-11-21 00:00:00,8.92,8.93,8.93,8.94,8.95,8.96,8.97,8.98,8.98,8.98,8.99,8.99,8.99,9,9,9,9,9,9,9,9,9,9,9,9,9.01,9.01,9.01,9.02,9.02,9.02,9.02,9.02,9.02,9.02,9.02,9.02,9.02,9.01,9.01,9.01,9.01,9.01,9,9,9,9,9,8.98,8.95,8.9
