datetime,wtr_0,wtr_0.5,wtr_1,wtr_1.5,wtr_2,wtr_2.5,wtr_3,wtr_3.5,wtr_4,wtr_4.5,wtr_5,wtr_5.5,wtr_6,wtr_6.5,wtr_7,wtr_7.5,wtr_8,wtr_8.5,wtr_9,wtr_9.5,wtr_10,wtr_10.5,wtr_11,wtr_11.5,wtr_12,wtr_12.5,wtr_13,wtr_13.5,wtr_14,wtr_14.5,wtr_15,wtr_15.5,wtr_16,wtr_16.5,wtr_17,wtr_17.5,wtr_18,wtr_18.5,wtr_19,wtr_19.5,wtr_20,wtr_20.5,wtr_21,wtr_21.5,wtr_22,wtr_22.5,wtr_23,wtr_23.5,wtr_24
2020-04-03 00:00:00,4.68,4.68,4.68,4.68,4.68,4.68,4.68,4.68,4.68,4.68,4.68,4.68,4.68,4.68,4.68,4.68,4.68,4.68,4.68,4.54,4.39,4.29,4.19,4.18,4.17,4.16,4.15,4.14,4.13,4.13,4.12,4.11,4.1,4.1,4.09,4.09,4.09,4.09,4.09,4.08,4.08,4.08,4.08,4.08,4.08,4.08,4.08,4.08,4.08
2020-04-04 00:00:00,4.61,4.61,4.61,4.61,4.61,4.61,4.61,4.61,4.61,4.61,4.61,4.61,4.61,4.61,4.61,4.61,4.61,4.61,4.61,4.61,4.61,4.61,4.61,4.61,4.61,4.61,4.61,4.61,4.61,4.61,4.61,4.61,4.61,4.61,4.61,4.61,4.61,4.61,4.61,4.61,4.61,4.61,4.61,4.61,4.61,4.61,4.61,4.61,4.61
2020-04-05 00:00:00,5.18,5.18,5.18,5.18,5.18,5.18,5.18,5.18,5.18,5.09,5.01,4.85,4.7,4.68,4.67,4.66,4.65,4.64,4.63,4.63,4.63,4.62,4.62,4.62,4.62,4.62,4.62,4.62,4.62,4.62,4.62,4.62,4.62,4.62,4.61,4.61,4.61,4.61,4.61,4.61,4.61,4.61,4.61,4.61,4.61,4.61,4.61,4.61,4.61
2020-04-06 00:00:00,5.46,5.46,5.46,5.46,5.46,5.46,5.46,5.46,5.46,5.46,5.46,5.46,5.46,5.3,5.13,4.92,4.71,4.69,4.67,4.66,4.65,4.64,4.63,4.63,4.63,4.62,4.62,4.62,4.62,4.62,4.62,4.62,4.62,4.62,4.62,4.62,4.62,4.62,4.62,4.61,4.61,4.61,4.61,4.61,4.61,4.61,4.61,4.61,4.61
2020-04-07 00:00:00,6.52,6.52,6.52,6.52,6.52,6.52,6.52,6.09,5.66,5.57,5.48,5.43,5.37,5.26,5.15,5.03,4.92,4.85,4.79,4.75,4.72,4.7,4.67,4.66,4.65,4.64,4.64,4.63,4.63,4.62,4.62,4.62,4.62,4.62,4.62,4.62,4.62,4.62,4.62,4.62,4.62,4.62,4.62,4.62,4.62,4.61,4.61,4.61,4.61
2020-04-08 00:00:00,6.83,6.83,6.83,6.83,6.83,6.83,6.83,6.83,6.83,6.23,5.63,5.52,5.41,5.31,5.21,5.12,5.03,4.96,4.89,4.84,4.79,4.76,4.73,4.7,4.68,4.67,4.66,4.65,4.64,4.64,4.63,4.63,4.62,4.62,4.62,4.62,4.62,4.62,4.62,4.62,4.62,4.62,4.62,4.62,4.62,4.62,4.62,4.62,4.62
2020-04-09 00:00:00,5.52,5.52,5.52,5.52,5.52,5.52,5.52,5.52,5.52,5.52,5.52,5.52,5.52,5.52,5.52,5.52,5.52,5.52,5.52,5.52,5.52,5.52,5.52,5.52,5.52,5.52,5.52,5.52,5.52,5.52,5.52,5.52,5.52,5.52,5.52,5.13,4.75,4.68,4.62,4.62,4.62,4.62,4.62,4.62,4.62,4.62,4.62,4.62,4.62
2020-04-10 00:00:00,5.5,5.5,5.5,5.5,5.5,5.5,5.5,5.5,5.5,5.5,5.5,5.5,5.5,5.5,5.5,5.5,5.5,5.5,5.5,5.5,5.5,5.5,5.5,5.5,5.5,5.5,5.5,5.5,5.5,5.5,5.5,5.5,5.5,5.5,5.5,5.5,5.5,5.5,5.5,5.5,5.5,5.5,5.5,5.5,5.5,5.5,5.5,5.5,5.5
2020-04-11 00:00:00,5.97,5.97,5.97,5.97,5.97,5.97,5.97,5.97,5.97,5.97,5.97,5.86,5.75,5.64,5.54,5.53,5.52,5.52,5.51,5.51,5.51,5.5,5.5,5.5,5.5,5.5,5.5,5.5,5.5,5.5,5.5,5.5,5.5,5.5,5.5,5.5,5.5,5.5,5.5,5.5,5.5,5.5,5.5,5.5,5.5,5.5,5.5,5.5,5.5
2020-04-12 00:00:00,6.15,6.15,6.15,6.15,6.15,6.15,6.15,6.15,6.15,6.15,6.15,6.15,6.15,5.96,5.76,5.68,5.59,5.57,5.55,5.54,5.53,5.52,5.51,5.51,5.51,5.5,5.5,5.5,5.5,5.5,5.5,5.5,5.5,5.5,5.5,5.5,5.5,5.5,5.5,5.5,5.5,5.5,5.5,5.5,5.5,5.5,5.5,5.5,5.5
2020-04-13 00:00:00,5.69,5.69,5.69,5.69,5.69,5.69,5.69,5.69,5.69,5.69,5.69,5.69,5.69,5.69,5.69,5.69,5.69,5.69,5.69,5.69,5.69,5.69,5.69,5.69,5.69,5.69,5.69,5.69,5.69,5.69,5.69,5.69,5.69,5.69,5.69,5.69,5.69,5.69,5.69,5.69,5.69,5.69,5.69,5.69,5.69,5.69,5.69,5.69,5.69
2020-04-14 00:00:00,5.55,5.55,5.54,5.54,5.54,5.54,5.54,5.54,5.54,5.54,5.54,5.54,5.54,5.54,5.54,5.54,5.54,5.54,5.54,5.54,5.54,5.54,5.54,5.54,5.54,5.54,5.54,5.54,5.54,5.54,5.54,5.54,5.54,5.54,5.54,5.54,5.54,5.54,5.54,5.54,5.54,5.54,5.54,5.54,5.54,5.54,5.54,5.54,5.54
2020-04-15 00:00:00,5.49,5.49,5.49,5.49,5.49,5.49,5.49,5.49,5.49,5.49,5.49,5.49,5.49,5.49,5.49,5.49,5.49,5.49,5.49,5.49,5.49,5.49,5.49,5.49,5.49,5.49,5.49,5.49,5.49,5.49,5.49,5.49,5.49,5.49,5.49,5.49,5.49,5.49,5.49,5.48,5.48,5.48,5.47,5.47,5.47,5.47,5.47,5.47,5.47
2020-04-16 00:00:00,5.56,5.56,5.56,5.56,5.56,5.56,5.56,5.56,5.56,5.56,5.56,5.56,5.56,5.56,5.56,5.56,5.56,5.56,5.56,5.56,5.56,5.56,5.56,5.56,5.56,5.56,5.56,5.56,5.56,5.56,5.56,5.56,5.56,5.56,5.56,5.56,5.56,5.56,5.56,5.56,5.56,5.56,5.56,5.56,5.56,5.56,5.56,5.56,5.56
2020-04-17 00:00:00,5.67,5.67,5.67,5.67,5.67,5.67,5.67,5.67,5.67,5.67,5.67,5.67,5.67,5.67,5.67,5.67,5.67,5.67,5.67,5.67,5.67,5.61,5.56,5.56,5.56,5.56,5.56,5.56,5.56,5.56,5.56,5.56,5.56,5.56,5.56,5.56,5.56,5.56,5.56,5.56,5.56,5.56,5.56,5.56,5.56,5.56,5.56,5.56,5.56
2020-04-18 00:00:00,5.81,5.81,5.81,5.81,5.81,5.81,5.81,5.81,5.81,5.81,5.81,5.81,5.81,5.81,5.81,5.81,5.81,5.81,5.81,5.81,5.81,5.81,5.81,5.81,5.81,5.81,5.81,5.81,5.81,5.81,5.81,5.81,5.81,5.81,5.81,5.81,5.81,5.81,5.81,5.81,5.81,5.81,5.81,5.81,5.81,5.81,5.81,5.81,5.81
2020-04-19 00:00:00,6.3,6.3,6.3,6.3,6.3,6.3,6.3,6.3,6.3,6.3,6.3,6.3,6.3,6.1,5.89,5.86,5.84,5.83,5.83,5.82,5.82,5.82,5.81,5.81,5.81,5.81,5.81,5.81,5.81,5.81,5.81,5.81,5.81,5.81,5.81,5.81,5.81,5.81,5.81,5.81,5.81,5.81,5.81,5.81,5.81,5.81,5.81,5.81,5.81
2020-04-20 00:00:00,6.32,6.32,6.32,6.32,6.32,6.32,6.32,6.32,6.32,6.32,6.32,6.32,6.32,6.32,6.32,6.32,6.32,6.32,6.32,6.32,6.32,6.32,6.32,6.32,6.32,6.32,6.32,6.23,6.14,5.97,5.81,5.81,5.81,5.81,5.81,5.81,5.81,5.81,5.81,5.81,5.81,5.81,5.81,5.81,5.81,5.81,5.81,5.81,5.81
2020-04-21 00:00:00,6.29,6.29,6.29,6.29,6.29,6.29,6.29,6.29,6.29,6.29,6.29,6.29,6.29,6.29,6.29,6.29,6.29,6.29,6.29,6.29,6.29,6.29,6.29,6.29,6.29,6.29,6.29,6.29,6.29,6.29,6.29,6.29,6.29,6.29,6.29,6.28,6.28,6.05,5.82,5.82,5.81,5.81,5.81,5.81,5.81,5.81,5.81,5.81,5.81
2020-04-22 00:00:00,6.67,6.67,6.67,6.67,6.67,6.67,6.67,6.67,6.67,6.67,6.67,6.64,6.6,6.46,6.32,6.32,6.31,6.3,6.3,6.3,6.3,6.29,6.29,6.29,6.29,6.29,6.29,6.29,6.28,6.28,6.28,6.27,6.26,6.25,6.24,6.21,6.17,6.08,5.99,5.95,5.92,5.9,5.88,5.87,5.85,5.85,5.84,5.84,5.84
2020-04-23 00:00:00,8.15,8.11,8.08,7.63,7.18,7.09,7,6.93,6.86,6.8,6.74,6.68,6.63,6.54,6.46,6.43,6.39,6.37,6.35,6.33,6.32,6.31,6.31,6.3,6.3,6.29,6.29,6.28,6.28,6.27,6.26,6.25,6.24,6.22,6.21,6.18,6.15,6.11,6.06,6.03,5.99,5.97,5.95,5.93,5.92,5.91,5.9,5.89,5.89
2020-04-24 00:00:00,8.05,8.05,8.05,8.05,8.05,7.75,7.46,7.24,7.01,6.93,6.84,6.77,6.69,6.62,6.56,6.51,6.46,6.43,6.4,6.38,6.36,6.34,6.33,6.32,6.31,6.3,6.29,6.28,6.27,6.27,6.26,6.24,6.23,6.21,6.19,6.17,6.15,6.12,6.1,6.07,6.04,6.02,6,5.99,5.97,5.96,5.96,5.95,5.94
2020-04-25 00:00:00,8.31,8.31,8.31,8.31,8.31,8.31,8.31,7.91,7.51,7.25,6.99,6.9,6.8,6.73,6.66,6.6,6.54,6.5,6.46,6.43,6.4,6.38,6.36,6.34,6.32,6.31,6.3,6.29,6.28,6.26,6.25,6.24,6.23,6.21,6.19,6.18,6.16,6.14,6.12,6.1,6.08,6.06,6.05,6.03,6.02,6.01,6.01,6,5.99
2020-04-26 00:00:00,9.1,9.1,9.1,9.1,9.1,8.82,8.53,8.13,7.73,7.47,7.21,7.08,6.95,6.86,6.77,6.7,6.64,6.58,6.53,6.49,6.45,6.42,6.39,6.37,6.35,6.33,6.31,6.3,6.28,6.27,6.26,6.24,6.23,6.21,6.2,6.18,6.17,6.15,6.14,6.12,6.11,6.09,6.08,6.07,6.06,6.05,6.05,6.04,6.04
2020-04-27 00:00:00,9.12,9.12,9.12,9.12,9.12,9.12,9.12,8.93,8.74,8.06,7.38,7.23,7.08,6.97,6.87,6.8,6.72,6.66,6.6,6.55,6.51,6.47,6.43,6.41,6.38,6.36,6.33,6.32,6.3,6.28,6.26,6.25,6.23,6.22,6.21,6.19,6.18,6.17,6.15,6.14,6.13,6.12,6.11,6.1,6.09,6.08,6.08,6.08,6.07
2020-04-28 00:00:00,10.38,10.38,10.38,10.03,9.67,9.38,9.09,8.73,8.37,8,7.64,7.44,7.24,7.12,6.99,6.9,6.81,6.74,6.68,6.62,6.57,6.52,6.48,6.45,6.41,6.39,6.36,6.34,6.32,6.3,6.28,6.26,6.25,6.23,6.22,6.2,6.19,6.18,6.17,6.16,6.15,6.14,6.13,6.12,6.12,6.11,6.11,6.1,6.1
2020-04-29 00:00:00,8.84,8.84,8.84,8.84,8.84,8.84,8.84,8.84,8.84,8.84,8.84,8.84,8.84,8.47,8.1,7.5,6.89,6.82,6.74,6.68,6.63,6.58,6.53,6.49,6.45,6.42,6.39,6.36,6.34,6.32,6.3,6.28,6.26,6.25,6.23,6.22,6.21,6.2,6.18,6.18,6.17,6.16,6.15,6.14,6.14,6.13,6.13,6.13,6.12
2020-04-30 00:00:00,8.95,8.95,8.95,8.95,8.95,8.95,8.95,8.95,8.95,8.95,8.95,8.95,8.95,8.95,8.95,8.38,7.82,7.36,6.9,6.82,6.73,6.67,6.6,6.56,6.51,6.47,6.43,6.4,6.37,6.34,6.32,6.3,6.28,6.26,6.25,6.24,6.22,6.21,6.2,6.19,6.18,6.18,6.17,6.16,6.16,6.16,6.15,6.15,6.15
2020-05-01 00:00:00,9.81,9.81,9.81,9.81,9.81,9.62,9.43,9.26,9.09,9.03,8.98,8.91,8.85,8.78,8.72,8.28,7.85,7.48,7.11,6.99,6.88,6.79,6.71,6.64,6.58,6.53,6.48,6.45,6.41,6.38,6.35,6.33,6.31,6.29,6.27,6.26,6.24,6.23,6.22,6.21,6.2,6.2,6.19,6.18,6.18,6.17,6.17,6.17,6.17
2020-05-02 00:00:00,10.52,10.52,10.52,10.52,10.52,10.52,10.52,9.94,9.36,9.17,8.99,8.91,8.83,8.72,8.61,8.25,7.89,7.58,7.27,7.13,6.99,6.9,6.8,6.73,6.66,6.6,6.55,6.5,6.46,6.42,6.39,6.36,6.34,6.32,6.3,6.28,6.26,6.25,6.24,6.23,6.22,6.21,6.21,6.2,6.2,6.19,6.19,6.19,6.19
2020-05-03 00:00:00,11.18,11.18,11.18,11.18,11.18,11.18,11.18,10.43,9.69,9.43,9.17,9.03,8.88,8.72,8.56,8.25,7.93,7.66,7.39,7.24,7.09,6.99,6.89,6.81,6.74,6.67,6.61,6.56,6.51,6.47,6.43,6.4,6.37,6.35,6.33,6.31,6.29,6.28,6.26,6.25,6.24,6.24,6.23,6.22,6.22,6.22,6.21,6.21,6.21
2020-05-04 00:00:00,11.02,11.02,11.02,11.02,11.02,11.02,11.02,10.84,10.65,10,9.36,9.16,8.95,8.76,8.56,8.27,7.99,7.74,7.5,7.34,7.19,7.08,6.97,6.89,6.81,6.74,6.68,6.62,6.56,6.52,6.48,6.44,6.41,6.38,6.36,6.34,6.32,6.31,6.29,6.28,6.27,6.26,6.25,6.25,6.24,6.24,6.23,6.23,6.23
2020-05-05 00:00:00,10.84,10.84,10.84,10.84,10.84,10.84,10.84,10.84,10.84,10.29,9.73,9.38,9.03,8.81,8.58,8.31,8.04,7.82,7.59,7.43,7.27,7.16,7.05,6.96,6.88,6.81,6.74,6.68,6.62,6.57,6.53,6.49,6.45,6.42,6.4,6.37,6.35,6.34,6.32,6.31,6.3,6.29,6.28,6.27,6.26,6.26,6.26,6.25,6.25
2020-05-06 00:00:00,11.17,11.17,11.17,11.17,11.17,11.17,11.17,11.14,11.11,10.49,9.87,9.51,9.16,8.9,8.64,8.38,8.11,7.89,7.67,7.52,7.36,7.24,7.12,7.03,6.95,6.87,6.8,6.74,6.68,6.63,6.58,6.54,6.5,6.47,6.44,6.41,6.39,6.37,6.35,6.34,6.33,6.32,6.31,6.3,6.29,6.29,6.28,6.28,6.28
2020-05-07 00:00:00,11.21,11.21,11.21,11.21,11.21,11.21,11.21,11.21,11.21,10.9,10.58,9.93,9.28,9,8.72,8.45,8.19,7.98,7.76,7.6,7.44,7.32,7.2,7.1,7.01,6.94,6.86,6.8,6.73,6.68,6.63,6.59,6.54,6.51,6.48,6.45,6.43,6.41,6.39,6.37,6.36,6.35,6.34,6.33,6.32,6.32,6.31,6.31,6.31
2020-05-08 00:00:00,10.41,10.41,10.41,10.41,10.41,10.41,10.41,10.41,10.41,10.41,10.41,10.32,10.23,9.51,8.79,8.53,8.27,8.05,7.84,7.68,7.51,7.39,7.27,7.17,7.07,7,6.92,6.86,6.79,6.73,6.68,6.64,6.59,6.56,6.52,6.49,6.47,6.45,6.43,6.41,6.39,6.38,6.37,6.36,6.35,6.35,6.34,6.34,6.34
2020-05-09 00:00:00,10.34,10.34,10.34,10.34,10.34,10.34,10.34,10.34,10.34,10.34,10.34,10.34,10.34,9.78,9.22,8.8,8.37,8.15,7.93,7.76,7.59,7.46,7.34,7.24,7.14,7.06,6.98,6.91,6.84,6.79,6.73,6.69,6.64,6.6,6.57,6.54,6.51,6.49,6.46,6.45,6.43,6.42,6.4,6.4,6.39,6.38,6.38,6.37,6.37
2020-05-10 00:00:00,10.01,10.01,10.01,10.01,10.01,10.01,10.01,10.01,10.01,10.01,10.01,10.01,10.01,9.92,9.84,9.15,8.47,8.24,8.01,7.84,7.67,7.53,7.4,7.3,7.2,7.12,7.04,6.97,6.9,6.84,6.78,6.74,6.69,6.65,6.61,6.58,6.55,6.53,6.51,6.49,6.47,6.46,6.44,6.43,6.42,6.42,6.41,6.41,6.4
2020-05-11 00:00:00,9.98,9.98,9.98,9.98,9.98,9.98,9.98,9.98,9.98,9.98,9.98,9.98,9.98,9.98,9.98,9.33,8.68,8.39,8.11,7.93,7.75,7.61,7.48,7.37,7.26,7.18,7.1,7.03,6.96,6.9,6.84,6.79,6.74,6.7,6.66,6.63,6.6,6.57,6.55,6.53,6.51,6.5,6.48,6.47,6.46,6.46,6.45,6.45,6.44
2020-05-12 00:00:00,10.5,10.5,10.5,10.5,10.5,10.5,10.5,10.42,10.34,10.21,10.07,10.01,9.96,9.87,9.78,9.29,8.79,8.51,8.23,8.03,7.84,7.7,7.55,7.44,7.33,7.24,7.16,7.08,7.01,6.95,6.89,6.84,6.79,6.75,6.71,6.67,6.64,6.62,6.59,6.57,6.55,6.54,6.52,6.51,6.5,6.5,6.49,6.49,6.48
2020-05-13 00:00:00,10.68,10.68,10.68,10.68,10.68,10.68,10.68,10.68,10.68,10.68,10.68,10.47,10.26,9.97,9.68,9.28,8.88,8.6,8.32,8.12,7.93,7.78,7.63,7.51,7.39,7.3,7.21,7.14,7.07,7.01,6.94,6.89,6.84,6.8,6.76,6.72,6.69,6.66,6.64,6.62,6.6,6.58,6.57,6.55,6.54,6.54,6.53,6.53,6.52
2020-05-14 00:00:00,11.95,11.95,11.95,11.95,11.95,11.51,11.06,10.92,10.79,10.68,10.58,10.42,10.25,9.96,9.67,9.31,8.95,8.68,8.41,8.21,8.01,7.85,7.7,7.58,7.46,7.37,7.27,7.2,7.12,7.06,7,6.94,6.89,6.85,6.81,6.77,6.74,6.71,6.68,6.66,6.64,6.63,6.61,6.6,6.59,6.58,6.57,6.57,6.56
2020-05-15 00:00:00,13.73,13.69,13.65,13,12.36,11.93,11.5,11.27,11.04,10.86,10.68,10.47,10.27,9.98,9.69,9.36,9.02,8.76,8.49,8.29,8.09,7.93,7.77,7.65,7.52,7.43,7.33,7.26,7.18,7.12,7.05,7,6.94,6.9,6.86,6.82,6.79,6.76,6.73,6.71,6.69,6.67,6.66,6.64,6.63,6.63,6.62,6.61,6.61
2020-05-16 00:00:00,13.88,13.88,13.88,13.88,13.88,13.08,12.27,11.78,11.3,11.05,10.81,10.56,10.31,10.02,9.72,9.41,9.09,8.83,8.57,8.37,8.16,8,7.84,7.72,7.59,7.49,7.39,7.31,7.24,7.17,7.11,7.05,7,6.95,6.91,6.87,6.84,6.81,6.78,6.76,6.74,6.72,6.7,6.69,6.68,6.67,6.66,6.66,6.65
2020-05-17 00:00:00,13.47,13.47,13.47,13.47,13.47,13.47,13.47,12.37,11.26,10.98,10.7,10.52,10.34,10.05,9.75,9.45,9.15,8.89,8.63,8.43,8.23,8.07,7.91,7.78,7.65,7.55,7.45,7.37,7.29,7.22,7.16,7.1,7.05,7,6.96,6.92,6.89,6.86,6.83,6.81,6.78,6.77,6.75,6.74,6.73,6.72,6.71,6.71,6.7
2020-05-18 00:00:00,12.48,12.48,12.48,12.48,12.48,12.48,12.48,12.19,11.9,11.31,10.71,10.53,10.36,10.06,9.77,9.48,9.19,8.94,8.69,8.49,8.29,8.13,7.97,7.84,7.71,7.61,7.51,7.43,7.34,7.28,7.21,7.16,7.1,7.06,7.01,6.97,6.94,6.91,6.88,6.86,6.83,6.82,6.8,6.79,6.77,6.77,6.76,6.75,6.75
2020-05-19 00:00:00,12.33,12.33,12.33,12.33,12.33,12.33,12.33,12.33,12.33,11.64,10.95,10.67,10.39,10.09,9.8,9.52,9.24,8.99,8.75,8.55,8.35,8.19,8.03,7.9,7.77,7.67,7.56,7.48,7.4,7.33,7.27,7.21,7.15,7.11,7.06,7.03,6.99,6.96,6.93,6.91,6.88,6.87,6.85,6.83,6.82,6.81,6.81,6.8,6.79
2020-05-20 00:00:00,13.39,13.39,13.39,13.39,13.39,13.03,12.67,12.4,12.14,11.65,11.16,10.83,10.5,10.19,9.88,9.6,9.31,9.07,8.82,8.62,8.42,8.26,8.1,7.96,7.83,7.73,7.62,7.54,7.45,7.39,7.32,7.26,7.21,7.16,7.11,7.08,7.04,7.01,6.98,6.96,6.93,6.92,6.9,6.88,6.87,6.86,6.86,6.85,6.84
2020-05-21 00:00:00,14.31,14.31,14.31,14.1,13.89,13.36,12.84,12.54,12.25,11.78,11.3,10.95,10.59,10.27,9.95,9.67,9.38,9.13,8.89,8.69,8.49,8.32,8.16,8.03,7.89,7.78,7.68,7.59,7.51,7.44,7.37,7.32,7.26,7.21,7.17,7.13,7.09,7.06,7.03,7.01,6.98,6.97,6.95,6.93,6.92,6.91,6.91,6.9,6.89
2020-05-22 00:00:00,15.21,15.21,15.21,14.65,14.1,13.6,13.11,12.74,12.36,11.89,11.43,11.05,10.68,10.35,10.02,9.73,9.45,9.2,8.95,8.75,8.55,8.39,8.22,8.09,7.95,7.84,7.73,7.65,7.56,7.49,7.43,7.37,7.31,7.27,7.22,7.18,7.14,7.11,7.08,7.06,7.04,7.02,7,6.98,6.97,6.96,6.96,6.95,6.94
2020-05-23 00:00:00,15.83,15.83,15.83,15.25,14.67,14.02,13.37,12.93,12.49,12.01,11.54,11.15,10.76,10.43,10.09,9.8,9.51,9.26,9.02,8.82,8.61,8.45,8.28,8.15,8.01,7.9,7.79,7.7,7.61,7.55,7.48,7.42,7.37,7.32,7.27,7.23,7.2,7.17,7.14,7.11,7.09,7.07,7.05,7.04,7.02,7.01,7.01,7,6.99
2020-05-24 00:00:00,17.63,17.21,16.78,15.83,14.88,14.33,13.79,13.26,12.73,12.22,11.72,11.3,10.89,10.54,10.19,9.89,9.59,9.34,9.09,8.89,8.68,8.52,8.35,8.21,8.07,7.96,7.85,7.76,7.67,7.6,7.53,7.48,7.42,7.37,7.32,7.29,7.25,7.22,7.19,7.16,7.14,7.12,7.1,7.09,7.07,7.07,7.06,7.05,7.05
2020-05-25 00:00:00,18.67,18.54,18.4,16.97,15.55,14.85,14.15,13.55,12.96,12.42,11.88,11.45,11.01,10.65,10.29,9.98,9.67,9.42,9.17,8.96,8.75,8.58,8.41,8.27,8.13,8.02,7.91,7.81,7.72,7.65,7.59,7.53,7.47,7.42,7.38,7.34,7.3,7.27,7.24,7.21,7.19,7.17,7.15,7.14,7.13,7.12,7.11,7.1,7.1
2020-05-26 00:00:00,19.39,19.39,19.39,17.85,16.32,15.4,14.47,13.81,13.16,12.59,12.03,11.57,11.12,10.75,10.37,10.06,9.75,9.49,9.24,9.03,8.82,8.64,8.47,8.33,8.19,8.07,7.96,7.87,7.78,7.71,7.64,7.58,7.53,7.48,7.43,7.39,7.35,7.32,7.29,7.27,7.24,7.22,7.2,7.19,7.18,7.17,7.16,7.15,7.15
2020-05-27 00:00:00,20.21,20.19,20.17,18.54,16.91,15.89,14.86,14.13,13.4,12.8,12.2,11.72,11.24,10.86,10.47,10.15,9.83,9.57,9.31,9.1,8.88,8.71,8.54,8.39,8.25,8.13,8.02,7.93,7.83,7.76,7.69,7.64,7.58,7.53,7.48,7.44,7.41,7.38,7.34,7.32,7.29,7.28,7.26,7.24,7.23,7.22,7.21,7.21,7.2
2020-05-28 00:00:00,19.81,19.81,19.81,18.78,17.75,16.44,15.13,14.35,13.58,12.95,12.33,11.84,11.34,10.95,10.55,10.23,9.91,9.64,9.38,9.16,8.95,8.77,8.6,8.45,8.31,8.19,8.07,7.98,7.89,7.82,7.75,7.69,7.63,7.58,7.54,7.5,7.46,7.43,7.4,7.37,7.35,7.33,7.31,7.29,7.28,7.27,7.27,7.26,7.25
2020-05-29 00:00:00,18.52,18.52,18.52,18.52,18.52,17.26,16.01,14.94,13.87,13.2,12.53,12.01,11.49,11.08,10.67,10.34,10,9.73,9.46,9.24,9.02,8.84,8.66,8.52,8.37,8.25,8.13,8.04,7.94,7.87,7.8,7.74,7.68,7.64,7.59,7.55,7.51,7.48,7.45,7.42,7.4,7.38,7.36,7.35,7.33,7.33,7.32,7.31,7.3
2020-05-30 00:00:00,18.03,18.03,18.03,18.03,18.03,17.33,16.64,15.4,14.17,13.45,12.73,12.19,11.64,11.21,10.78,10.44,10.09,9.81,9.54,9.31,9.09,8.91,8.73,8.58,8.43,8.31,8.19,8.09,8,7.92,7.85,7.79,7.74,7.69,7.64,7.6,7.56,7.53,7.5,7.48,7.45,7.43,7.41,7.4,7.39,7.38,7.37,7.36,7.36
2020-05-31 00:00:00,18.41,18.41,18.41,18.4,18.4,17.61,16.81,15.65,14.5,13.73,12.96,12.38,11.8,11.35,10.91,10.55,10.19,9.91,9.62,9.39,9.17,8.98,8.8,8.64,8.49,8.37,8.25,8.15,8.05,7.98,7.91,7.85,7.79,7.74,7.69,7.66,7.62,7.59,7.55,7.53,7.5,7.49,7.47,7.45,7.44,7.43,7.42,7.42,7.41
2020-06-01 00:00:00,17.5,17.5,17.5,17.5,17.5,17.5,17.5,16.51,15.51,14.31,13.11,12.52,11.92,11.46,11,10.64,10.28,9.98,9.69,9.46,9.23,9.05,8.86,8.71,8.55,8.43,8.31,8.21,8.11,8.03,7.96,7.9,7.84,7.8,7.75,7.71,7.67,7.64,7.61,7.58,7.56,7.54,7.52,7.51,7.49,7.48,7.48,7.47,7.46
2020-06-02 00:00:00,19.5,19.5,19.5,18.89,18.28,17.95,17.62,16.63,15.65,14.52,13.4,12.75,12.1,11.62,11.14,10.76,10.38,10.08,9.78,9.55,9.31,9.12,8.93,8.77,8.61,8.49,8.37,8.26,8.16,8.09,8.01,7.96,7.9,7.85,7.8,7.76,7.72,7.69,7.66,7.64,7.61,7.59,7.57,7.56,7.54,7.54,7.53,7.52,7.51
2020-06-03 00:00:00,21.36,21.17,20.98,19.96,18.94,18.38,17.81,16.82,15.82,14.74,13.65,12.97,12.28,11.78,11.27,10.88,10.49,10.18,9.87,9.63,9.39,9.19,9,8.84,8.68,8.55,8.42,8.32,8.22,8.14,8.07,8.01,7.95,7.9,7.85,7.82,7.78,7.75,7.71,7.69,7.66,7.64,7.62,7.61,7.6,7.59,7.58,7.57,7.57
2020-06-04 00:00:00,22.15,22.12,22.1,20.86,19.63,18.86,18.09,17.06,16.02,14.96,13.9,13.18,12.46,11.94,11.41,11,10.6,10.28,9.96,9.71,9.47,9.27,9.07,8.91,8.74,8.61,8.49,8.38,8.28,8.2,8.12,8.06,8.01,7.96,7.91,7.87,7.83,7.8,7.77,7.74,7.72,7.7,7.68,7.66,7.65,7.64,7.63,7.63,7.62
2020-06-05 00:00:00,22.91,22.91,22.91,21.72,20.54,19.47,18.39,17.32,16.24,15.18,14.13,13.39,12.64,12.09,11.55,11.13,10.71,10.38,10.05,9.8,9.55,9.34,9.14,8.97,8.81,8.68,8.55,8.44,8.33,8.26,8.18,8.12,8.06,8.01,7.96,7.92,7.88,7.85,7.82,7.8,7.77,7.75,7.73,7.72,7.7,7.7,7.69,7.68,7.67
2020-06-06 00:00:00,22.57,22.57,22.57,21.95,21.33,20.04,18.74,17.61,16.48,15.42,14.36,13.59,12.82,12.26,11.69,11.25,10.82,10.48,10.15,9.89,9.63,9.42,9.21,9.04,8.87,8.74,8.61,8.5,8.39,8.31,8.23,8.17,8.11,8.06,8.02,7.98,7.94,7.91,7.87,7.85,7.82,7.8,7.78,7.77,7.76,7.75,7.74,7.73,7.73
2020-06-07 00:00:00,21.49,21.49,21.49,21.49,21.49,20.57,19.64,18.19,16.73,15.66,14.59,13.79,13,12.42,11.83,11.38,10.93,10.59,10.24,9.98,9.71,9.5,9.29,9.11,8.94,8.8,8.67,8.56,8.45,8.37,8.29,8.23,8.17,8.12,8.07,8.03,7.99,7.96,7.93,7.9,7.88,7.86,7.84,7.82,7.81,7.8,7.79,7.79,7.78
2020-06-08 00:00:00,21.84,21.84,21.84,21.84,21.84,21.02,20.2,18.61,17.02,15.92,14.82,14,13.18,12.58,11.97,11.51,11.05,10.7,10.34,10.07,9.79,9.58,9.36,9.18,9.01,8.87,8.73,8.62,8.51,8.43,8.34,8.28,8.22,8.17,8.12,8.09,8.05,8.01,7.98,7.96,7.93,7.91,7.89,7.88,7.86,7.86,7.85,7.84,7.83
2020-06-09 00:00:00,21.62,21.62,21.62,21.62,21.62,21.57,21.52,19.39,17.26,16.13,15.01,14.18,13.34,12.72,12.1,11.63,11.16,10.79,10.43,10.15,9.87,9.65,9.43,9.25,9.07,8.93,8.79,8.68,8.57,8.48,8.4,8.34,8.28,8.23,8.18,8.14,8.1,8.07,8.04,8.01,7.98,7.97,7.95,7.93,7.92,7.91,7.9,7.89,7.89
2020-06-10 00:00:00,21.5,21.5,21.5,21.5,21.5,21.5,21.5,19.74,17.99,16.6,15.21,14.35,13.5,12.86,12.23,11.74,11.26,10.89,10.52,10.24,9.95,9.73,9.51,9.32,9.14,9,8.85,8.74,8.63,8.54,8.46,8.39,8.33,8.28,8.23,8.19,8.15,8.12,8.09,8.06,8.04,8.02,8,7.99,7.97,7.96,7.96,7.95,7.94
2020-06-11 00:00:00,20.96,20.96,20.96,20.96,20.96,20.89,20.82,19.5,18.19,16.83,15.48,14.58,13.69,13.03,12.38,11.88,11.38,11,10.62,10.33,10.04,9.81,9.58,9.4,9.21,9.06,8.92,8.8,8.69,8.6,8.51,8.45,8.39,8.34,8.29,8.25,8.21,8.18,8.14,8.12,8.09,8.07,8.05,8.04,8.03,8.02,8.01,8,7.99
2020-06-12 00:00:00,21.61,21.61,21.61,21.39,21.17,20.86,20.55,19.45,18.35,17.03,15.72,14.8,13.88,13.2,12.52,12.01,11.5,11.11,10.73,10.43,10.13,9.89,9.66,9.47,9.28,9.13,8.98,8.86,8.75,8.66,8.57,8.51,8.44,8.39,8.34,8.3,8.26,8.23,8.2,8.17,8.15,8.13,8.11,8.09,8.08,8.07,8.06,8.06,8.05
2020-06-13 00:00:00,20.39,20.39,20.39,20.39,20.39,20.39,20.39,19.53,18.67,17.3,15.93,15,14.06,13.37,12.67,12.15,11.63,11.23,10.83,10.52,10.22,9.98,9.74,9.54,9.35,9.2,9.05,8.93,8.81,8.72,8.63,8.56,8.5,8.45,8.4,8.36,8.32,8.29,8.25,8.23,8.2,8.18,8.16,8.15,8.13,8.13,8.12,8.11,8.1
2020-06-14 00:00:00,19.67,19.67,19.67,19.67,19.67,19.67,19.67,19.35,19.03,17.58,16.13,15.19,14.24,13.53,12.82,12.29,11.75,11.34,10.93,10.62,10.31,10.06,9.82,9.62,9.42,9.27,9.11,8.99,8.87,8.78,8.69,8.62,8.55,8.5,8.45,8.41,8.37,8.34,8.31,8.28,8.26,8.24,8.22,8.2,8.19,8.18,8.17,8.16,8.16
2020-06-15 00:00:00,19.55,19.55,19.55,19.55,19.55,19.55,19.55,19.38,19.21,17.77,16.33,15.37,14.42,13.7,12.97,12.42,11.87,11.46,11.04,10.72,10.4,10.15,9.9,9.69,9.49,9.34,9.18,9.05,8.93,8.84,8.75,8.68,8.61,8.56,8.51,8.47,8.43,8.4,8.36,8.34,8.31,8.29,8.27,8.26,8.24,8.23,8.23,8.22,8.21
2020-06-16 00:00:00,20.06,20.06,20.06,20.06,20.06,20.05,20.05,19.58,19.11,17.82,16.52,15.56,14.59,13.86,13.12,12.56,12,11.57,11.14,10.81,10.49,10.23,9.98,9.77,9.57,9.41,9.25,9.12,8.99,8.9,8.8,8.74,8.67,8.62,8.57,8.53,8.48,8.45,8.42,8.39,8.37,8.35,8.33,8.31,8.3,8.29,8.28,8.27,8.27
2020-06-17 00:00:00,20.78,20.78,20.78,20.78,20.78,20.64,20.49,19.8,19.11,17.91,16.7,15.73,14.76,14.01,13.27,12.69,12.12,11.68,11.25,10.91,10.58,10.32,10.06,9.85,9.64,9.48,9.31,9.18,9.05,8.96,8.86,8.79,8.72,8.67,8.62,8.58,8.54,8.51,8.47,8.45,8.42,8.4,8.38,8.37,8.35,8.35,8.34,8.33,8.32
2020-06-18 00:00:00,21.42,21.42,21.42,21.42,21.42,21.26,21.09,20.14,19.19,18.03,16.87,15.9,14.93,14.17,13.41,12.83,12.24,11.8,11.35,11.01,10.67,10.41,10.14,9.93,9.71,9.55,9.38,9.25,9.12,9.02,8.92,8.85,8.78,8.73,8.68,8.64,8.6,8.56,8.53,8.5,8.48,8.46,8.44,8.42,8.41,8.4,8.39,8.38,8.38
2020-06-19 00:00:00,22.61,22.61,22.61,22.3,21.98,21.6,21.21,20.26,19.31,18.17,17.03,16.06,15.08,14.31,13.55,12.95,12.36,11.91,11.45,11.11,10.76,10.49,10.22,10,9.78,9.62,9.45,9.31,9.18,9.08,8.98,8.91,8.84,8.79,8.73,8.69,8.65,8.62,8.59,8.56,8.53,8.51,8.49,8.48,8.46,8.46,8.45,8.44,8.43
2020-06-20 00:00:00,23.05,23.05,23.05,22.74,22.44,21.85,21.26,20.32,19.38,18.26,17.14,16.17,15.2,14.43,13.66,13.06,12.47,12.01,11.55,11.2,10.85,10.57,10.3,10.08,9.86,9.68,9.51,9.38,9.24,9.14,9.04,8.97,8.89,8.84,8.79,8.75,8.71,8.68,8.64,8.62,8.59,8.57,8.55,8.53,8.52,8.51,8.5,8.5,8.49
2020-06-21 00:00:00,23.57,23.57,23.57,23.36,23.15,22.31,21.48,20.5,19.53,18.41,17.29,16.32,15.35,14.57,13.79,13.19,12.58,12.12,11.65,11.29,10.94,10.66,10.38,10.15,9.93,9.76,9.58,9.44,9.3,9.2,9.1,9.03,8.95,8.9,8.85,8.81,8.77,8.73,8.7,8.67,8.65,8.63,8.61,8.59,8.58,8.57,8.56,8.55,8.54
2020-06-22 00:00:00,23.37,23.37,23.37,23.37,23.37,22.54,21.72,20.67,19.62,18.52,17.41,16.44,15.47,14.69,13.91,13.3,12.69,12.22,11.74,11.38,11.02,10.74,10.46,10.23,10,9.82,9.65,9.51,9.37,9.26,9.16,9.09,9.01,8.96,8.9,8.86,8.82,8.79,8.76,8.73,8.7,8.68,8.66,8.65,8.63,8.62,8.62,8.61,8.6
2020-06-23 00:00:00,22.21,22.21,22.21,22.21,22.21,22.21,22.21,21.02,19.82,18.68,17.54,16.57,15.6,14.81,14.03,13.41,12.8,12.32,11.84,11.48,11.11,10.82,10.54,10.3,10.07,9.89,9.72,9.57,9.43,9.33,9.22,9.15,9.07,9.02,8.96,8.92,8.88,8.85,8.81,8.79,8.76,8.74,8.72,8.7,8.69,8.68,8.67,8.66,8.66
2020-06-24 00:00:00,22.02,22.02,22.02,22.02,22.02,22.02,22.02,20.97,19.92,18.8,17.67,16.7,15.73,14.94,14.15,13.53,12.91,12.42,11.94,11.57,11.2,10.91,10.62,10.38,10.15,9.96,9.78,9.64,9.49,9.39,9.28,9.21,9.13,9.07,9.02,8.98,8.94,8.9,8.87,8.84,8.82,8.79,8.77,8.76,8.74,8.74,8.73,8.72,8.71
2020-06-25 00:00:00,22.52,22.52,22.52,22.52,22.52,22.37,22.22,21.15,20.08,18.96,17.84,16.86,15.88,15.08,14.29,13.66,13.02,12.53,12.04,11.67,11.29,10.99,10.7,10.46,10.22,10.04,9.85,9.71,9.56,9.45,9.34,9.27,9.19,9.13,9.08,9.04,8.99,8.96,8.93,8.9,8.87,8.85,8.83,8.82,8.8,8.79,8.78,8.78,8.77
2020-06-26 00:00:00,22.8,22.8,22.8,22.8,22.8,22.69,22.59,21.38,20.18,19.07,17.96,16.98,16,15.2,14.4,13.76,13.13,12.63,12.14,11.76,11.38,11.08,10.78,10.54,10.29,10.11,9.92,9.77,9.62,9.51,9.41,9.33,9.25,9.19,9.13,9.09,9.05,9.02,8.98,8.96,8.93,8.91,8.89,8.87,8.86,8.85,8.84,8.83,8.83
2020-06-27 00:00:00,24.23,24.15,24.06,23.71,23.35,23.02,22.68,21.53,20.38,19.25,18.12,17.13,16.14,15.34,14.53,13.89,13.25,12.74,12.24,11.86,11.47,11.16,10.86,10.61,10.37,10.18,9.99,9.84,9.69,9.58,9.47,9.39,9.31,9.25,9.19,9.15,9.11,9.07,9.04,9.01,8.99,8.97,8.94,8.93,8.92,8.91,8.9,8.89,8.88
2020-06-28 00:00:00,24.96,24.96,24.96,24.56,24.16,23.5,22.85,21.72,20.58,19.44,18.29,17.29,16.29,15.48,14.66,14.01,13.36,12.85,12.35,11.95,11.56,11.25,10.94,10.69,10.45,10.25,10.06,9.91,9.75,9.64,9.53,9.45,9.37,9.31,9.25,9.21,9.17,9.13,9.1,9.07,9.04,9.02,9,8.99,8.97,8.96,8.96,8.95,8.94
2020-06-29 00:00:00,25.14,25.14,25.14,25.01,24.88,23.93,22.97,21.84,20.72,19.57,18.42,17.42,16.41,15.6,14.78,14.12,13.47,12.95,12.44,12.04,11.65,11.33,11.02,10.77,10.52,10.32,10.13,9.97,9.82,9.7,9.59,9.51,9.43,9.37,9.31,9.27,9.22,9.19,9.16,9.13,9.1,9.08,9.06,9.04,9.03,9.02,9.01,9.01,9
2020-06-30 00:00:00,26.03,26.03,26.03,25.61,25.18,24.21,23.25,22.08,20.92,19.75,18.59,17.57,16.56,15.73,14.9,14.24,13.58,13.06,12.54,12.14,11.74,11.42,11.1,10.85,10.59,10.4,10.2,10.04,9.88,9.77,9.65,9.57,9.49,9.43,9.37,9.32,9.28,9.25,9.21,9.19,9.16,9.14,9.12,9.1,9.09,9.08,9.07,9.06,9.05
2020-07-01 00:00:00,26.64,26.64,26.64,26.09,25.54,24.54,23.54,22.34,21.14,19.95,18.76,17.74,16.71,15.87,15.04,14.37,13.7,13.17,12.64,12.24,11.83,11.51,11.19,10.93,10.67,10.47,10.27,10.11,9.95,9.83,9.72,9.63,9.55,9.49,9.43,9.38,9.34,9.31,9.27,9.24,9.22,9.2,9.18,9.16,9.15,9.14,9.13,9.12,9.11
2020-07-02 00:00:00,27.13,27.13,27.13,26.55,25.96,24.89,23.83,22.59,21.36,20.15,18.94,17.9,16.86,16.01,15.17,14.49,13.81,13.28,12.75,12.33,11.92,11.6,11.27,11.01,10.75,10.54,10.34,10.18,10.02,9.9,9.78,9.69,9.61,9.55,9.48,9.44,9.4,9.37,9.33,9.3,9.28,9.25,9.23,9.22,9.2,9.19,9.19,9.18,9.17
2020-07-03 00:00:00,27.79,27.79,27.79,27.12,26.46,25.3,24.13,22.86,21.59,20.35,19.12,18.07,17.01,16.16,15.3,14.61,13.93,13.39,12.85,12.43,12.02,11.69,11.36,11.09,10.82,10.62,10.41,10.25,10.08,9.96,9.84,9.75,9.67,9.61,9.54,9.5,9.46,9.42,9.39,9.36,9.33,9.31,9.29,9.28,9.26,9.25,9.24,9.24,9.23
2020-07-04 00:00:00,28.25,28.25,28.25,27.6,26.94,25.7,24.45,23.14,21.83,20.57,19.31,18.24,17.17,16.3,15.43,14.74,14.05,13.5,12.95,12.53,12.11,11.77,11.44,11.17,10.9,10.69,10.48,10.32,10.15,10.03,9.91,9.82,9.73,9.67,9.6,9.56,9.52,9.48,9.45,9.42,9.39,9.37,9.35,9.33,9.32,9.31,9.3,9.29,9.29
2020-07-05 00:00:00,28.76,28.76,28.76,28.06,27.35,26.06,24.77,23.42,22.06,20.78,19.49,18.41,17.32,16.44,15.57,14.86,14.16,13.61,13.06,12.63,12.2,11.86,11.52,11.25,10.98,10.77,10.55,10.38,10.22,10.09,9.97,9.88,9.79,9.73,9.66,9.62,9.58,9.54,9.51,9.48,9.45,9.43,9.41,9.39,9.38,9.37,9.36,9.35,9.35
2020-07-06 00:00:00,28.45,28.45,28.45,28.16,27.86,26.47,25.07,23.68,22.3,20.99,19.68,18.58,17.48,16.59,15.7,14.99,14.28,13.72,13.16,12.73,12.29,11.95,11.61,11.33,11.05,10.84,10.62,10.45,10.28,10.16,10.03,9.94,9.85,9.79,9.72,9.68,9.64,9.6,9.57,9.54,9.51,9.49,9.47,9.45,9.44,9.43,9.42,9.41,9.4
2020-07-07 00:00:00,28.7,28.7,28.7,28.47,28.23,26.79,25.35,23.94,22.52,21.19,19.86,18.74,17.63,16.73,15.83,15.11,14.39,13.83,13.26,12.82,12.39,12.04,11.69,11.41,11.13,10.91,10.7,10.52,10.35,10.22,10.1,10.01,9.91,9.85,9.78,9.74,9.7,9.66,9.63,9.6,9.57,9.55,9.53,9.51,9.5,9.49,9.48,9.47,9.46
2020-07-08 00:00:00,28.53,28.53,28.53,28.53,28.53,27.16,25.78,24.26,22.74,21.39,20.03,18.9,17.78,16.87,15.96,15.23,14.51,13.94,13.36,12.92,12.48,12.13,11.78,11.49,11.21,10.99,10.77,10.59,10.42,10.29,10.16,10.07,9.97,9.91,9.84,9.8,9.76,9.72,9.69,9.66,9.63,9.61,9.59,9.57,9.56,9.55,9.54,9.53,9.52
2020-07-09 00:00:00,28.3,28.3,28.3,28.3,28.3,27.2,26.11,24.52,22.94,21.57,20.2,19.06,17.91,17,16.08,15.35,14.61,14.04,13.46,13.01,12.57,12.21,11.86,11.57,11.28,11.06,10.84,10.66,10.48,10.36,10.23,10.13,10.04,9.97,9.9,9.86,9.81,9.78,9.74,9.72,9.69,9.67,9.65,9.63,9.61,9.61,9.6,9.59,9.58
2020-07-10 00:00:00,26.93,26.93,26.93,26.93,26.93,26.88,26.83,24.99,23.15,21.77,20.38,19.23,18.07,17.14,16.21,15.47,14.73,14.15,13.57,13.11,12.66,12.3,11.94,11.65,11.36,11.14,10.91,10.73,10.55,10.42,10.29,10.19,10.1,10.03,9.96,9.92,9.87,9.84,9.8,9.78,9.75,9.73,9.7,9.69,9.67,9.66,9.66,9.65,9.64
2020-07-11 00:00:00,26.68,26.68,26.68,26.68,26.68,26.67,26.66,25.01,23.36,21.96,20.56,19.39,18.22,17.28,16.34,15.59,14.84,14.26,13.67,13.21,12.75,12.39,12.03,11.73,11.44,11.21,10.98,10.8,10.62,10.49,10.36,10.26,10.16,10.09,10.03,9.98,9.93,9.9,9.86,9.84,9.81,9.79,9.76,9.75,9.73,9.72,9.72,9.71,9.7
2020-07-12 00:00:00,26.59,26.59,26.59,26.59,26.59,26.55,26.51,25.03,23.55,22.15,20.74,19.56,18.38,17.43,16.48,15.72,14.96,14.37,13.77,13.31,12.84,12.48,12.11,11.81,11.52,11.29,11.06,10.87,10.69,10.55,10.42,10.32,10.22,10.15,10.09,10.04,9.99,9.96,9.92,9.9,9.87,9.85,9.82,9.81,9.79,9.78,9.77,9.77,9.76
2020-07-13 00:00:00,26.53,26.53,26.53,26.53,26.53,26.43,26.34,25.03,23.72,22.32,20.92,19.73,18.54,17.57,16.61,15.85,15.08,14.48,13.88,13.41,12.94,12.57,12.2,11.9,11.6,11.36,11.13,10.94,10.76,10.62,10.49,10.39,10.29,10.22,10.15,10.1,10.05,10.02,9.98,9.96,9.93,9.91,9.88,9.87,9.85,9.84,9.83,9.83,9.82
2020-07-14 00:00:00,25.92,25.92,25.92,25.92,25.92,25.92,25.92,25.15,24.38,22.73,21.08,19.88,18.69,17.72,16.75,15.97,15.2,14.59,13.98,13.51,13.03,12.66,12.28,11.98,11.67,11.44,11.2,11.01,10.82,10.69,10.55,10.45,10.35,10.28,10.21,10.16,10.12,10.08,10.04,10.02,9.99,9.97,9.94,9.93,9.91,9.9,9.89,9.89,9.88
2020-07-15 00:00:00,26.22,26.22,26.22,26.22,26.22,26.02,25.82,25.07,24.32,22.78,21.24,20.03,18.82,17.84,16.87,16.09,15.31,14.69,14.08,13.6,13.12,12.74,12.36,12.06,11.75,11.51,11.27,11.08,10.89,10.75,10.62,10.51,10.41,10.34,10.27,10.22,10.18,10.14,10.1,10.08,10.05,10.03,10,9.99,9.97,9.96,9.95,9.95,9.94
2020-07-16 00:00:00,26.24,26.24,26.24,26.24,26.24,26.11,25.98,25.16,24.34,22.88,21.41,20.19,18.98,17.99,17,16.21,15.43,14.8,14.18,13.7,13.22,12.83,12.45,12.14,11.83,11.59,11.35,11.15,10.96,10.82,10.68,10.58,10.48,10.4,10.33,10.28,10.24,10.2,10.16,10.14,10.11,10.09,10.06,10.05,10.03,10.02,10.01,10.01,10
2020-07-17 00:00:00,26.3,26.3,26.3,26.3,26.3,26.29,26.28,25.33,24.39,22.98,21.57,20.35,19.13,18.13,17.14,16.34,15.54,14.92,14.29,13.8,13.31,12.92,12.54,12.22,11.91,11.66,11.42,11.23,11.03,10.89,10.75,10.64,10.54,10.47,10.39,10.35,10.3,10.26,10.23,10.2,10.17,10.15,10.12,10.11,10.09,10.08,10.07,10.07,10.06
2020-07-18 00:00:00,26.47,26.47,26.47,26.47,26.47,26.47,26.47,25.65,24.84,23.27,21.69,20.48,19.26,18.26,17.26,16.46,15.65,15.02,14.39,13.89,13.4,13.01,12.62,12.3,11.99,11.74,11.49,11.3,11.1,10.96,10.81,10.71,10.6,10.53,10.46,10.41,10.36,10.32,10.29,10.26,10.23,10.21,10.18,10.17,10.15,10.14,10.14,10.13,10.12
2020-07-19 00:00:00,26.27,26.27,26.27,26.27,26.27,26.27,26.27,25.76,25.24,23.55,21.86,20.63,19.41,18.4,17.39,16.58,15.77,15.13,14.49,13.99,13.49,13.1,12.7,12.38,12.06,11.81,11.57,11.37,11.17,11.02,10.88,10.77,10.67,10.59,10.52,10.47,10.42,10.38,10.35,10.32,10.29,10.27,10.25,10.23,10.21,10.2,10.2,10.19,10.18
2020-07-20 00:00:00,26.32,26.32,26.32,26.32,26.32,26.29,26.26,25.7,25.15,23.59,22.03,20.79,19.55,18.54,17.52,16.7,15.89,15.24,14.59,14.09,13.59,13.19,12.79,12.47,12.14,11.89,11.64,11.44,11.24,11.09,10.94,10.84,10.73,10.66,10.58,10.53,10.48,10.44,10.41,10.38,10.35,10.33,10.31,10.29,10.27,10.27,10.26,10.25,10.24
2020-07-21 00:00:00,26.15,26.15,26.15,26.15,26.15,26.15,26.15,25.63,25.11,23.64,22.16,20.92,19.68,18.66,17.64,16.82,16,15.35,14.7,14.19,13.68,13.28,12.87,12.55,12.22,11.97,11.71,11.51,11.31,11.16,11.01,10.9,10.79,10.72,10.64,10.59,10.54,10.51,10.47,10.44,10.41,10.39,10.37,10.35,10.34,10.33,10.32,10.31,10.3
2020-07-22 00:00:00,26.2,26.2,26.2,26.2,26.2,26.19,26.18,25.62,25.06,23.68,22.3,21.06,19.83,18.8,17.77,16.94,16.11,15.46,14.8,14.29,13.77,13.37,12.96,12.63,12.3,12.04,11.79,11.58,11.38,11.23,11.08,10.97,10.86,10.78,10.71,10.65,10.6,10.57,10.53,10.5,10.47,10.45,10.43,10.41,10.4,10.39,10.38,10.37,10.36
2020-07-23 00:00:00,26.31,26.31,26.31,26.31,26.31,26.23,26.15,25.59,25.04,23.73,22.42,21.19,19.96,18.93,17.9,17.07,16.23,15.57,14.9,14.39,13.87,13.46,13.05,12.71,12.38,12.12,11.86,11.65,11.45,11.3,11.14,11.03,10.92,10.85,10.77,10.72,10.66,10.63,10.59,10.56,10.53,10.51,10.49,10.47,10.46,10.45,10.44,10.43,10.42
2020-07-24 00:00:00,26.41,26.41,26.41,26.41,26.41,26.34,26.28,25.65,25.01,23.77,22.52,21.3,20.08,19.05,18.02,17.18,16.34,15.67,15,14.48,13.96,13.55,13.13,12.79,12.46,12.2,11.93,11.72,11.52,11.36,11.21,11.1,10.99,10.91,10.83,10.78,10.73,10.69,10.65,10.62,10.6,10.57,10.55,10.53,10.52,10.51,10.5,10.49,10.48
2020-07-25 00:00:00,26.77,26.77,26.77,26.77,26.77,26.68,26.6,25.82,25.05,23.84,22.62,21.42,20.21,19.17,18.14,17.3,16.45,15.78,15.11,14.58,14.05,13.63,13.22,12.88,12.54,12.27,12.01,11.8,11.59,11.43,11.28,11.16,11.05,10.97,10.89,10.84,10.79,10.75,10.72,10.69,10.66,10.63,10.61,10.6,10.58,10.57,10.56,10.55,10.55
2020-07-26 00:00:00,27.17,27.17,27.17,27.17,27.17,27.02,26.87,25.99,25.11,23.91,22.72,21.52,20.32,19.29,18.26,17.41,16.56,15.88,15.21,14.68,14.15,13.72,13.3,12.96,12.62,12.35,12.08,11.87,11.66,11.5,11.34,11.23,11.12,11.04,10.96,10.9,10.85,10.81,10.78,10.75,10.72,10.7,10.67,10.66,10.64,10.63,10.62,10.62,10.61
2020-07-27 00:00:00,26.83,26.83,26.83,26.83,26.83,26.83,26.83,26.08,25.34,24.08,22.83,21.64,20.45,19.41,18.38,17.53,16.67,15.99,15.31,14.77,14.24,13.81,13.39,13.04,12.7,12.43,12.16,11.94,11.73,11.57,11.41,11.3,11.18,11.1,11.02,10.97,10.91,10.88,10.84,10.81,10.78,10.76,10.74,10.72,10.7,10.69,10.69,10.68,10.67
2020-07-28 00:00:00,26.16,26.16,26.16,26.16,26.16,26.16,26.16,25.88,25.6,24.26,22.92,21.74,20.56,19.52,18.49,17.64,16.78,16.09,15.41,14.87,14.33,13.9,13.47,13.12,12.77,12.5,12.23,12.01,11.8,11.64,11.48,11.36,11.25,11.16,11.08,11.03,10.98,10.94,10.9,10.87,10.84,10.82,10.8,10.78,10.77,10.76,10.75,10.74,10.73
2020-07-29 00:00:00,26.46,26.46,26.46,26.46,26.46,26.42,26.39,25.96,25.54,24.28,23.03,21.85,20.68,19.64,18.61,17.75,16.89,16.2,15.51,14.97,14.42,13.99,13.56,13.21,12.85,12.58,12.3,12.09,11.87,11.71,11.55,11.43,11.31,11.23,11.15,11.09,11.04,11,10.96,10.93,10.9,10.88,10.86,10.84,10.83,10.82,10.81,10.8,10.79
2020-07-30 00:00:00,26.09,26.09,26.09,26.09,26.09,26.09,26.09,25.83,25.57,24.35,23.12,21.96,20.79,19.76,18.73,17.86,17,16.31,15.61,15.06,14.52,14.08,13.64,13.29,12.93,12.66,12.38,12.16,11.94,11.77,11.61,11.49,11.38,11.29,11.21,11.16,11.1,11.06,11.02,11,10.97,10.94,10.92,10.9,10.89,10.88,10.87,10.86,10.85
2020-07-31 00:00:00,26.14,26.14,26.14,26.14,26.14,26.09,26.04,25.77,25.5,24.36,23.22,22.06,20.9,19.87,18.84,17.98,17.11,16.41,15.71,15.16,14.61,14.17,13.73,13.37,13.01,12.73,12.45,12.23,12.01,11.84,11.68,11.56,11.44,11.36,11.27,11.22,11.16,11.13,11.09,11.06,11.03,11.01,10.98,10.97,10.95,10.94,10.93,10.92,10.92
2020-08-01 00:00:00,26.21,26.21,26.21,26.21,26.21,26.15,26.09,25.76,25.42,24.35,23.28,22.14,21,19.97,18.94,18.08,17.21,16.51,15.81,15.25,14.7,14.26,13.81,13.45,13.09,12.81,12.53,12.3,12.08,11.91,11.75,11.63,11.51,11.42,11.34,11.28,11.23,11.19,11.15,11.12,11.09,11.07,11.05,11.03,11.01,11,10.99,10.99,10.98
2020-08-02 00:00:00,25.41,25.41,25.41,25.41,25.41,25.41,25.41,25.41,25.41,24.37,23.34,22.21,21.08,20.06,19.04,18.18,17.31,16.61,15.9,15.35,14.79,14.34,13.9,13.53,13.17,12.89,12.6,12.37,12.15,11.98,11.82,11.69,11.57,11.49,11.4,11.35,11.29,11.25,11.21,11.18,11.15,11.13,11.11,11.09,11.07,11.07,11.06,11.05,11.04
2020-08-03 00:00:00,24.37,24.37,24.37,24.37,24.37,24.37,24.37,24.37,24.37,23.85,23.33,22.24,21.14,20.13,19.13,18.27,17.41,16.7,16,15.44,14.88,14.43,13.98,13.61,13.25,12.96,12.68,12.45,12.22,12.05,11.88,11.76,11.64,11.55,11.47,11.41,11.35,11.31,11.27,11.24,11.21,11.19,11.17,11.15,11.14,11.13,11.12,11.11,11.1
2020-08-04 00:00:00,23.81,23.81,23.81,23.81,23.81,23.81,23.81,23.81,23.81,23.5,23.19,22.19,21.18,20.2,19.22,18.36,17.5,16.8,16.09,15.53,14.97,14.52,14.06,13.7,13.33,13.04,12.75,12.52,12.29,12.12,11.95,11.83,11.7,11.62,11.53,11.47,11.42,11.38,11.34,11.31,11.28,11.25,11.23,11.22,11.2,11.19,11.18,11.17,11.16
2020-08-05 00:00:00,23.54,23.54,23.54,23.54,23.54,23.54,23.54,23.54,23.54,23.28,23.03,22.12,21.21,20.26,19.3,18.45,17.6,16.89,16.18,15.62,15.06,14.6,14.15,13.78,13.41,13.11,12.82,12.59,12.36,12.19,12.02,11.89,11.77,11.68,11.59,11.54,11.48,11.44,11.4,11.37,11.34,11.32,11.29,11.28,11.26,11.25,11.24,11.23,11.23
2020-08-06 00:00:00,23.46,23.46,23.46,23.46,23.46,23.46,23.46,23.43,23.41,23.16,22.9,22.07,21.23,20.3,19.38,18.53,17.69,16.98,16.28,15.71,15.14,14.69,14.23,13.86,13.48,13.19,12.9,12.66,12.43,12.26,12.09,11.96,11.83,11.75,11.66,11.6,11.54,11.5,11.46,11.43,11.4,11.38,11.36,11.34,11.32,11.31,11.31,11.3,11.29
2020-08-07 00:00:00,23.37,23.37,23.37,23.37,23.37,23.37,23.37,23.37,23.37,23.16,22.95,22.09,21.24,20.34,19.44,18.61,17.77,17.07,16.37,15.8,15.23,14.77,14.31,13.94,13.56,13.27,12.97,12.74,12.5,12.33,12.15,12.03,11.9,11.81,11.72,11.66,11.61,11.56,11.52,11.49,11.47,11.44,11.42,11.4,11.39,11.38,11.37,11.36,11.35
2020-08-08 00:00:00,23.82,23.82,23.82,23.82,23.82,23.82,23.82,23.68,23.54,23.2,22.86,22.06,21.26,20.39,19.51,18.68,17.86,17.16,16.46,15.89,15.32,14.86,14.4,14.02,13.64,13.34,13.05,12.81,12.57,12.4,12.22,12.09,11.97,11.88,11.79,11.73,11.67,11.63,11.59,11.56,11.53,11.51,11.48,11.47,11.45,11.44,11.43,11.42,11.41
2020-08-09 00:00:00,24.59,24.59,24.59,24.59,24.59,24.33,24.07,23.84,23.6,23.21,22.81,22.04,21.28,20.42,19.56,18.75,17.93,17.24,16.54,15.97,15.4,14.94,14.48,14.1,13.72,13.42,13.12,12.88,12.64,12.47,12.29,12.16,12.03,11.94,11.85,11.79,11.73,11.69,11.65,11.62,11.59,11.57,11.54,11.53,11.51,11.5,11.49,11.49,11.48
2020-08-10 00:00:00,25.06,25.06,25.06,25.03,24.99,24.63,24.28,23.98,23.67,23.23,22.78,22.04,21.29,20.45,19.61,18.81,18.01,17.31,16.62,16.05,15.48,15.02,14.56,14.17,13.79,13.49,13.19,12.95,12.71,12.53,12.36,12.23,12.1,12.01,11.92,11.86,11.8,11.75,11.71,11.68,11.65,11.63,11.61,11.59,11.57,11.57,11.56,11.55,11.54
2020-08-11 00:00:00,24.83,24.83,24.83,24.83,24.83,24.7,24.57,24.18,23.79,23.3,22.8,22.07,21.33,20.5,19.67,18.88,18.08,17.39,16.7,16.14,15.57,15.1,14.64,14.25,13.87,13.57,13.27,13.02,12.78,12.6,12.43,12.29,12.16,12.07,11.98,11.92,11.86,11.82,11.78,11.75,11.72,11.69,11.67,11.65,11.64,11.63,11.62,11.61,11.6
2020-08-12 00:00:00,24.85,24.85,24.85,24.85,24.85,24.8,24.74,24.32,23.9,23.37,22.84,22.1,21.37,20.55,19.74,18.95,18.16,17.47,16.79,16.22,15.65,15.18,14.72,14.33,13.95,13.64,13.34,13.1,12.85,12.67,12.49,12.36,12.23,12.14,12.05,11.98,11.92,11.88,11.84,11.81,11.78,11.76,11.73,11.72,11.7,11.69,11.68,11.67,11.67
2020-08-13 00:00:00,24.89,24.89,24.89,24.89,24.89,24.87,24.85,24.42,23.99,23.43,22.88,22.14,21.41,20.6,19.79,19.01,18.23,17.55,16.87,16.3,15.73,15.26,14.8,14.41,14.02,13.72,13.41,13.17,12.92,12.74,12.56,12.43,12.3,12.2,12.11,12.05,11.99,11.94,11.9,11.87,11.84,11.82,11.8,11.78,11.76,11.75,11.75,11.74,11.73
2020-08-14 00:00:00,25.03,25.03,25.03,25.03,25.03,25.02,25.01,24.55,24.09,23.51,22.93,22.19,21.45,20.65,19.85,19.08,18.31,17.63,16.95,16.38,15.81,15.35,14.88,14.49,14.1,13.79,13.49,13.24,12.99,12.81,12.63,12.5,12.36,12.27,12.18,12.11,12.05,12.01,11.97,11.94,11.91,11.88,11.86,11.84,11.83,11.82,11.81,11.8,11.79
2020-08-15 00:00:00,24.61,24.61,24.61,24.61,24.61,24.61,24.61,24.48,24.35,23.65,22.95,22.22,21.49,20.7,19.91,19.14,18.38,17.7,17.02,16.46,15.89,15.42,14.95,14.57,14.18,13.87,13.56,13.31,13.06,12.88,12.7,12.56,12.43,12.33,12.24,12.18,12.11,12.07,12.03,12,11.97,11.95,11.92,11.91,11.89,11.88,11.87,11.86,11.85
2020-08-16 00:00:00,24.23,24.23,24.23,24.23,24.23,24.23,24.23,24.23,24.23,23.64,23.05,22.29,21.53,20.75,19.97,19.21,18.45,17.77,17.1,16.53,15.97,15.5,15.03,14.64,14.25,13.94,13.63,13.38,13.13,12.95,12.77,12.63,12.49,12.4,12.31,12.24,12.18,12.14,12.09,12.06,12.03,12.01,11.99,11.97,11.95,11.94,11.93,11.93,11.92
2020-08-17 00:00:00,24.11,24.11,24.11,24.11,24.11,24.11,24.11,24.09,24.07,23.55,23.04,22.31,21.57,20.8,20.02,19.27,18.52,17.85,17.18,16.61,16.05,15.58,15.11,14.72,14.33,14.02,13.7,13.45,13.2,13.02,12.83,12.7,12.56,12.47,12.37,12.31,12.24,12.2,12.16,12.13,12.1,12.07,12.05,12.03,12.02,12.01,12,11.99,11.98
2020-08-18 00:00:00,23.82,23.82,23.82,23.82,23.82,23.82,23.82,23.74,23.67,23.33,22.99,22.3,21.61,20.84,20.08,19.33,18.59,17.92,17.25,16.69,16.13,15.66,15.19,14.79,14.4,14.09,13.78,13.52,13.27,13.09,12.9,12.76,12.63,12.53,12.43,12.37,12.31,12.26,12.22,12.19,12.16,12.14,12.11,12.1,12.08,12.07,12.06,12.05,12.04
2020-08-19 00:00:00,23.81,23.81,23.81,23.81,23.81,23.77,23.73,23.67,23.6,23.28,22.95,22.29,21.63,20.88,20.13,19.39,18.65,17.99,17.33,16.76,16.2,15.73,15.26,14.87,14.48,14.16,13.85,13.6,13.34,13.16,12.97,12.83,12.69,12.6,12.5,12.44,12.37,12.33,12.28,12.25,12.22,12.2,12.18,12.16,12.14,12.13,12.12,12.12,12.11
2020-08-20 00:00:00,23.54,23.54,23.54,23.54,23.54,23.54,23.54,23.54,23.54,23.28,23.01,22.33,21.65,20.91,20.18,19.45,18.72,18.06,17.4,16.84,16.28,15.81,15.34,14.95,14.55,14.24,13.92,13.67,13.41,13.22,13.04,12.9,12.76,12.66,12.56,12.5,12.44,12.39,12.35,12.32,12.29,12.26,12.24,12.22,12.21,12.2,12.19,12.18,12.17
2020-08-21 00:00:00,23.63,23.63,23.63,23.63,23.63,23.63,23.63,23.61,23.59,23.27,22.95,22.31,21.67,20.95,20.22,19.5,18.78,18.12,17.47,16.91,16.35,15.88,15.41,15.02,14.62,14.31,13.99,13.74,13.48,13.29,13.1,12.96,12.82,12.73,12.63,12.56,12.5,12.45,12.41,12.38,12.35,12.33,12.3,12.29,12.27,12.26,12.25,12.24,12.23
2020-08-22 00:00:00,23.65,23.65,23.65,23.65,23.65,23.65,23.65,23.65,23.65,23.32,22.99,22.34,21.69,20.98,20.27,19.55,18.84,18.19,17.54,16.98,16.43,15.96,15.49,15.09,14.7,14.38,14.06,13.81,13.55,13.36,13.17,13.03,12.89,12.79,12.69,12.63,12.56,12.52,12.47,12.44,12.41,12.39,12.37,12.35,12.33,12.32,12.31,12.31,12.3
2020-08-23 00:00:00,24.47,24.47,24.47,24.34,24.21,24.05,23.88,23.79,23.69,23.33,22.97,22.34,21.71,21.01,20.31,19.6,18.9,18.25,17.61,17.05,16.5,16.03,15.56,15.17,14.77,14.45,14.13,13.88,13.62,13.43,13.24,13.1,12.96,12.86,12.76,12.69,12.63,12.58,12.54,12.51,12.48,12.45,12.43,12.41,12.4,12.39,12.38,12.37,12.36
2020-08-24 00:00:00,25.15,25.15,25.15,24.99,24.83,24.48,24.12,23.94,23.75,23.36,22.97,22.35,21.74,21.04,20.35,19.65,18.95,18.31,17.67,17.12,16.57,16.1,15.63,15.24,14.84,14.52,14.2,13.95,13.69,13.5,13.31,13.16,13.02,12.92,12.82,12.76,12.69,12.65,12.6,12.57,12.54,12.52,12.49,12.48,12.46,12.45,12.44,12.43,12.43
2020-08-25 00:00:00,25.69,25.69,25.69,25.55,25.4,24.91,24.42,24.14,23.86,23.43,23,22.38,21.77,21.08,20.4,19.7,19.01,18.37,17.74,17.19,16.64,16.17,15.71,15.31,14.91,14.59,14.28,14.02,13.76,13.56,13.37,13.23,13.09,12.99,12.89,12.82,12.76,12.71,12.66,12.63,12.6,12.58,12.56,12.54,12.52,12.51,12.51,12.5,12.49
2020-08-26 00:00:00,25.55,25.55,25.55,25.55,25.55,25.32,25.09,24.54,23.99,23.52,23.05,22.43,21.81,21.13,20.44,19.76,19.07,18.44,17.8,17.26,16.71,16.24,15.78,15.38,14.98,14.66,14.35,14.09,13.83,13.63,13.44,13.3,13.15,13.05,12.95,12.89,12.82,12.77,12.73,12.7,12.67,12.64,12.62,12.6,12.59,12.58,12.57,12.56,12.55
2020-08-27 00:00:00,26.05,26.05,26.05,26.04,26.03,25.64,25.26,24.7,24.15,23.63,23.11,22.48,21.85,21.17,20.49,19.81,19.13,18.5,17.87,17.32,16.78,16.31,15.85,15.45,15.05,14.73,14.42,14.15,13.89,13.7,13.51,13.36,13.22,13.12,13.02,12.95,12.88,12.84,12.79,12.76,12.73,12.71,12.68,12.67,12.65,12.64,12.63,12.62,12.62
2020-08-28 00:00:00,25.89,25.89,25.89,25.89,25.89,25.8,25.72,25,24.28,23.72,23.17,22.53,21.9,21.22,20.54,19.86,19.18,18.56,17.93,17.39,16.85,16.38,15.92,15.52,15.12,14.8,14.48,14.22,13.96,13.77,13.57,13.43,13.29,13.18,13.08,13.02,12.95,12.9,12.86,12.83,12.79,12.77,12.75,12.73,12.71,12.71,12.7,12.69,12.68
2020-08-29 00:00:00,24.66,24.66,24.66,24.66,24.66,24.66,24.66,24.63,24.6,23.91,23.22,22.58,21.94,21.27,20.59,19.91,19.24,18.62,18,17.46,16.91,16.45,15.99,15.59,15.19,14.87,14.55,14.29,14.03,13.83,13.64,13.5,13.35,13.25,13.15,13.08,13.01,12.97,12.92,12.89,12.86,12.83,12.81,12.79,12.78,12.77,12.76,12.75,12.74
2020-08-30 00:00:00,24.2,24.2,24.2,24.2,24.2,24.2,24.2,24.12,24.04,23.63,23.22,22.6,21.98,21.31,20.64,19.97,19.3,18.68,18.06,17.52,16.98,16.52,16.06,15.66,15.26,14.94,14.62,14.36,14.1,13.9,13.71,13.56,13.42,13.31,13.21,13.14,13.08,13.03,12.98,12.95,12.92,12.9,12.87,12.86,12.84,12.83,12.82,12.81,12.81
2020-08-31 00:00:00,23.5,23.5,23.5,23.5,23.5,23.5,23.5,23.5,23.5,23.39,23.28,22.63,21.97,21.32,20.66,20,19.34,18.73,18.12,17.58,17.04,16.58,16.12,15.73,15.33,15.01,14.69,14.43,14.16,13.97,13.77,13.63,13.48,13.38,13.28,13.21,13.14,13.09,13.05,13.02,12.98,12.96,12.94,12.92,12.9,12.9,12.89,12.88,12.87
2020-09-01 00:00:00,23.3,23.3,23.3,23.3,23.3,23.3,23.3,23.29,23.29,23.2,23.11,22.55,21.98,21.34,20.7,20.05,19.39,18.78,18.18,17.64,17.11,16.65,16.19,15.79,15.4,15.08,14.76,14.49,14.23,14.03,13.84,13.69,13.55,13.44,13.34,13.27,13.2,13.16,13.11,13.08,13.05,13.02,13,12.98,12.97,12.96,12.95,12.94,12.93
2020-09-02 00:00:00,23.11,23.11,23.11,23.11,23.11,23.11,23.11,23.11,23.11,23.11,23.11,22.57,22.03,21.38,20.74,20.09,19.44,18.84,18.24,17.71,17.17,16.72,16.26,15.86,15.47,15.15,14.83,14.56,14.3,14.1,13.9,13.76,13.61,13.51,13.41,13.34,13.27,13.22,13.17,13.14,13.11,13.09,13.06,13.05,13.03,13.02,13.01,13,13
2020-09-03 00:00:00,22.17,22.17,22.17,22.17,22.17,22.17,22.17,22.17,22.17,22.17,22.17,22.17,22.17,21.54,20.91,20.2,19.49,18.89,18.3,17.77,17.24,16.78,16.33,15.93,15.54,15.21,14.89,14.63,14.36,14.17,13.97,13.82,13.68,13.57,13.47,13.4,13.33,13.29,13.24,13.21,13.17,13.15,13.13,13.11,13.09,13.09,13.08,13.07,13.06
2020-09-04 00:00:00,21.66,21.66,21.66,21.66,21.66,21.66,21.66,21.66,21.66,21.66,21.66,21.63,21.59,21.21,20.82,20.18,19.53,18.94,18.35,17.83,17.3,16.85,16.39,16,15.6,15.28,14.96,14.7,14.43,14.23,14.04,13.89,13.74,13.64,13.54,13.47,13.4,13.35,13.3,13.27,13.24,13.21,13.19,13.17,13.16,13.15,13.14,13.13,13.12
2020-09-05 00:00:00,21.51,21.51,21.51,21.51,21.51,21.51,21.51,21.51,21.51,21.51,21.5,21.42,21.35,21.04,20.74,20.15,19.56,18.98,18.4,17.88,17.36,16.91,16.46,16.06,15.67,15.35,15.03,14.76,14.5,14.3,14.1,13.95,13.81,13.7,13.6,13.53,13.46,13.41,13.36,13.33,13.3,13.28,13.25,13.24,13.22,13.21,13.2,13.19,13.19
2020-09-06 00:00:00,21.41,21.41,21.41,21.41,21.41,21.41,21.41,21.41,21.41,21.41,21.41,21.41,21.41,21.25,21.08,20.32,19.57,19.01,18.45,17.93,17.42,16.97,16.52,16.13,15.74,15.41,15.09,14.83,14.56,14.37,14.17,14.02,13.87,13.77,13.66,13.59,13.52,13.48,13.43,13.4,13.36,13.34,13.32,13.3,13.28,13.28,13.27,13.26,13.25
2020-09-07 00:00:00,21.01,21.01,21.01,21.01,21.01,21.01,21.01,21.01,21.01,21.01,21.01,21.01,21.01,20.94,20.87,20.23,19.59,19.04,18.49,17.98,17.48,17.03,16.58,16.19,15.8,15.48,15.16,14.89,14.63,14.43,14.23,14.08,13.94,13.83,13.73,13.66,13.59,13.54,13.49,13.46,13.43,13.4,13.38,13.36,13.35,13.34,13.33,13.32,13.31
2020-09-08 00:00:00,19.78,19.78,19.78,19.78,19.78,19.78,19.78,19.78,19.78,19.78,19.78,19.78,19.78,19.78,19.78,19.78,19.78,19.14,18.51,18.01,17.51,17.07,16.63,16.25,15.86,15.54,15.22,14.96,14.69,14.49,14.3,14.15,14,13.89,13.79,13.72,13.65,13.6,13.55,13.52,13.49,13.47,13.44,13.43,13.41,13.4,13.39,13.38,13.38
2020-09-09 00:00:00,18.84,18.84,18.84,18.84,18.84,18.84,18.84,18.84,18.84,18.84,18.84,18.84,18.84,18.84,18.84,18.84,18.84,18.72,18.6,18.06,17.52,17.1,16.68,16.3,15.92,15.6,15.28,15.02,14.75,14.56,14.36,14.21,14.06,13.96,13.85,13.78,13.71,13.67,13.62,13.58,13.55,13.53,13.51,13.49,13.47,13.46,13.45,13.45,13.44
2020-09-10 00:00:00,18.33,18.33,18.33,18.33,18.33,18.33,18.33,18.33,18.33,18.33,18.33,18.33,18.33,18.33,18.33,18.3,18.27,18.21,18.15,17.82,17.48,17.09,16.7,16.33,15.97,15.65,15.34,15.08,14.82,14.62,14.42,14.27,14.13,14.02,13.92,13.85,13.78,13.73,13.68,13.65,13.61,13.59,13.57,13.55,13.54,13.53,13.52,13.51,13.5
2020-09-11 00:00:00,18,18,18,18,18,18,18,18,18,18,18,18,18,18,18,18,18,17.93,17.86,17.64,17.41,17.06,16.71,16.36,16.01,15.7,15.39,15.14,14.88,14.68,14.48,14.34,14.19,14.08,13.98,13.91,13.84,13.79,13.74,13.71,13.68,13.65,13.63,13.62,13.6,13.59,13.58,13.57,13.56
2020-09-12 00:00:00,18.13,18.13,18.13,18.13,18.13,18.13,18.13,18.13,18.13,18.13,18.13,18.12,18.12,18.06,17.99,17.97,17.94,17.86,17.78,17.57,17.36,17.04,16.72,16.38,16.05,15.75,15.45,15.19,14.94,14.74,14.54,14.4,14.25,14.15,14.04,13.97,13.9,13.85,13.8,13.77,13.74,13.72,13.69,13.68,13.66,13.65,13.64,13.63,13.63
2020-09-13 00:00:00,18.35,18.35,18.35,18.35,18.35,18.35,18.35,18.35,18.35,18.32,18.3,18.23,18.15,18.09,18.02,17.98,17.93,17.83,17.73,17.52,17.32,17.02,16.73,16.4,16.08,15.79,15.5,15.25,14.99,14.8,14.61,14.46,14.31,14.21,14.1,14.03,13.96,13.92,13.87,13.83,13.8,13.78,13.76,13.74,13.72,13.71,13.71,13.7,13.69
2020-09-14 00:00:00,18.7,18.7,18.7,18.7,18.7,18.7,18.7,18.61,18.53,18.45,18.37,18.29,18.21,18.14,18.06,17.99,17.92,17.8,17.69,17.49,17.29,17.01,16.73,16.42,16.12,15.83,15.55,15.3,15.05,14.86,14.67,14.52,14.37,14.27,14.17,14.1,14.03,13.98,13.93,13.9,13.86,13.84,13.82,13.8,13.79,13.78,13.77,13.76,13.75
2020-09-15 00:00:00,18.76,18.76,18.76,18.76,18.76,18.76,18.76,18.76,18.76,18.76,18.76,18.57,18.38,18.24,18.1,18.01,17.92,17.79,17.66,17.47,17.27,17,16.74,16.44,16.15,15.87,15.59,15.35,15.11,14.92,14.73,14.58,14.44,14.33,14.23,14.16,14.09,14.04,13.99,13.96,13.93,13.9,13.88,13.86,13.85,13.84,13.83,13.82,13.81
2020-09-16 00:00:00,18.94,18.94,18.94,18.94,18.94,18.94,18.94,18.94,18.94,18.94,18.94,18.7,18.46,18.31,18.16,18.04,17.93,17.79,17.65,17.45,17.26,17,16.74,16.46,16.18,15.91,15.64,15.4,15.16,14.97,14.78,14.64,14.5,14.39,14.29,14.22,14.15,14.1,14.05,14.02,13.99,13.97,13.94,13.93,13.91,13.9,13.89,13.88,13.88
2020-09-17 00:00:00,18.8,18.8,18.8,18.8,18.8,18.8,18.8,18.8,18.8,18.8,18.8,18.71,18.61,18.4,18.19,18.07,17.94,17.79,17.64,17.44,17.24,17,16.75,16.48,16.2,15.94,15.68,15.45,15.21,15.02,14.84,14.7,14.55,14.45,14.35,14.28,14.21,14.16,14.11,14.08,14.05,14.03,14,13.99,13.97,13.96,13.95,13.95,13.94
2020-09-18 00:00:00,18.52,18.52,18.52,18.52,18.52,18.52,18.52,18.52,18.52,18.52,18.52,18.49,18.46,18.33,18.2,18.07,17.94,17.79,17.63,17.43,17.24,17,16.76,16.49,16.23,15.97,15.72,15.49,15.26,15.08,14.9,14.75,14.61,14.51,14.41,14.34,14.27,14.22,14.18,14.14,14.11,14.09,14.07,14.05,14.03,14.02,14.02,14.01,14
2020-09-19 00:00:00,18.02,18.02,18.02,18.02,18.02,18.02,18.02,18.02,18.02,18.02,18.02,18.02,18.02,18.02,18.02,17.98,17.95,17.78,17.61,17.42,17.23,17,16.77,16.51,16.25,16.01,15.76,15.53,15.31,15.13,14.95,14.81,14.67,14.57,14.47,14.4,14.33,14.28,14.24,14.2,14.17,14.15,14.13,14.11,14.1,14.09,14.08,14.07,14.06
2020-09-20 00:00:00,17.68,17.68,17.68,17.68,17.68,17.68,17.68,17.68,17.68,17.68,17.68,17.68,17.68,17.68,17.68,17.68,17.68,17.67,17.67,17.43,17.2,16.98,16.77,16.52,16.28,16.04,15.8,15.58,15.36,15.18,15,14.87,14.73,14.63,14.53,14.46,14.39,14.34,14.3,14.26,14.23,14.21,14.19,14.17,14.16,14.15,14.14,14.13,14.12
2020-09-21 00:00:00,17.51,17.51,17.51,17.51,17.51,17.51,17.51,17.51,17.51,17.51,17.51,17.51,17.51,17.51,17.51,17.51,17.51,17.51,17.51,17.41,17.31,17.04,16.76,16.53,16.29,16.06,15.83,15.62,15.4,15.23,15.05,14.92,14.78,14.68,14.59,14.52,14.45,14.4,14.36,14.32,14.29,14.27,14.25,14.23,14.22,14.21,14.2,14.19,14.18
2020-09-22 00:00:00,17.75,17.75,17.75,17.75,17.75,17.75,17.75,17.75,17.75,17.72,17.69,17.63,17.57,17.56,17.54,17.52,17.51,17.48,17.45,17.35,17.24,17.01,16.77,16.54,16.32,16.09,15.87,15.66,15.45,15.28,15.11,14.97,14.84,14.74,14.64,14.58,14.51,14.46,14.42,14.38,14.35,14.33,14.31,14.29,14.28,14.27,14.26,14.25,14.24
2020-09-23 00:00:00,18.09,18.09,18.09,18.09,18.09,18.09,18.09,18.04,17.99,17.88,17.77,17.71,17.65,17.61,17.58,17.54,17.51,17.46,17.42,17.31,17.19,16.99,16.78,16.56,16.34,16.12,15.9,15.69,15.49,15.32,15.16,15.02,14.89,14.8,14.7,14.63,14.57,14.52,14.47,14.44,14.41,14.39,14.37,14.35,14.34,14.33,14.32,14.31,14.3
2020-09-24 00:00:00,18.15,18.15,18.15,18.15,18.15,18.15,18.15,18.15,18.15,18.08,18.02,17.86,17.7,17.66,17.61,17.56,17.51,17.45,17.39,17.27,17.16,16.97,16.78,16.56,16.35,16.14,15.93,15.73,15.53,15.37,15.2,15.07,14.94,14.85,14.75,14.69,14.62,14.58,14.53,14.5,14.47,14.45,14.43,14.41,14.4,14.39,14.38,14.37,14.36
2020-09-25 00:00:00,18.27,18.27,18.27,18.27,18.27,18.27,18.27,18.27,18.27,18.27,18.27,18.15,18.02,17.84,17.66,17.59,17.53,17.45,17.37,17.25,17.13,16.96,16.78,16.57,16.37,16.16,15.96,15.76,15.57,15.41,15.25,15.12,15,14.9,14.81,14.75,14.68,14.64,14.59,14.56,14.53,14.51,14.49,14.47,14.46,14.45,14.44,14.43,14.42
2020-09-26 00:00:00,18.55,18.55,18.55,18.55,18.55,18.55,18.55,18.55,18.55,18.55,18.55,18.45,18.35,18.04,17.73,17.64,17.55,17.46,17.37,17.24,17.12,16.95,16.78,16.58,16.38,16.19,15.99,15.8,15.61,15.45,15.3,15.17,15.05,14.96,14.86,14.8,14.74,14.69,14.65,14.62,14.59,14.57,14.54,14.53,14.51,14.5,14.5,14.49,14.48
2020-09-27 00:00:00,18.18,18.18,18.18,18.18,18.18,18.18,18.18,18.18,18.18,18.18,18.18,18.18,18.18,18.06,17.94,17.75,17.57,17.47,17.36,17.24,17.11,16.94,16.78,16.59,16.4,16.21,16.01,15.83,15.65,15.49,15.34,15.22,15.1,15.01,14.92,14.85,14.79,14.75,14.7,14.67,14.64,14.62,14.6,14.59,14.57,14.56,14.55,14.55,14.54
2020-09-28 00:00:00,17.57,17.57,17.57,17.57,17.57,17.57,17.57,17.57,17.57,17.57,17.57,17.57,17.57,17.57,17.57,17.57,17.57,17.5,17.44,17.26,17.09,16.93,16.78,16.59,16.41,16.22,16.04,15.86,15.68,15.53,15.39,15.27,15.15,15.06,14.97,14.91,14.85,14.8,14.76,14.73,14.7,14.68,14.66,14.64,14.63,14.62,14.61,14.6,14.6
2020-09-29 00:00:00,17.16,17.16,17.16,17.16,17.16,17.16,17.16,17.16,17.16,17.16,17.16,17.16,17.16,17.16,17.16,17.16,17.16,17.16,17.16,17.12,17.08,16.92,16.75,16.58,16.42,16.24,16.06,15.89,15.72,15.57,15.43,15.31,15.19,15.11,15.02,14.96,14.9,14.86,14.81,14.79,14.76,14.74,14.71,14.7,14.69,14.68,14.67,14.66,14.65
2020-09-30 00:00:00,16.58,16.58,16.58,16.58,16.58,16.58,16.58,16.58,16.58,16.58,16.58,16.58,16.58,16.58,16.58,16.58,16.58,16.58,16.58,16.58,16.58,16.58,16.58,16.58,16.58,16.33,16.07,15.9,15.74,15.61,15.47,15.35,15.24,15.16,15.07,15.01,14.95,14.91,14.87,14.84,14.81,14.79,14.77,14.76,14.74,14.73,14.72,14.72,14.71
2020-10-01 00:00:00,16.06,16.06,16.06,16.06,16.06,16.06,16.06,16.06,16.06,16.06,16.06,16.06,16.06,16.06,16.06,16.06,16.06,16.06,16.06,16.06,16.06,16.06,16.06,16.06,16.06,16.06,16.06,15.93,15.8,15.65,15.49,15.39,15.28,15.2,15.12,15.06,15,14.96,14.92,14.89,14.87,14.85,14.83,14.81,14.8,14.79,14.78,14.77,14.76
2020-10-02 00:00:00,15.82,15.82,15.82,15.82,15.82,15.82,15.82,15.82,15.82,15.82,15.82,15.82,15.82,15.81,15.81,15.8,15.79,15.79,15.79,15.79,15.79,15.79,15.79,15.78,15.78,15.77,15.76,15.73,15.71,15.6,15.5,15.4,15.31,15.24,15.16,15.11,15.05,15.01,14.97,14.95,14.92,14.9,14.88,14.86,14.85,14.84,14.83,14.83,14.82
2020-10-03 00:00:00,15.66,15.66,15.66,15.66,15.66,15.66,15.66,15.66,15.65,15.65,15.64,15.64,15.64,15.64,15.64,15.64,15.64,15.64,15.64,15.64,15.64,15.64,15.64,15.63,15.63,15.62,15.61,15.6,15.58,15.53,15.48,15.4,15.33,15.26,15.19,15.14,15.09,15.06,15.02,14.99,14.97,14.95,14.93,14.92,14.9,14.89,14.89,14.88,14.87
2020-10-04 00:00:00,15.4,15.4,15.4,15.4,15.4,15.4,15.4,15.4,15.4,15.4,15.4,15.4,15.4,15.4,15.4,15.4,15.4,15.4,15.4,15.4,15.4,15.4,15.4,15.4,15.4,15.4,15.4,15.4,15.4,15.4,15.4,15.35,15.31,15.26,15.21,15.17,15.13,15.09,15.06,15.04,15.01,15,14.98,14.97,14.95,14.95,14.94,14.93,14.92
2020-10-05 00:00:00,14.99,14.99,14.99,14.99,14.99,14.99,14.99,14.99,14.99,14.99,14.99,14.99,14.99,14.99,14.99,14.99,14.99,14.99,14.99,14.99,14.99,14.99,14.99,14.99,14.99,14.99,14.99,14.99,14.99,14.99,14.99,14.99,14.99,14.99,14.99,14.99,14.99,14.99,14.99,14.99,14.99,14.99,14.99,14.99,14.99,14.99,14.99,14.99,14.99
2020-10-06 00:00:00,15.02,15,14.97,14.97,14.97,14.97,14.97,14.97,14.97,14.97,14.97,14.97,14.97,14.97,14.97,14.97,14.97,14.97,14.97,14.97,14.97,14.97,14.97,14.97,14.97,14.97,14.97,14.97,14.97,14.97,14.97,14.97,14.97,14.97,14.97,14.97,14.97,14.97,14.97,14.97,14.97,14.97,14.97,14.97,14.97,14.97,14.97,14.97,14.97
2020-10-07 00:00:00,14.98,14.98,14.98,14.98,14.98,14.98,14.98,14.98,14.98,14.98,14.98,14.98,14.98,14.98,14.98,14.98,14.98,14.98,14.98,14.98,14.98,14.98,14.98,14.98,14.98,14.98,14.98,14.98,14.98,14.98,14.98,14.98,14.98,14.98,14.98,14.98,14.98,14.98,14.98,14.98,14.98,14.98,14.98,14.98,14.98,14.98,14.98,14.98,14.98
2020-10-08 00:00:00,15.06,15,14.94,14.94,14.94,14.94,14.94,14.94,14.94,14.94,14.94,14.94,14.94,14.94,14.94,14.94,14.94,14.94,14.94,14.94,14.94,14.94,14.94,14.94,14.94,14.94,14.94,14.94,14.94,14.94,14.94,14.94,14.94,14.94,14.94,14.94,14.94,14.94,14.94,14.94,14.94,14.94,14.94,14.94,14.94,14.94,14.94,14.94,14.94
2020-10-09 00:00:00,15.1,15.1,15.1,15.1,15.1,15.1,15.1,15.1,15.1,15.1,15.1,15.1,15.1,15.1,15.1,15.1,15.1,15.1,15.1,15.08,15.06,15,14.95,14.95,14.95,14.95,14.94,14.94,14.94,14.94,14.94,14.94,14.94,14.94,14.94,14.94,14.94,14.94,14.94,14.94,14.94,14.94,14.94,14.94,14.94,14.94,14.94,14.94,14.94
2020-10-10 00:00:00,15.3,15.3,15.3,15.3,15.3,15.3,15.3,15.3,15.3,15.3,15.3,15.28,15.27,15.2,15.13,15.12,15.11,15.1,15.09,15.07,15.06,15.03,15,14.98,14.97,14.97,14.96,14.96,14.95,14.95,14.95,14.95,14.94,14.94,14.94,14.94,14.94,14.94,14.94,14.94,14.94,14.94,14.94,14.94,14.94,14.94,14.94,14.94,14.94
2020-10-11 00:00:00,15.22,15.22,15.22,15.22,15.22,15.22,15.22,15.22,15.22,15.22,15.22,15.22,15.22,15.22,15.22,15.22,15.22,15.22,15.22,15.2,15.17,15.1,15.02,15.01,14.99,14.98,14.98,14.97,14.96,14.96,14.95,14.95,14.95,14.95,14.95,14.95,14.94,14.94,14.94,14.94,14.94,14.94,14.94,14.94,14.94,14.94,14.94,14.94,14.94
2020-10-12 00:00:00,15.03,15.03,15.03,15.03,15.03,15.03,15.03,15.03,15.03,15.03,15.03,15.03,15.03,15.03,15.03,15.03,15.03,15.03,15.03,15.03,15.03,15.03,15.03,15.03,15.03,15.03,15.03,15.03,15.03,15.03,15.03,15.03,15.03,15.03,15.03,15.03,15.03,15.03,15.03,15.02,15.01,14.97,14.94,14.94,14.94,14.94,14.94,14.94,14.94
2020-10-13 00:00:00,14.74,14.74,14.73,14.73,14.73,14.73,14.73,14.73,14.73,14.73,14.73,14.73,14.73,14.73,14.73,14.73,14.73,14.73,14.73,14.73,14.73,14.73,14.73,14.73,14.73,14.73,14.73,14.73,14.73,14.73,14.73,14.73,14.73,14.73,14.73,14.73,14.73,14.73,14.73,14.73,14.73,14.73,14.73,14.73,14.73,14.73,14.73,14.73,14.73
2020-10-14 00:00:00,14.55,14.54,14.53,14.53,14.53,14.53,14.53,14.53,14.53,14.53,14.53,14.53,14.53,14.53,14.53,14.53,14.53,14.53,14.53,14.53,14.53,14.53,14.53,14.53,14.53,14.53,14.53,14.53,14.53,14.53,14.53,14.53,14.53,14.53,14.53,14.53,14.53,14.53,14.53,14.53,14.53,14.53,14.53,14.53,14.53,14.53,14.53,14.53,14.53
2020-10-15 00:00:00,14.12,14.1,14.08,14.08,14.08,14.08,14.08,14.08,14.08,14.08,14.08,14.08,14.08,14.08,14.08,14.08,14.08,14.08,14.08,14.08,14.08,14.08,14.08,14.08,14.08,14.08,14.08,14.08,14.08,14.08,14.08,14.08,14.08,14.08,14.08,14.08,14.08,14.08,14.08,14.08,14.08,14.08,14.08,14.08,14.08,14.08,14.08,14.08,14.08
2020-10-16 00:00:00,13.69,13.67,13.65,13.65,13.65,13.65,13.65,13.65,13.65,13.65,13.65,13.65,13.65,13.65,13.65,13.65,13.65,13.65,13.65,13.65,13.65,13.65,13.65,13.65,13.65,13.65,13.65,13.65,13.65,13.65,13.65,13.65,13.65,13.65,13.65,13.65,13.65,13.65,13.65,13.65,13.65,13.65,13.65,13.65,13.65,13.65,13.65,13.65,13.65
2020-10-17 00:00:00,13.31,13.3,13.28,13.28,13.28,13.28,13.28,13.28,13.28,13.28,13.28,13.28,13.28,13.28,13.28,13.28,13.28,13.28,13.28,13.28,13.28,13.28,13.28,13.28,13.28,13.28,13.28,13.28,13.28,13.28,13.28,13.28,13.28,13.28,13.28,13.28,13.28,13.28,13.28,13.28,13.28,13.28,13.28,13.28,13.28,13.28,13.28,13.28,13.28
2020-10-18 00:00:00,12.95,12.91,12.88,12.88,12.88,12.88,12.88,12.88,12.88,12.88,12.88,12.88,12.88,12.88,12.88,12.88,12.88,12.88,12.88,12.88,12.88,12.88,12.88,12.88,12.88,12.88,12.88,12.88,12.88,12.88,12.88,12.88,12.88,12.88,12.88,12.88,12.88,12.88,12.88,12.88,12.88,12.88,12.88,12.88,12.88,12.88,12.88,12.88,12.88
2020-10-19 00:00:00,12.7,12.68,12.66,12.66,12.66,12.66,12.66,12.66,12.66,12.66,12.66,12.66,12.66,12.66,12.66,12.66,12.66,12.66,12.66,12.66,12.66,12.66,12.66,12.66,12.66,12.66,12.66,12.66,12.66,12.66,12.66,12.66,12.66,12.66,12.66,12.66,12.66,12.66,12.66,12.66,12.66,12.66,12.66,12.66,12.66,12.66,12.66,12.66,12.66
2020-10-20 00:00:00,12.45,12.45,12.45,12.45,12.45,12.45,12.45,12.45,12.45,12.45,12.45,12.45,12.45,12.45,12.45,12.45,12.45,12.45,12.45,12.45,12.45,12.45,12.45,12.45,12.45,12.45,12.45,12.45,12.45,12.45,12.45,12.45,12.45,12.45,12.45,12.45,12.45,12.45,12.45,12.45,12.45,12.45,12.44,12.44,12.44,12.44,12.44,12.44,12.44
2020-10-21 00:00:00,12.37,12.36,12.35,12.35,12.35,12.35,12.35,12.35,12.35,12.35,12.35,12.35,12.35,12.35,12.35,12.35,12.35,12.35,12.35,12.35,12.35,12.35,12.35,12.35,12.35,12.35,12.35,12.35,12.35,12.35,12.35,12.35,12.35,12.35,12.35,12.35,12.35,12.35,12.35,12.35,12.35,12.35,12.35,12.35,12.35,12.35,12.35,12.35,12.35
2020-10-22 00:00:00,12.21,12.21,12.2,12.2,12.2,12.2,12.2,12.2,12.2,12.2,12.2,12.2,12.2,12.2,12.2,12.2,12.2,12.2,12.2,12.2,12.2,12.2,12.2,12.2,12.2,12.2,12.2,12.2,12.2,12.2,12.2,12.2,12.2,12.2,12.2,12.2,12.2,12.2,12.2,12.2,12.2,12.2,12.2,12.2,12.2,12.2,12.2,12.2,12.2
2020-10-23 00:00:00,11.87,11.83,11.8,11.8,11.8,11.8,11.8,11.8,11.8,11.8,11.8,11.8,11.8,11.8,11.8,11.8,11.8,11.8,11.8,11.8,11.8,11.8,11.8,11.8,11.8,11.8,11.8,11.8,11.8,11.8,11.8,11.8,11.8,11.8,11.8,11.8,11.8,11.8,11.8,11.8,11.8,11.8,11.8,11.8,11.8,11.8,11.8,11.8,11.8
2020-10-24 00:00:00,11.59,11.57,11.54,11.54,11.54,11.54,11.54,11.54,11.54,11.54,11.54,11.54,11.54,11.54,11.54,11.54,11.54,11.54,11.54,11.54,11.54,11.54,11.54,11.54,11.54,11.54,11.54,11.54,11.54,11.54,11.54,11.54,11.54,11.54,11.54,11.54,11.54,11.54,11.54,11.54,11.54,11.54,11.54,11.54,11.54,11.54,11.54,11.54,11.54
2020-10-25 00:00:00,11.23,11.23,11.22,11.22,11.22,11.22,11.22,11.22,11.22,11.22,11.22,11.22,11.22,11.22,11.22,11.22,11.22,11.22,11.22,11.22,11.22,11.22,11.22,11.22,11.22,11.22,11.22,11.22,11.22,11.22,11.22,11.22,11.22,11.22,11.22,11.22,11.22,11.22,11.22,11.22,11.22,11.22,11.22,11.22,11.22,11.22,11.22,11.22,11.22
2020-10-26 00:00:00,10.8,10.79,10.77,10.77,10.77,10.77,10.77,10.77,10.77,10.77,10.77,10.77,10.77,10.77,10.77,10.77,10.77,10.77,10.77,10.77,10.77,10.77,10.77,10.77,10.77,10.77,10.77,10.77,10.77,10.77,10.77,10.77,10.77,10.77,10.77,10.77,10.77,10.77,10.77,10.77,10.77,10.77,10.77,10.77,10.77,10.77,10.77,10.77,10.77
2020-10-27 00:00:00,10.53,10.5,10.48,10.48,10.48,10.48,10.48,10.48,10.48,10.48,10.48,10.48,10.48,10.48,10.48,10.48,10.48,10.48,10.48,10.48,10.48,10.48,10.48,10.48,10.48,10.48,10.48,10.48,10.48,10.48,10.48,10.48,10.48,10.48,10.48,10.48,10.48,10.48,10.48,10.48,10.48,10.48,10.48,10.48,10.48,10.48,10.48,10.48,10.48
2020-10-28 00:00:00,10.23,10.21,10.19,10.19,10.19,10.19,10.19,10.19,10.19,10.19,10.19,10.19,10.19,10.19,10.19,10.19,10.19,10.19,10.19,10.19,10.19,10.19,10.19,10.19,10.19,10.19,10.19,10.19,10.19,10.19,10.19,10.19,10.19,10.19,10.19,10.19,10.19,10.19,10.19,10.19,10.19,10.19,10.19,10.19,10.19,10.19,10.19,10.19,10.19
2020-10-29 00:00:00,9.93,9.91,9.89,9.89,9.89,9.89,9.89,9.89,9.89,9.89,9.89,9.89,9.89,9.89,9.89,9.89,9.89,9.89,9.89,9.89,9.89,9.89,9.89,9.89,9.89,9.89,9.89,9.89,9.89,9.89,9.89,9.89,9.89,9.89,9.89,9.89,9.89,9.89,9.89,9.89,9.89,9.89,9.89,9.89,9.89,9.89,9.89,9.89,9.89
2020-10-30 00:00:00,9.76,9.75,9.74,9.74,9.74,9.74,9.74,9.74,9.74,9.74,9.74,9.74,9.74,9.74,9.74,9.74,9.74,9.74,9.74,9.74,9.74,9.74,9.74,9.74,9.74,9.74,9.74,9.74,9.74,9.74,9.74,9.74,9.74,9.74,9.74,9.74,9.74,9.74,9.74,9.74,9.74,9.74,9.74,9.74,9.74,9.74,9.74,9.74,9.74
2020-10-31 00:00:00,9.53,9.52,9.5,9.5,9.5,9.5,9.5,9.5,9.5,9.5,9.5,9.5,9.5,9.5,9.5,9.5,9.5,9.5,9.5,9.5,9.5,9.5,9.5,9.5,9.5,9.5,9.5,9.5,9.5,9.5,9.5,9.5,9.5,9.5,9.5,9.5,9.5,9.5,9.5,9.5,9.5,9.5,9.5,9.5,9.5,9.5,9.5,9.5,9.5
2020-11-01 00:00:00,9.06,9,8.94,8.94,8.94,8.94,8.94,8.94,8.94,8.94,8.94,8.94,8.94,8.94,8.94,8.94,8.94,8.94,8.94,8.94,8.94,8.94,8.94,8.94,8.94,8.94,8.94,8.94,8.94,8.94,8.94,8.94,8.94,8.94,8.94,8.94,8.94,8.94,8.94,8.94,8.94,8.94,8.94,8.94,8.94,8.94,8.94,8.94,8.94
2020-11-02 00:00:00,8.7,8.67,8.65,8.65,8.65,8.65,8.65,8.65,8.65,8.65,8.65,8.65,8.65,8.65,8.65,8.65,8.65,8.65,8.65,8.65,8.65,8.65,8.65,8.65,8.65,8.65,8.65,8.65,8.65,8.65,8.65,8.65,8.65,8.65,8.65,8.65,8.65,8.65,8.65,8.65,8.65,8.65,8.65,8.65,8.65,8.65,8.65,8.65,8.65
2020-11-03 00:00:00,8.66,8.63,8.61,8.61,8.61,8.61,8.61,8.61,8.61,8.61,8.61,8.61,8.61,8.61,8.61,8.61,8.61,8.61,8.61,8.61,8.61,8.61,8.61,8.61,8.61,8.61,8.61,8.61,8.61,8.61,8.61,8.61,8.61,8.61,8.61,8.61,8.61,8.61,8.61,8.61,8.61,8.61,8.61,8.61,8.61,8.61,8.61,8.61,8.61
2020-11-04 00:00:00,8.75,8.75,8.75,8.75,8.75,8.75,8.75,8.75,8.75,8.75,8.75,8.75,8.75,8.75,8.75,8.75,8.75,8.75,8.75,8.75,8.75,8.73,8.7,8.66,8.61,8.61,8.61,8.61,8.61,8.61,8.61,8.61,8.61,8.61,8.61,8.61,8.61,8.61,8.61,8.61,8.61,8.61,8.61,8.61,8.61,8.61,8.61,8.61,8.61
2020-11-05 00:00:00,9.01,9.01,9.01,9.01,9.01,9.01,9.01,9.01,9.01,9.01,9.01,8.91,8.8,8.79,8.78,8.77,8.76,8.76,8.75,8.74,8.73,8.71,8.7,8.68,8.66,8.65,8.63,8.63,8.62,8.62,8.62,8.62,8.61,8.61,8.61,8.61,8.61,8.61,8.61,8.61,8.61,8.61,8.61,8.61,8.61,8.61,8.61,8.61,8.61
2020-11-06 00:00:00,9.23,9.23,9.23,9.23,9.23,9.23,9.23,9.23,9.23,9.23,9.23,9.23,9.23,9.1,8.98,8.89,8.79,8.78,8.76,8.75,8.74,8.72,8.71,8.69,8.68,8.66,8.65,8.64,8.64,8.63,8.63,8.62,8.62,8.62,8.62,8.61,8.61,8.61,8.61,8.61,8.61,8.61,8.61,8.61,8.61,8.61,8.61,8.61,8.61
2020-11-07 00:00:00,9.45,9.45,9.45,9.45,9.45,9.45,9.45,9.45,9.45,9.45,9.45,9.45,9.45,9.44,9.44,9.16,8.88,8.85,8.81,8.79,8.76,8.75,8.73,8.71,8.69,8.68,8.67,8.66,8.65,8.64,8.64,8.63,8.63,8.62,8.62,8.62,8.62,8.62,8.62,8.61,8.61,8.61,8.61,8.61,8.61,8.61,8.61,8.61,8.61
2020-11-08 00:00:00,9.71,9.71,9.71,9.71,9.71,9.71,9.71,9.71,9.71,9.71,9.71,9.71,9.71,9.64,9.57,9.28,9,8.94,8.89,8.85,8.81,8.79,8.76,8.74,8.72,8.7,8.69,8.68,8.66,8.66,8.65,8.64,8.64,8.63,8.63,8.63,8.62,8.62,8.62,8.62,8.62,8.62,8.62,8.61,8.61,8.61,8.61,8.61,8.61
2020-11-09 00:00:00,10.1,10.1,10.1,10.1,10.1,10.1,10.1,10.1,10.1,10.1,10.1,10.1,10.1,10.09,10.08,9.59,9.11,9.04,8.97,8.92,8.88,8.84,8.8,8.78,8.75,8.73,8.71,8.7,8.68,8.67,8.66,8.65,8.65,8.64,8.64,8.63,8.63,8.63,8.62,8.62,8.62,8.62,8.62,8.62,8.62,8.62,8.62,8.62,8.62
2020-11-10 00:00:00,10.33,10.33,10.33,10.33,10.33,10.33,10.33,10.33,10.33,10.33,10.32,10.17,10.02,9.96,9.9,9.58,9.26,9.16,9.07,9.01,8.95,8.9,8.86,8.83,8.79,8.77,8.74,8.72,8.71,8.69,8.68,8.67,8.66,8.65,8.65,8.64,8.64,8.63,8.63,8.63,8.63,8.62,8.62,8.62,8.62,8.62,8.62,8.62,8.62
2020-11-11 00:00:00,9.43,9.43,9.43,9.43,9.43,9.43,9.43,9.43,9.43,9.43,9.43,9.43,9.43,9.43,9.43,9.43,9.43,9.43,9.43,9.29,9.15,9.03,8.9,8.87,8.83,8.8,8.78,8.75,8.73,8.72,8.7,8.69,8.68,8.67,8.66,8.65,8.65,8.64,8.64,8.64,8.63,8.63,8.63,8.63,8.63,8.63,8.63,8.62,8.62
2020-11-12 00:00:00,9.15,9.15,9.15,9.15,9.15,9.15,9.15,9.15,9.15,9.15,9.15,9.15,9.15,9.15,9.15,9.15,9.15,9.15,9.15,9.15,9.15,9.13,9.11,8.99,8.87,8.84,8.81,8.78,8.76,8.74,8.72,8.71,8.69,8.68,8.67,8.67,8.66,8.65,8.65,8.65,8.64,8.64,8.64,8.64,8.63,8.63,8.63,8.63,8.63
2020-11-13 00:00:00,8.78,8.7,8.61,8.61,8.61,8.61,8.61,8.61,8.61,8.61,8.61,8.61,8.61,8.61,8.61,8.61,8.61,8.61,8.61,8.61,8.61,8.61,8.61,8.61,8.61,8.61,8.61,8.61,8.61,8.61,8.61,8.61,8.61,8.61,8.61,8.61,8.61,8.61,8.61,8.61,8.61,8.61,8.61,8.61,8.61,8.61,8.61,8.61,8.61
2020-11-14 00:00:00,8.43,8.35,8.28,8.28,8.28,8.28,8.28,8.28,8.28,8.28,8.28,8.28,8.28,8.28,8.28,8.28,8.28,8.28,8.28,8.28,8.28,8.28,8.28,8.28,8.28,8.28,8.28,8.28,8.28,8.28,8.28,8.28,8.28,8.28,8.28,8.28,8.28,8.28,8.28,8.28,8.28,8.28,8.28,8.28,8.28,8.28,8.28,8.28,8.28
2020-11-15 00:00:00,8.15,8.06,7.97,7.97,7.97,7.97,7.97,7.97,7.97,7.97,7.97,7.97,7.97,7.97,7.97,7.97,7.97,7.97,7.97,7.97,7.97,7.97,7.97,7.97,7.97,7.97,7.97,7.97,7.97,7.97,7.97,7.97,7.97,7.97,7.97,7.97,7.97,7.97,7.97,7.97,7.97,7.97,7.97,7.97,7.97,7.97,7.97,7.97,7.97
2020-11-16 00:00:00,7.89,7.8,7.7,7.7,7.7,7.7,7.7,7.7,7.7,7.7,7.7,7.7,7.7,7.7,7.7,7.7,7.7,7.7,7.7,7.7,7.7,7.7,7.7,7.7,7.7,7.7,7.7,7.7,7.7,7.7,7.7,7.7,7.7,7.7,7.7,7.7,7.7,7.7,7.7,7.7,7.7,7.7,7.7,7.7,7.7,7.7,7.7,7.7,7.7
2020-11-17 00:00:00,7.54,7.47,7.41,7.41,7.41,7.41,7.41,7.41,7.41,7.41,7.41,7.41,7.41,7.41,7.41,7.41,7.41,7.41,7.41,7.41,7.41,7.41,7.41,7.41,7.41,7.41,7.41,7.41,7.41,7.41,7.41,7.41,7.41,7.41,7.41,7.41,7.41,7.41,7.41,7.41,7.41,7.41,7.41,7.41,7.41,7.41,7.41,7.41,7.41
2020-11-18 00:00:00,7.2,7.16,7.12,7.12,7.12,7.12,7.12,7.12,7.12,7.12,7.12,7.12,7.12,7.12,7.12,7.12,7.12,7.12,7.12,7.12,7.12,7.12,7.12,7.12,7.12,7.12,7.12,7.12,7.12,7.12,7.12,7.12,7.12,7.12,7.12,7.12,7.12,7.12,7.12,7.12,7.12,7.12,7.12,7.12,7.12,7.12,7.12,7.12,7.12
2020-11-19 00:00:00,7.27,7.19,7.1,7.1,7.1,7.1,7.1,7.1,7.1,7.1,7.1,7.1,7.1,7.1,7.1,7.1,7.1,7.1,7.1,7.1,7.1,7.1,7.1,7.1,7.1,7.1,7.1,7.1,7.1,7.1,7.1,7.1,7.1,7.1,7.1,7.1,7.1,7.1,7.1,7.1,7.1,7.1,7.1,7.1,7.1,7.1,7.1,7.1,7.1
2020-11-20 00:00:00,7.17,7.11,7.04,7.04,7.04,7.04,7.04,7.04,7.04,7.04,7.04,7.04,7.04,7.04,7.04,7.04,7.04,7.04,7.04,7.04,7.04,7.04,7.04,7.04,7.04,7.04,7.04,7.04,7.04,7.04,7.04,7.04,7.04,7.04,7.04,7.04,7.04,7.04,7.04,7.04,7.04,7.04,7.04,7.04,7.04,7.04,7.04,7.04,7.04
2020-11-21 00:00:00,7.05,6.99,6.92,6.92,6.92,6.92,6.92,6.92,6.92,6.92,6.92,6.92,6.92,6.92,6.92,6.92,6.92,6.92,6.92,6.92,6.92,6.92,6.92,6.92,6.92,6.92,6.92,6.92,6.92,6.92,6.92,6.92,6.92,6.92,6.92,6.92,6.92,6.92,6.92,6.92,6.92,6.92,6.92,6.92,6.92,6.92,6.92,6.92,6.92
