datetime,dens__NA,dens__NA,dens__NA,dens__NA,dens__NA,dens__NA,dens__NA,dens__NA,dens__NA,dens__NA,dens__NA,dens__NA,dens__NA,dens__NA,dens__NA,dens__NA,dens__NA,dens__NA,dens__NA,dens__NA,dens__NA,dens__NA,dens__NA,dens__NA,dens__NA,dens__NA,dens__NA,dens__NA,dens__NA,dens__NA,dens__NA,dens__NA,dens__NA,dens__NA,dens__NA,dens__NA,dens__NA,dens__NA,dens__NA,dens__NA,dens__NA,dens__NA,dens__NA,dens__NA,dens__NA,dens__NA,dens__NA
2020-04-03 00:00:00,999.97,999.97,999.97,999.97,999.97,999.97,999.97,999.97,999.97,999.97,999.97,999.97,999.97,999.97,999.97,999.97,999.97,999.97,999.97,999.97,999.97,999.97,999.97,999.97,999.97,999.97,999.97,999.97,999.97,999.97,999.97,999.97,999.97,999.97,999.97,999.97,999.97,999.97,999.97,999.97,999.97,999.97,999.97,999.97,999.97,999.97,999.97
2020-04-04 00:00:00,999.97,999.97,999.97,999.97,999.97,999.97,999.97,999.97,999.97,999.97,999.97,999.97,999.97,999.97,999.97,999.97,999.97,999.97,999.97,999.97,999.97,999.97,999.97,999.97,999.97,999.97,999.97,999.97,999.97,999.97,999.97,999.97,999.97,999.97,999.97,999.97,999.97,999.97,999.97,999.97,999.97,999.97,999.97,999.97,999.97,999.97,999.97
2020-04-05 00:00:00,999.97,999.97,999.97,999.97,999.97,999.97,999.97,999.97,999.97,999.97,999.97,999.97,999.97,999.97,999.97,999.97,999.97,999.97,999.97,999.97,999.97,999.97,999.97,999.97,999.97,999.97,999.97,999.97,999.97,999.97,999.97,999.97,999.97,999.97,999.97,999.97,999.97,999.97,999.97,999.97,999.97,999.97,999.97,999.97,999.97,999.97,999.97
2020-04-06 00:00:00,999.97,999.97,999.97,999.97,999.97,999.97,999.97,999.97,999.97,999.97,999.97,999.97,999.97,999.97,999.97,999.97,999.97,999.97,999.97,999.97,999.97,999.97,999.97,999.97,999.97,999.97,999.97,999.97,999.97,999.97,999.97,999.97,999.97,999.97,999.97,999.97,999.97,999.97,999.97,999.97,999.97,999.97,999.97,999.97,999.97,999.97,999.97
2020-04-07 00:00:00,999.97,999.97,999.97,999.97,999.97,999.97,999.97,999.97,999.97,999.97,999.97,999.97,999.97,999.97,999.97,999.97,999.97,999.97,999.97,999.97,999.97,999.97,999.97,999.97,999.97,999.97,999.97,999.97,999.97,999.97,999.97,999.97,999.97,999.97,999.97,999.97,999.97,999.97,999.97,999.97,999.97,999.97,999.97,999.97,999.97,999.97,999.97
2020-04-08 00:00:00,999.95,999.95,999.95,999.95,999.95,999.95,999.95,999.95,999.95,999.95,999.95,999.96,999.96,999.96,999.96,999.96,999.96,999.96,999.96,999.96,999.96,999.96,999.96,999.96,999.96,999.96,999.96,999.96,999.96,999.96,999.96,999.96,999.96,999.96,999.96,999.96,999.96,999.96,999.96,999.96,999.96,999.96,999.96,999.96,999.96,999.96,999.96
2020-04-09 00:00:00,999.95,999.95,999.95,999.95,999.95,999.95,999.95,999.95,999.95,999.95,999.95,999.95,999.95,999.95,999.95,999.95,999.95,999.95,999.95,999.95,999.95,999.95,999.95,999.95,999.95,999.95,999.95,999.95,999.95,999.95,999.95,999.95,999.95,999.95,999.95,999.95,999.95,999.95,999.95,999.95,999.95,999.95,999.95,999.95,999.95,999.95,999.95
2020-04-10 00:00:00,999.95,999.95,999.95,999.95,999.95,999.95,999.95,999.95,999.95,999.95,999.95,999.95,999.95,999.95,999.95,999.95,999.95,999.95,999.95,999.95,999.95,999.95,999.95,999.95,999.95,999.95,999.95,999.95,999.95,999.95,999.95,999.95,999.95,999.95,999.95,999.95,999.95,999.95,999.95,999.95,999.95,999.95,999.95,999.95,999.95,999.95,999.95
2020-04-11 00:00:00,999.95,999.95,999.95,999.95,999.95,999.95,999.95,999.95,999.95,999.95,999.95,999.95,999.95,999.95,999.95,999.95,999.95,999.95,999.95,999.95,999.95,999.95,999.95,999.95,999.95,999.95,999.95,999.95,999.95,999.95,999.95,999.95,999.95,999.95,999.95,999.95,999.95,999.95,999.95,999.95,999.95,999.95,999.95,999.95,999.95,999.95,999.95
2020-04-12 00:00:00,999.94,999.94,999.94,999.94,999.94,999.94,999.94,999.94,999.94,999.94,999.94,999.94,999.94,999.94,999.94,999.94,999.94,999.94,999.94,999.94,999.94,999.94,999.94,999.94,999.94,999.94,999.94,999.94,999.94,999.94,999.94,999.94,999.94,999.94,999.94,999.94,999.94,999.94,999.94,999.94,999.94,999.94,999.94,999.94,999.94,999.94,999.94
2020-04-13 00:00:00,999.93,999.93,999.93,999.93,999.93,999.93,999.93,999.93,999.93,999.93,999.93,999.93,999.93,999.93,999.93,999.93,999.93,999.93,999.93,999.93,999.93,999.93,999.93,999.93,999.93,999.93,999.94,999.94,999.94,999.94,999.94,999.94,999.94,999.94,999.94,999.94,999.94,999.94,999.94,999.94,999.94,999.94,999.94,999.94,999.94,999.94,999.94
2020-04-14 00:00:00,999.94,999.94,999.94,999.94,999.94,999.94,999.94,999.94,999.94,999.94,999.94,999.94,999.94,999.94,999.94,999.94,999.94,999.94,999.94,999.94,999.94,999.94,999.94,999.94,999.94,999.94,999.94,999.93,999.93,999.93,999.93,999.93,999.93,999.93,999.93,999.93,999.93,999.93,999.93,999.93,999.93,999.93,999.93,999.93,999.93,999.93,999.93
2020-04-15 00:00:00,999.94,999.94,999.94,999.94,999.94,999.94,999.94,999.94,999.94,999.94,999.94,999.94,999.94,999.94,999.94,999.94,999.94,999.94,999.94,999.94,999.94,999.94,999.94,999.94,999.94,999.94,999.94,999.94,999.94,999.94,999.94,999.94,999.94,999.94,999.94,999.94,999.94,999.94,999.94,999.94,999.94,999.94,999.94,999.94,999.94,999.94,999.94
2020-04-16 00:00:00,999.94,999.94,999.94,999.94,999.94,999.94,999.94,999.94,999.94,999.94,999.94,999.94,999.94,999.94,999.94,999.94,999.94,999.94,999.94,999.94,999.94,999.94,999.94,999.94,999.94,999.94,999.94,999.94,999.94,999.94,999.94,999.94,999.94,999.94,999.94,999.94,999.94,999.94,999.94,999.94,999.94,999.94,999.94,999.94,999.94,999.94,999.94
2020-04-17 00:00:00,999.94,999.94,999.94,999.94,999.94,999.94,999.94,999.94,999.94,999.94,999.94,999.94,999.94,999.94,999.94,999.94,999.94,999.94,999.94,999.94,999.94,999.94,999.94,999.94,999.94,999.94,999.94,999.94,999.94,999.94,999.94,999.94,999.94,999.94,999.94,999.94,999.94,999.94,999.94,999.94,999.94,999.94,999.94,999.94,999.94,999.94,999.94
2020-04-18 00:00:00,999.94,999.94,999.93,999.93,999.93,999.93,999.93,999.93,999.93,999.93,999.93,999.93,999.93,999.93,999.93,999.93,999.93,999.93,999.93,999.93,999.93,999.93,999.93,999.93,999.93,999.93,999.93,999.93,999.93,999.93,999.93,999.93,999.93,999.93,999.93,999.93,999.93,999.93,999.93,999.93,999.93,999.93,999.93,999.93,999.93,999.93,999.93
2020-04-19 00:00:00,999.93,999.93,999.93,999.93,999.93,999.93,999.93,999.93,999.93,999.93,999.93,999.93,999.93,999.93,999.93,999.93,999.93,999.93,999.93,999.93,999.93,999.93,999.93,999.93,999.93,999.93,999.93,999.93,999.93,999.93,999.93,999.93,999.93,999.93,999.93,999.93,999.93,999.93,999.93,999.93,999.93,999.93,999.93,999.93,999.93,999.93,999.93
2020-04-20 00:00:00,999.92,999.92,999.92,999.92,999.92,999.92,999.92,999.92,999.92,999.92,999.92,999.92,999.92,999.92,999.92,999.92,999.92,999.92,999.92,999.92,999.92,999.92,999.92,999.92,999.92,999.92,999.92,999.92,999.92,999.92,999.92,999.92,999.92,999.92,999.92,999.92,999.92,999.92,999.92,999.92,999.92,999.92,999.92,999.92,999.92,999.92,999.92
2020-04-21 00:00:00,999.91,999.91,999.91,999.91,999.91,999.91,999.91,999.91,999.91,999.91,999.91,999.91,999.91,999.91,999.91,999.91,999.91,999.91,999.91,999.91,999.91,999.91,999.91,999.91,999.91,999.91,999.91,999.91,999.92,999.92,999.92,999.92,999.92,999.92,999.92,999.92,999.92,999.92,999.92,999.92,999.92,999.92,999.92,999.92,999.92,999.92,999.92
2020-04-22 00:00:00,999.91,999.91,999.91,999.91,999.91,999.91,999.91,999.91,999.91,999.91,999.91,999.91,999.91,999.91,999.91,999.91,999.91,999.91,999.91,999.91,999.91,999.91,999.91,999.91,999.91,999.91,999.91,999.91,999.91,999.91,999.91,999.91,999.91,999.91,999.91,999.91,999.91,999.91,999.91,999.91,999.91,999.91,999.91,999.91,999.91,999.91,999.91
2020-04-23 00:00:00,999.89,999.89,999.89,999.89,999.89,999.89,999.89,999.89,999.9,999.9,999.9,999.9,999.9,999.9,999.9,999.9,999.9,999.9,999.9,999.9,999.9,999.9,999.91,999.91,999.91,999.91,999.91,999.91,999.91,999.91,999.91,999.91,999.91,999.91,999.91,999.91,999.91,999.91,999.91,999.91,999.91,999.91,999.91,999.91,999.91,999.91,999.91
2020-04-24 00:00:00,999.86,999.86,999.86,999.86,999.86,999.86,999.87,999.87,999.87,999.87,999.87,999.88,999.88,999.88,999.89,999.89,999.89,999.89,999.89,999.89,999.89,999.9,999.9,999.9,999.9,999.9,999.9,999.9,999.9,999.9,999.9,999.9,999.9,999.9,999.9,999.9,999.9,999.9,999.9,999.9,999.9,999.9,999.9,999.9,999.9,999.9,999.9
2020-04-25 00:00:00,999.87,999.87,999.87,999.87,999.87,999.87,999.87,999.87,999.87,999.87,999.87,999.87,999.87,999.87,999.87,999.88,999.88,999.88,999.88,999.88,999.88,999.88,999.88,999.89,999.89,999.89,999.89,999.89,999.89,999.89,999.89,999.89,999.89,999.89,999.89,999.89,999.89,999.89,999.89,999.89,999.89,999.89,999.89,999.89,999.89,999.89,999.89
2020-04-26 00:00:00,999.87,999.87,999.87,999.86,999.86,999.86,999.86,999.86,999.86,999.86,999.86,999.86,999.86,999.86,999.86,999.86,999.86,999.86,999.87,999.87,999.87,999.87,999.87,999.87,999.87,999.87,999.87,999.87,999.87,999.87,999.87,999.87,999.87,999.87,999.87,999.87,999.87,999.87,999.87,999.87,999.87,999.87,999.87,999.87,999.87,999.87,999.87
2020-04-27 00:00:00,999.83,999.83,999.83,999.83,999.83,999.83,999.83,999.84,999.84,999.84,999.85,999.85,999.85,999.86,999.86,999.86,999.86,999.86,999.86,999.86,999.86,999.87,999.87,999.87,999.87,999.87,999.87,999.87,999.87,999.87,999.87,999.87,999.87,999.87,999.87,999.87,999.87,999.87,999.87,999.87,999.87,999.87,999.87,999.87,999.87,999.87,999.87
2020-04-28 00:00:00,999.84,999.84,999.84,999.84,999.84,999.84,999.84,999.84,999.84,999.84,999.84,999.84,999.84,999.84,999.84,999.84,999.84,999.84,999.84,999.84,999.84,999.84,999.84,999.84,999.84,999.84,999.84,999.84,999.84,999.84,999.84,999.84,999.84,999.84,999.84,999.84,999.84,999.84,999.84,999.84,999.84,999.84,999.84,999.84,999.84,999.84,999.84
2020-04-29 00:00:00,999.8,999.8,999.8,999.8,999.8,999.8,999.81,999.81,999.81,999.81,999.81,999.81,999.81,999.81,999.82,999.82,999.82,999.82,999.82,999.82,999.82,999.82,999.82,999.83,999.83,999.83,999.83,999.83,999.83,999.83,999.83,999.83,999.83,999.83,999.83,999.83,999.83,999.83,999.83,999.83,999.83,999.83,999.83,999.83,999.83,999.83,999.83
2020-04-30 00:00:00,999.81,999.81,999.81,999.81,999.81,999.81,999.81,999.81,999.81,999.81,999.81,999.81,999.81,999.81,999.81,999.81,999.81,999.81,999.81,999.81,999.81,999.81,999.81,999.81,999.81,999.81,999.81,999.81,999.81,999.81,999.81,999.81,999.81,999.81,999.81,999.81,999.81,999.81,999.81,999.81,999.81,999.81,999.81,999.81,999.81,999.81,999.81
2020-05-01 00:00:00,999.8,999.8,999.8,999.8,999.8,999.8,999.8,999.8,999.8,999.8,999.8,999.79,999.79,999.79,999.79,999.79,999.79,999.79,999.79,999.79,999.79,999.79,999.79,999.79,999.79,999.79,999.8,999.8,999.8,999.8,999.8,999.8,999.8,999.8,999.8,999.8,999.8,999.8,999.8,999.8,999.8,999.8,999.8,999.8,999.8,999.8,999.8
2020-05-02 00:00:00,999.77,999.77,999.77,999.77,999.77,999.77,999.77,999.77,999.77,999.77,999.77,999.77,999.77,999.77,999.77,999.78,999.78,999.78,999.78,999.78,999.78,999.78,999.78,999.78,999.78,999.79,999.79,999.79,999.79,999.79,999.79,999.79,999.79,999.79,999.79,999.79,999.79,999.79,999.79,999.79,999.79,999.79,999.79,999.79,999.79,999.79,999.79
2020-05-03 00:00:00,999.75,999.75,999.75,999.75,999.75,999.75,999.75,999.75,999.75,999.75,999.75,999.75,999.75,999.75,999.75,999.75,999.75,999.75,999.75,999.75,999.75,999.75,999.75,999.75,999.75,999.75,999.75,999.75,999.75,999.75,999.75,999.75,999.75,999.75,999.75,999.75,999.75,999.75,999.75,999.75,999.75,999.75,999.75,999.75,999.75,999.75,999.75
2020-05-04 00:00:00,999.71,999.71,999.71,999.7,999.7,999.7,999.7,999.71,999.71,999.71,999.71,999.71,999.72,999.72,999.72,999.72,999.73,999.73,999.73,999.74,999.74,999.74,999.75,999.75,999.75,999.75,999.75,999.75,999.75,999.75,999.75,999.75,999.75,999.75,999.75,999.75,999.75,999.75,999.75,999.75,999.75,999.75,999.75,999.75,999.75,999.75,999.75
2020-05-05 00:00:00,999.71,999.71,999.71,999.71,999.71,999.71,999.71,999.71,999.71,999.71,999.71,999.71,999.71,999.71,999.71,999.71,999.71,999.71,999.71,999.71,999.71,999.71,999.71,999.71,999.71,999.71,999.71,999.71,999.71,999.71,999.71,999.71,999.72,999.72,999.72,999.72,999.72,999.72,999.72,999.72,999.72,999.72,999.72,999.72,999.72,999.72,999.72
2020-05-06 00:00:00,999.69,999.69,999.69,999.69,999.69,999.69,999.69,999.69,999.69,999.69,999.69,999.69,999.69,999.7,999.7,999.7,999.7,999.7,999.7,999.7,999.7,999.7,999.71,999.71,999.71,999.71,999.71,999.71,999.71,999.71,999.71,999.71,999.71,999.71,999.71,999.71,999.71,999.71,999.71,999.71,999.71,999.71,999.71,999.71,999.71,999.71,999.71
2020-05-07 00:00:00,999.68,999.68,999.68,999.68,999.68,999.68,999.68,999.68,999.68,999.68,999.68,999.68,999.68,999.68,999.68,999.68,999.68,999.68,999.68,999.68,999.68,999.68,999.69,999.69,999.69,999.69,999.69,999.69,999.69,999.69,999.69,999.69,999.69,999.69,999.69,999.69,999.69,999.69,999.69,999.69,999.69,999.69,999.69,999.69,999.69,999.69,999.69
2020-05-08 00:00:00,999.67,999.67,999.67,999.67,999.67,999.67,999.67,999.67,999.67,999.67,999.67,999.67,999.67,999.67,999.67,999.67,999.67,999.67,999.67,999.67,999.67,999.67,999.67,999.66,999.66,999.66,999.66,999.66,999.66,999.66,999.66,999.66,999.66,999.67,999.67,999.67,999.67,999.67,999.67,999.67,999.67,999.67,999.67,999.67,999.67,999.67,999.67
2020-05-09 00:00:00,999.68,999.68,999.68,999.68,999.68,999.68,999.68,999.68,999.68,999.68,999.68,999.68,999.68,999.68,999.68,999.68,999.68,999.68,999.67,999.67,999.67,999.67,999.67,999.67,999.67,999.67,999.67,999.67,999.67,999.67,999.67,999.67,999.67,999.67,999.67,999.67,999.67,999.67,999.67,999.67,999.67,999.67,999.67,999.67,999.67,999.67,999.67
2020-05-10 00:00:00,999.66,999.66,999.65,999.65,999.65,999.65,999.65,999.65,999.65,999.65,999.65,999.66,999.66,999.66,999.66,999.66,999.67,999.67,999.67,999.67,999.67,999.68,999.68,999.68,999.68,999.68,999.68,999.68,999.68,999.68,999.68,999.68,999.68,999.68,999.68,999.68,999.68,999.68,999.68,999.68,999.68,999.68,999.68,999.68,999.68,999.68,999.68
2020-05-11 00:00:00,999.67,999.67,999.67,999.67,999.67,999.67,999.67,999.67,999.67,999.67,999.67,999.67,999.67,999.67,999.67,999.67,999.67,999.67,999.67,999.67,999.67,999.67,999.67,999.67,999.67,999.67,999.67,999.67,999.67,999.67,999.67,999.67,999.67,999.67,999.67,999.67,999.67,999.67,999.67,999.67,999.67,999.67,999.67,999.67,999.67,999.67,999.67
2020-05-12 00:00:00,999.66,999.66,999.66,999.66,999.66,999.66,999.66,999.66,999.66,999.66,999.66,999.66,999.66,999.66,999.66,999.66,999.66,999.66,999.66,999.66,999.66,999.66,999.66,999.66,999.66,999.66,999.66,999.66,999.66,999.66,999.66,999.66,999.66,999.66,999.66,999.66,999.66,999.66,999.66,999.66,999.66,999.66,999.66,999.66,999.66,999.66,999.66
2020-05-13 00:00:00,999.63,999.63,999.63,999.63,999.63,999.63,999.63,999.63,999.63,999.63,999.63,999.63,999.64,999.64,999.64,999.65,999.65,999.65,999.66,999.66,999.66,999.66,999.66,999.66,999.66,999.66,999.67,999.67,999.67,999.67,999.67,999.67,999.67,999.67,999.67,999.67,999.67,999.67,999.67,999.67,999.67,999.67,999.67,999.67,999.67,999.67,999.67
2020-05-14 00:00:00,999.63,999.62,999.62,999.62,999.62,999.62,999.62,999.62,999.62,999.62,999.62,999.62,999.62,999.62,999.62,999.62,999.62,999.63,999.63,999.63,999.63,999.63,999.63,999.63,999.63,999.63,999.63,999.63,999.63,999.63,999.63,999.63,999.63,999.63,999.63,999.63,999.63,999.63,999.63,999.63,999.63,999.63,999.63,999.63,999.63,999.63,999.63
2020-05-15 00:00:00,999.55,999.56,999.56,999.56,999.56,999.56,999.56,999.56,999.56,999.57,999.57,999.57,999.57,999.58,999.58,999.58,999.58,999.58,999.59,999.59,999.59,999.59,999.59,999.59,999.59,999.6,999.6,999.6,999.6,999.6,999.6,999.6,999.6,999.6,999.6,999.6,999.6,999.61,999.61,999.61,999.61,999.61,999.61,999.61,999.61,999.61,999.61
2020-05-16 00:00:00,999.49,999.49,999.49,999.49,999.49,999.49,999.49,999.49,999.5,999.51,999.51,999.52,999.52,999.53,999.54,999.54,999.55,999.55,999.55,999.56,999.56,999.56,999.57,999.57,999.57,999.57,999.58,999.58,999.58,999.58,999.58,999.58,999.59,999.59,999.59,999.59,999.59,999.59,999.59,999.59,999.59,999.59,999.59,999.59,999.59,999.59,999.59
2020-05-17 00:00:00,999.47,999.46,999.46,999.46,999.47,999.47,999.47,999.47,999.47,999.47,999.47,999.47,999.48,999.48,999.48,999.49,999.49,999.49,999.5,999.5,999.5,999.51,999.51,999.51,999.52,999.52,999.53,999.53,999.53,999.54,999.54,999.54,999.54,999.54,999.54,999.54,999.54,999.54,999.54,999.55,999.55,999.55,999.55,999.55,999.55,999.55,999.55
2020-05-18 00:00:00,999.47,999.47,999.47,999.47,999.47,999.47,999.47,999.47,999.47,999.47,999.47,999.47,999.47,999.47,999.47,999.47,999.47,999.47,999.47,999.47,999.47,999.47,999.47,999.47,999.47,999.47,999.47,999.47,999.47,999.47,999.47,999.47,999.47,999.47,999.47,999.47,999.47,999.47,999.47,999.47,999.47,999.47,999.47,999.47,999.47,999.47,999.47
2020-05-19 00:00:00,999.46,999.46,999.46,999.46,999.46,999.46,999.46,999.46,999.46,999.46,999.46,999.46,999.46,999.46,999.46,999.46,999.46,999.46,999.46,999.46,999.46,999.46,999.46,999.46,999.46,999.46,999.46,999.46,999.46,999.46,999.46,999.46,999.46,999.46,999.46,999.46,999.46,999.46,999.46,999.46,999.46,999.46,999.46,999.46,999.46,999.46,999.46
2020-05-20 00:00:00,999.44,999.44,999.44,999.44,999.44,999.44,999.44,999.44,999.44,999.44,999.44,999.44,999.44,999.44,999.44,999.44,999.44,999.44,999.44,999.44,999.44,999.44,999.44,999.44,999.44,999.45,999.45,999.45,999.45,999.45,999.45,999.45,999.45,999.45,999.45,999.45,999.45,999.45,999.45,999.45,999.45,999.45,999.45,999.45,999.45,999.45,999.45
2020-05-21 00:00:00,999.39,999.39,999.39,999.39,999.39,999.39,999.39,999.39,999.39,999.39,999.39,999.39,999.39,999.39,999.39,999.39,999.4,999.4,999.4,999.4,999.4,999.4,999.4,999.41,999.41,999.41,999.41,999.41,999.41,999.41,999.41,999.42,999.42,999.42,999.42,999.42,999.42,999.42,999.42,999.42,999.42,999.42,999.42,999.42,999.42,999.42,999.42
2020-05-22 00:00:00,999.32,999.32,999.32,999.32,999.32,999.32,999.32,999.32,999.33,999.33,999.34,999.34,999.34,999.35,999.35,999.36,999.36,999.36,999.37,999.37,999.37,999.38,999.38,999.38,999.38,999.39,999.39,999.39,999.39,999.39,999.4,999.4,999.4,999.4,999.4,999.4,999.4,999.4,999.4,999.4,999.4,999.4,999.4,999.4,999.4,999.4,999.4
2020-05-23 00:00:00,999.22,999.22,999.22,999.22,999.23,999.23,999.24,999.25,999.26,999.28,999.29,999.3,999.31,999.32,999.33,999.34,999.34,999.35,999.35,999.36,999.36,999.36,999.36,999.37,999.37,999.37,999.38,999.38,999.38,999.38,999.38,999.38,999.38,999.38,999.38,999.38,999.38,999.38,999.38,999.38,999.38,999.38,999.38,999.38,999.38,999.38,999.38
2020-05-24 00:00:00,999.2,999.2,999.2,999.2,999.2,999.2,999.2,999.21,999.22,999.22,999.23,999.24,999.24,999.25,999.26,999.27,999.27,999.28,999.29,999.29,999.3,999.3,999.31,999.32,999.32,999.33,999.33,999.34,999.34,999.35,999.35,999.35,999.35,999.35,999.35,999.36,999.36,999.36,999.36,999.36,999.36,999.36,999.36,999.36,999.36,999.36,999.36
2020-05-25 00:00:00,999.01,999.01,999.01,999.01,999.02,999.03,999.05,999.08,999.11,999.14,999.17,999.2,999.21,999.23,999.24,999.25,999.26,999.27,999.27,999.28,999.28,999.29,999.29,999.3,999.3,999.31,999.31,999.32,999.32,999.32,999.33,999.33,999.33,999.33,999.33,999.33,999.33,999.33,999.33,999.33,999.33,999.33,999.33,999.33,999.33,999.33,999.33
2020-05-26 00:00:00,998.85,998.85,998.85,998.86,998.88,998.9,998.92,998.95,998.98,999.01,999.05,999.08,999.11,999.14,999.17,999.19,999.21,999.23,999.24,999.25,999.26,999.27,999.27,999.28,999.28,999.29,999.3,999.3,999.3,999.31,999.31,999.31,999.31,999.32,999.32,999.32,999.32,999.32,999.32,999.32,999.32,999.32,999.32,999.32,999.32,999.32,999.32
2020-05-27 00:00:00,998.76,998.76,998.76,998.77,998.77,998.79,998.8,998.82,998.86,998.9,998.94,998.98,999.02,999.06,999.09,999.12,999.15,999.17,999.18,999.2,999.21,999.22,999.23,999.24,999.25,999.26,999.27,999.28,999.28,999.29,999.29,999.29,999.29,999.3,999.3,999.3,999.3,999.3,999.3,999.3,999.3,999.3,999.3,999.3,999.3,999.3,999.3
2020-05-28 00:00:00,998.58,998.58,998.58,998.59,998.61,998.64,998.68,998.74,998.8,998.85,998.9,998.95,998.99,999.02,999.05,999.08,999.11,999.13,999.14,999.16,999.17,999.19,999.2,999.21,999.22,999.23,999.24,999.25,999.26,999.26,999.27,999.27,999.28,999.28,999.28,999.28,999.28,999.28,999.28,999.28,999.28,999.28,999.28,999.28,999.28,999.28,999.28
2020-05-29 00:00:00,998.58,998.58,998.58,998.58,998.58,998.59,998.61,998.64,998.7,998.78,998.85,998.9,998.95,998.99,999.03,999.06,999.09,999.11,999.12,999.14,999.15,999.17,999.18,999.19,999.2,999.22,999.23,999.24,999.25,999.25,999.26,999.26,999.26,999.27,999.27,999.27,999.27,999.27,999.27,999.27,999.27,999.27,999.27,999.27,999.27,999.27,999.27
2020-05-30 00:00:00,998.7,998.7,998.7,998.7,998.7,998.7,998.7,998.71,998.73,998.75,998.78,998.81,998.84,998.88,998.91,998.95,998.98,999.01,999.03,999.05,999.08,999.1,999.12,999.13,999.15,999.17,999.18,999.19,999.2,999.21,999.22,999.22,999.23,999.23,999.23,999.23,999.23,999.24,999.24,999.24,999.24,999.24,999.24,999.24,999.24,999.24,999.24
2020-05-31 00:00:00,998.76,998.75,998.75,998.75,998.74,998.74,998.74,998.75,998.76,998.78,998.8,998.82,998.85,998.87,998.9,998.92,998.94,998.96,998.98,999,999.02,999.04,999.06,999.07,999.09,999.11,999.13,999.14,999.15,999.16,999.17,999.17,999.18,999.18,999.18,999.18,999.18,999.19,999.19,999.19,999.19,999.19,999.19,999.19,999.19,999.19,999.19
2020-06-01 00:00:00,998.7,998.7,998.69,998.69,998.69,998.69,998.69,998.71,998.73,998.77,998.79,998.82,998.84,998.86,998.89,998.91,998.93,998.95,998.97,998.98,999,999.02,999.04,999.05,999.07,999.09,999.1,999.11,999.13,999.13,999.14,999.15,999.15,999.16,999.16,999.16,999.16,999.16,999.16,999.16,999.16,999.16,999.16,999.17,999.17,999.17,999.17
2020-06-02 00:00:00,998.83,998.83,998.83,998.83,998.83,998.83,998.83,998.83,998.83,998.84,998.84,998.85,998.85,998.86,998.87,998.87,998.88,998.89,998.9,998.9,998.91,998.92,998.92,998.93,998.94,998.95,998.96,998.97,998.97,998.98,998.98,998.99,998.99,998.99,999,999,999,999,999,999,999.01,999.01,999.01,999.01,999.01,999.01,999.01
2020-06-03 00:00:00,998.65,998.65,998.65,998.66,998.66,998.67,998.68,998.69,998.71,998.72,998.74,998.75,998.77,998.78,998.79,998.81,998.82,998.83,998.84,998.85,998.85,998.86,998.87,998.87,998.88,998.89,998.89,998.9,998.9,998.91,998.91,998.91,998.91,998.92,998.92,998.92,998.92,998.92,998.92,998.92,998.92,998.92,998.92,998.92,998.92,998.92,998.92
2020-06-04 00:00:00,998.43,998.43,998.43,998.43,998.44,998.46,998.5,998.55,998.6,998.64,998.68,998.7,998.72,998.74,998.76,998.78,998.79,998.8,998.81,998.82,998.83,998.84,998.85,998.85,998.86,998.87,998.87,998.88,998.88,998.89,998.89,998.89,998.89,998.9,998.9,998.9,998.9,998.9,998.9,998.9,998.9,998.9,998.9,998.9,998.9,998.9,998.9
2020-06-05 00:00:00,998.24,998.24,998.24,998.24,998.28,998.33,998.4,998.45,998.51,998.56,998.61,998.64,998.68,998.7,998.73,998.75,998.77,998.78,998.8,998.8,998.81,998.82,998.83,998.84,998.85,998.86,998.87,998.87,998.88,998.88,998.88,998.89,998.89,998.89,998.89,998.89,998.89,998.89,998.89,998.89,998.89,998.89,998.89,998.89,998.89,998.89,998.89
2020-06-06 00:00:00,998.06,998.06,998.06,998.06,998.07,998.11,998.2,998.31,998.4,998.48,998.54,998.59,998.63,998.67,998.7,998.73,998.75,998.77,998.78,998.79,998.8,998.81,998.82,998.83,998.84,998.85,998.86,998.87,998.87,998.87,998.88,998.88,998.88,998.88,998.88,998.88,998.89,998.89,998.89,998.89,998.89,998.89,998.89,998.89,998.89,998.89,998.89
2020-06-07 00:00:00,998.05,998.04,998.03,998.03,998.03,998.04,998.1,998.18,998.28,998.38,998.45,998.52,998.57,998.62,998.66,998.69,998.72,998.74,998.76,998.77,998.78,998.8,998.81,998.82,998.83,998.84,998.85,998.86,998.86,998.87,998.87,998.87,998.88,998.88,998.88,998.88,998.88,998.88,998.88,998.88,998.88,998.88,998.88,998.88,998.88,998.88,998.88
2020-06-08 00:00:00,998.1,998.1,998.1,998.1,998.09,998.1,998.11,998.14,998.19,998.24,998.31,998.37,998.44,998.5,998.56,998.61,998.65,998.68,998.7,998.72,998.74,998.76,998.77,998.79,998.8,998.81,998.83,998.83,998.84,998.85,998.85,998.86,998.86,998.86,998.86,998.86,998.86,998.86,998.86,998.86,998.87,998.87,998.87,998.87,998.87,998.87,998.87
2020-06-09 00:00:00,998.07,998.07,998.07,998.07,998.07,998.06,998.07,998.1,998.14,998.2,998.25,998.3,998.35,998.41,998.46,998.51,998.56,998.59,998.62,998.64,998.67,998.69,998.71,998.73,998.75,998.77,998.79,998.8,998.81,998.82,998.82,998.83,998.83,998.83,998.84,998.84,998.84,998.84,998.84,998.84,998.84,998.84,998.84,998.84,998.84,998.84,998.84
2020-06-10 00:00:00,998.17,998.17,998.17,998.18,998.18,998.18,998.18,998.18,998.19,998.22,998.25,998.27,998.3,998.32,998.34,998.37,998.4,998.42,998.45,998.47,998.5,998.52,998.55,998.57,998.59,998.62,998.64,998.66,998.68,998.69,998.7,998.71,998.72,998.73,998.73,998.73,998.74,998.74,998.74,998.74,998.74,998.74,998.75,998.75,998.75,998.75,998.75
2020-06-11 00:00:00,998.28,998.28,998.28,998.28,998.28,998.28,998.27,998.27,998.28,998.28,998.28,998.29,998.3,998.31,998.32,998.33,998.34,998.36,998.37,998.38,998.4,998.41,998.42,998.44,998.45,998.47,998.48,998.5,998.51,998.51,998.52,998.53,998.53,998.54,998.54,998.54,998.55,998.55,998.55,998.55,998.55,998.55,998.55,998.55,998.55,998.55,998.55
2020-06-12 00:00:00,998.33,998.33,998.33,998.33,998.33,998.33,998.33,998.33,998.33,998.32,998.32,998.32,998.32,998.32,998.33,998.33,998.33,998.33,998.33,998.34,998.34,998.34,998.34,998.35,998.35,998.35,998.35,998.36,998.36,998.36,998.36,998.36,998.37,998.37,998.37,998.37,998.37,998.37,998.37,998.37,998.37,998.37,998.37,998.37,998.37,998.37,998.37
2020-06-13 00:00:00,998.21,998.2,998.2,998.2,998.2,998.2,998.21,998.22,998.24,998.26,998.28,998.29,998.3,998.31,998.32,998.32,998.33,998.33,998.33,998.34,998.34,998.34,998.34,998.34,998.34,998.34,998.35,998.35,998.35,998.35,998.35,998.35,998.35,998.35,998.35,998.35,998.35,998.35,998.35,998.35,998.35,998.35,998.35,998.35,998.35,998.35,998.35
2020-06-14 00:00:00,998.27,998.27,998.27,998.27,998.27,998.27,998.27,998.27,998.27,998.27,998.27,998.26,998.26,998.26,998.27,998.27,998.27,998.28,998.28,998.29,998.29,998.29,998.3,998.3,998.31,998.31,998.31,998.32,998.32,998.32,998.32,998.32,998.33,998.33,998.33,998.33,998.33,998.33,998.33,998.33,998.33,998.33,998.33,998.33,998.33,998.33,998.33
2020-06-15 00:00:00,998.3,998.29,998.29,998.29,998.29,998.28,998.27,998.27,998.26,998.26,998.26,998.27,998.27,998.27,998.28,998.28,998.28,998.28,998.29,998.29,998.29,998.29,998.29,998.29,998.3,998.3,998.3,998.3,998.3,998.3,998.3,998.3,998.3,998.3,998.3,998.3,998.3,998.3,998.3,998.3,998.3,998.3,998.3,998.3,998.3,998.3,998.3
2020-06-16 00:00:00,998.26,998.26,998.25,998.25,998.25,998.25,998.25,998.25,998.25,998.25,998.25,998.25,998.25,998.25,998.26,998.26,998.27,998.27,998.27,998.28,998.28,998.28,998.28,998.29,998.29,998.29,998.29,998.29,998.3,998.3,998.3,998.3,998.3,998.3,998.3,998.3,998.3,998.3,998.3,998.3,998.3,998.3,998.3,998.3,998.3,998.3,998.3
2020-06-17 00:00:00,998.17,998.17,998.17,998.17,998.17,998.17,998.17,998.17,998.17,998.19,998.2,998.21,998.22,998.23,998.24,998.25,998.25,998.26,998.26,998.27,998.27,998.27,998.27,998.28,998.28,998.28,998.28,998.28,998.28,998.28,998.28,998.28,998.29,998.29,998.29,998.29,998.29,998.29,998.29,998.29,998.29,998.29,998.29,998.29,998.29,998.29,998.29
2020-06-18 00:00:00,998.1,998.1,998.1,998.1,998.1,998.09,998.09,998.1,998.1,998.11,998.12,998.13,998.15,998.16,998.17,998.19,998.2,998.21,998.21,998.22,998.23,998.23,998.24,998.24,998.25,998.25,998.26,998.26,998.26,998.26,998.27,998.27,998.27,998.27,998.27,998.27,998.27,998.27,998.27,998.27,998.27,998.27,998.27,998.27,998.27,998.27,998.27
2020-06-19 00:00:00,998.03,998.03,998.03,998.03,998.03,998.02,998.02,998.03,998.03,998.05,998.06,998.07,998.08,998.09,998.11,998.12,998.13,998.14,998.15,998.16,998.17,998.18,998.18,998.19,998.2,998.21,998.21,998.22,998.22,998.23,998.23,998.23,998.23,998.23,998.24,998.24,998.24,998.24,998.24,998.24,998.24,998.24,998.24,998.24,998.24,998.24,998.24
2020-06-20 00:00:00,997.84,997.83,997.83,997.84,997.85,997.86,997.89,997.92,997.95,997.98,998.01,998.03,998.05,998.07,998.08,998.1,998.11,998.12,998.13,998.13,998.14,998.15,998.16,998.16,998.17,998.18,998.18,998.19,998.19,998.2,998.2,998.2,998.21,998.21,998.21,998.21,998.21,998.21,998.21,998.21,998.21,998.21,998.21,998.21,998.21,998.21,998.21
2020-06-21 00:00:00,997.75,997.75,997.75,997.75,997.75,997.75,997.78,997.83,997.88,997.93,997.96,997.99,998.02,998.04,998.06,998.08,998.09,998.11,998.11,998.12,998.13,998.14,998.15,998.15,998.16,998.17,998.18,998.18,998.19,998.19,998.19,998.2,998.2,998.2,998.2,998.2,998.2,998.2,998.2,998.2,998.2,998.2,998.2,998.2,998.2,998.2,998.2
2020-06-22 00:00:00,997.62,997.62,997.62,997.62,997.62,997.63,997.66,997.71,997.78,997.84,997.89,997.93,997.96,998,998.02,998.05,998.07,998.08,998.09,998.1,998.11,998.12,998.13,998.14,998.15,998.16,998.17,998.17,998.18,998.18,998.19,998.19,998.19,998.19,998.19,998.19,998.19,998.19,998.19,998.19,998.19,998.2,998.2,998.2,998.2,998.2,998.2
2020-06-23 00:00:00,997.6,997.6,997.6,997.6,997.6,997.6,997.61,997.65,997.71,997.78,997.83,997.88,997.92,997.95,997.99,998.02,998.04,998.06,998.07,998.08,998.1,998.11,998.12,998.13,998.14,998.15,998.16,998.16,998.17,998.17,998.18,998.18,998.18,998.18,998.18,998.18,998.19,998.19,998.19,998.19,998.19,998.19,998.19,998.19,998.19,998.19,998.19
2020-06-24 00:00:00,997.78,997.78,997.77,997.77,997.77,997.77,997.77,997.77,997.77,997.78,997.79,997.81,997.83,997.86,997.89,997.92,997.95,997.97,997.99,998.01,998.03,998.04,998.06,998.07,998.09,998.1,998.11,998.12,998.13,998.14,998.14,998.15,998.15,998.15,998.15,998.16,998.16,998.16,998.16,998.16,998.16,998.16,998.16,998.16,998.16,998.16,998.16
2020-06-25 00:00:00,997.81,997.8,997.79,997.78,997.78,997.78,997.78,997.78,997.79,997.8,997.82,997.83,997.85,997.87,997.89,997.91,997.93,997.94,997.96,997.97,997.98,998,998.01,998.02,998.04,998.05,998.07,998.08,998.08,998.09,998.1,998.1,998.11,998.11,998.11,998.11,998.11,998.12,998.12,998.12,998.12,998.12,998.12,998.12,998.12,998.12,998.12
2020-06-26 00:00:00,997.69,997.69,997.69,997.69,997.69,997.69,997.69,997.71,997.74,997.77,997.8,997.82,997.84,997.86,997.87,997.89,997.91,997.93,997.94,997.95,997.96,997.98,997.99,998,998.02,998.03,998.04,998.05,998.06,998.07,998.08,998.08,998.08,998.09,998.09,998.09,998.09,998.09,998.09,998.09,998.09,998.09,998.09,998.09,998.09,998.09,998.09
2020-06-27 00:00:00,997.66,997.66,997.65,997.65,997.65,997.65,997.66,997.67,997.69,997.71,997.72,997.74,997.76,997.79,997.81,997.83,997.86,997.88,997.89,997.91,997.92,997.94,997.96,997.97,997.98,998,998.01,998.02,998.03,998.04,998.04,998.05,998.05,998.05,998.05,998.06,998.06,998.06,998.06,998.06,998.06,998.06,998.06,998.06,998.06,998.06,998.06
2020-06-28 00:00:00,997.43,997.43,997.43,997.42,997.44,997.47,997.52,997.57,997.61,997.65,997.69,997.71,997.74,997.77,997.79,997.81,997.83,997.85,997.87,997.88,997.9,997.91,997.92,997.94,997.95,997.97,997.98,997.99,998,998.01,998.02,998.02,998.02,998.03,998.03,998.03,998.03,998.03,998.03,998.03,998.03,998.03,998.03,998.04,998.04,998.04,998.04
2020-06-29 00:00:00,997.2,997.2,997.2,997.2,997.23,997.27,997.34,997.43,997.51,997.57,997.62,997.66,997.7,997.73,997.76,997.79,997.81,997.83,997.85,997.86,997.88,997.9,997.91,997.92,997.94,997.96,997.97,997.98,997.99,998,998.01,998.01,998.02,998.02,998.02,998.02,998.02,998.02,998.02,998.02,998.02,998.03,998.03,998.03,998.03,998.03,998.03
2020-06-30 00:00:00,997.2,997.2,997.2,997.2,997.2,997.21,997.24,997.28,997.34,997.41,997.47,997.52,997.57,997.62,997.67,997.71,997.75,997.78,997.8,997.82,997.84,997.86,997.88,997.9,997.91,997.93,997.94,997.96,997.97,997.97,997.98,997.99,997.99,997.99,998,998,998,998,998,998,998,998,998,998,998,998,998
2020-07-01 00:00:00,997.01,997.01,997.01,997.01,997,997.02,997.07,997.15,997.25,997.34,997.41,997.47,997.52,997.57,997.62,997.67,997.7,997.73,997.76,997.78,997.8,997.83,997.85,997.86,997.88,997.9,997.92,997.93,997.94,997.95,997.96,997.97,997.97,997.97,997.98,997.98,997.98,997.98,997.98,997.98,997.98,997.98,997.98,997.98,997.98,997.98,997.98
2020-07-02 00:00:00,996.81,996.81,996.81,996.81,996.81,996.85,996.94,997.05,997.16,997.25,997.34,997.41,997.47,997.53,997.58,997.63,997.67,997.7,997.73,997.76,997.78,997.8,997.83,997.84,997.86,997.89,997.9,997.92,997.93,997.94,997.95,997.95,997.96,997.96,997.96,997.97,997.97,997.97,997.97,997.97,997.97,997.97,997.97,997.97,997.97,997.97,997.97
2020-07-03 00:00:00,996.66,996.66,996.66,996.66,996.66,996.72,996.82,996.94,997.06,997.18,997.27,997.35,997.43,997.49,997.55,997.6,997.65,997.68,997.71,997.74,997.76,997.79,997.81,997.83,997.85,997.88,997.9,997.91,997.92,997.93,997.94,997.95,997.95,997.96,997.96,997.96,997.96,997.96,997.96,997.96,997.96,997.96,997.96,997.96,997.96,997.96,997.96
2020-07-04 00:00:00,996.48,996.45,996.43,996.51,996.56,996.6,996.7,996.84,996.97,997.1,997.21,997.3,997.38,997.45,997.52,997.58,997.63,997.66,997.7,997.72,997.75,997.78,997.8,997.82,997.84,997.87,997.89,997.9,997.92,997.93,997.94,997.94,997.95,997.95,997.95,997.96,997.96,997.96,997.96,997.96,997.96,997.96,997.96,997.96,997.96,997.96,997.96
2020-07-05 00:00:00,996.34,996.34,996.34,996.3,996.39,996.48,996.59,996.72,996.87,997.02,997.14,997.24,997.34,997.42,997.49,997.55,997.6,997.65,997.68,997.71,997.74,997.77,997.79,997.81,997.84,997.86,997.88,997.9,997.91,997.92,997.93,997.94,997.95,997.95,997.95,997.95,997.95,997.95,997.96,997.96,997.96,997.96,997.96,997.96,997.96,997.96,997.96
2020-07-06 00:00:00,996.21,996.21,996.21,996.17,996.21,996.32,996.45,996.61,996.78,996.94,997.08,997.19,997.29,997.38,997.46,997.53,997.58,997.63,997.67,997.7,997.73,997.76,997.79,997.81,997.83,997.86,997.88,997.9,997.91,997.92,997.93,997.94,997.94,997.95,997.95,997.95,997.95,997.95,997.95,997.95,997.95,997.95,997.95,997.95,997.95,997.95,997.95
2020-07-07 00:00:00,996.19,996.19,996.19,996.18,996.18,996.18,996.28,996.46,996.67,996.86,997.01,997.13,997.24,997.34,997.43,997.5,997.56,997.61,997.65,997.68,997.72,997.75,997.78,997.8,997.82,997.85,997.87,997.89,997.9,997.92,997.93,997.93,997.94,997.94,997.94,997.95,997.95,997.95,997.95,997.95,997.95,997.95,997.95,997.95,997.95,997.95,997.95
2020-07-08 00:00:00,996.06,996.06,996.06,996.06,996.05,996.11,996.22,996.38,996.57,996.76,996.93,997.07,997.19,997.29,997.39,997.47,997.53,997.59,997.63,997.66,997.7,997.73,997.76,997.78,997.81,997.84,997.86,997.88,997.9,997.91,997.92,997.93,997.93,997.94,997.94,997.94,997.94,997.94,997.94,997.94,997.94,997.94,997.94,997.94,997.94,997.94,997.94
2020-07-09 00:00:00,996.05,996.05,996.04,996.04,996.04,996.04,996.08,996.23,996.45,996.67,996.85,996.99,997.12,997.24,997.34,997.43,997.5,997.56,997.6,997.64,997.68,997.71,997.74,997.77,997.8,997.83,997.85,997.87,997.89,997.9,997.91,997.92,997.92,997.93,997.93,997.93,997.93,997.94,997.94,997.94,997.94,997.94,997.94,997.94,997.94,997.94,997.94
2020-07-10 00:00:00,996.08,996.07,996.07,996.07,996.07,996.06,996.09,996.2,996.38,996.59,996.77,996.92,997.05,997.18,997.29,997.38,997.46,997.52,997.57,997.61,997.65,997.69,997.72,997.75,997.78,997.81,997.84,997.86,997.87,997.89,997.9,997.91,997.91,997.92,997.92,997.92,997.92,997.92,997.92,997.93,997.93,997.93,997.93,997.93,997.93,997.93,997.93
2020-07-11 00:00:00,996.47,996.45,996.43,996.42,996.42,996.41,996.41,996.43,996.49,996.58,996.68,996.78,996.88,996.99,997.1,997.2,997.29,997.36,997.42,997.48,997.53,997.58,997.62,997.66,997.69,997.74,997.77,997.8,997.82,997.83,997.85,997.86,997.86,997.87,997.87,997.88,997.88,997.88,997.88,997.88,997.88,997.88,997.89,997.89,997.89,997.89,997.89
2020-07-12 00:00:00,996.47,996.47,996.47,996.46,996.46,996.46,996.46,996.47,996.54,996.63,996.72,996.8,996.89,996.98,997.07,997.16,997.23,997.3,997.36,997.41,997.46,997.51,997.56,997.6,997.64,997.69,997.72,997.75,997.78,997.8,997.81,997.82,997.83,997.84,997.84,997.84,997.85,997.85,997.85,997.85,997.85,997.85,997.85,997.85,997.85,997.85,997.85
2020-07-13 00:00:00,996.48,996.48,996.48,996.48,996.48,996.48,996.48,996.48,996.52,996.6,996.69,996.77,996.86,996.95,997.04,997.13,997.2,997.27,997.33,997.37,997.43,997.48,997.53,997.56,997.61,997.66,997.7,997.73,997.75,997.77,997.79,997.8,997.81,997.82,997.82,997.83,997.83,997.83,997.83,997.83,997.83,997.83,997.83,997.83,997.83,997.84,997.84
2020-07-14 00:00:00,996.68,996.63,996.57,996.42,996.4,996.42,996.45,996.48,996.5,996.58,996.68,996.75,996.84,996.92,997.01,997.1,997.18,997.25,997.3,997.35,997.4,997.46,997.5,997.54,997.59,997.64,997.68,997.71,997.74,997.76,997.78,997.79,997.8,997.8,997.81,997.81,997.82,997.82,997.82,997.82,997.82,997.82,997.82,997.82,997.82,997.82,997.82
2020-07-15 00:00:00,996.56,996.51,996.46,996.45,996.45,996.47,996.5,996.53,996.6,996.71,996.8,996.86,996.91,996.97,997.03,997.1,997.16,997.21,997.26,997.3,997.35,997.39,997.44,997.47,997.52,997.57,997.61,997.64,997.67,997.69,997.71,997.72,997.73,997.74,997.75,997.75,997.76,997.76,997.76,997.76,997.76,997.76,997.77,997.77,997.77,997.77,997.77
2020-07-16 00:00:00,996.51,996.49,996.47,996.47,996.46,996.46,996.48,996.52,996.59,996.66,996.74,996.81,996.88,996.95,997.02,997.09,997.15,997.2,997.24,997.28,997.32,997.37,997.4,997.44,997.48,997.53,997.57,997.6,997.63,997.65,997.67,997.68,997.69,997.7,997.7,997.71,997.71,997.71,997.72,997.72,997.72,997.72,997.72,997.72,997.72,997.72,997.72
2020-07-17 00:00:00,996.6,996.54,996.49,996.48,996.48,996.48,996.48,996.49,996.55,996.62,996.69,996.76,996.83,996.91,996.99,997.06,997.12,997.17,997.22,997.26,997.3,997.35,997.39,997.42,997.46,997.51,997.55,997.58,997.61,997.63,997.65,997.66,997.67,997.68,997.68,997.69,997.69,997.69,997.7,997.7,997.7,997.7,997.7,997.7,997.7,997.7,997.7
2020-07-18 00:00:00,996.57,996.45,996.34,996.38,996.41,996.44,996.46,996.49,996.54,996.6,996.66,996.72,996.8,996.88,996.95,997.03,997.09,997.15,997.2,997.24,997.28,997.33,997.37,997.4,997.44,997.49,997.53,997.56,997.59,997.61,997.63,997.64,997.65,997.66,997.66,997.67,997.67,997.67,997.68,997.68,997.68,997.68,997.68,997.68,997.68,997.68,997.68
2020-07-19 00:00:00,996.46,996.46,996.46,996.46,996.46,996.46,996.46,996.48,996.51,996.57,996.64,996.7,996.76,996.82,996.89,996.95,997.01,997.06,997.1,997.15,997.19,997.24,997.28,997.32,997.36,997.41,997.45,997.48,997.51,997.53,997.55,997.56,997.57,997.58,997.58,997.59,997.59,997.59,997.6,997.6,997.6,997.6,997.6,997.6,997.6,997.6,997.6
2020-07-20 00:00:00,996.61,996.6,996.59,996.59,996.58,996.58,996.58,996.58,996.58,996.6,996.63,996.68,996.73,996.79,996.85,996.91,996.96,997,997.04,997.08,997.11,997.15,997.19,997.22,997.26,997.3,997.34,997.36,997.39,997.41,997.43,997.44,997.45,997.46,997.46,997.47,997.47,997.48,997.48,997.48,997.48,997.48,997.48,997.48,997.48,997.48,997.48
2020-07-21 00:00:00,996.57,996.57,996.57,996.57,996.57,996.57,996.56,996.56,996.59,996.62,996.66,996.7,996.74,996.79,996.84,996.89,996.94,996.98,997.02,997.05,997.08,997.12,997.16,997.19,997.22,997.26,997.3,997.32,997.35,997.37,997.38,997.4,997.41,997.41,997.42,997.42,997.42,997.43,997.43,997.43,997.43,997.43,997.43,997.43,997.43,997.43,997.43
2020-07-22 00:00:00,996.67,996.61,996.55,996.53,996.51,996.52,996.53,996.55,996.58,996.62,996.66,996.7,996.74,996.78,996.83,996.88,996.92,996.96,997,997.03,997.07,997.1,997.14,997.17,997.2,997.24,997.27,997.3,997.32,997.34,997.36,997.37,997.38,997.39,997.39,997.39,997.4,997.4,997.4,997.4,997.4,997.4,997.41,997.41,997.41,997.41,997.41
2020-07-23 00:00:00,996.55,996.55,996.55,996.54,996.54,996.54,996.54,996.54,996.54,996.58,996.62,996.67,996.71,996.76,996.81,996.86,996.9,996.94,996.98,997.01,997.05,997.08,997.11,997.14,997.18,997.22,997.25,997.27,997.3,997.32,997.33,997.34,997.35,997.36,997.36,997.37,997.37,997.37,997.37,997.37,997.37,997.38,997.38,997.38,997.38,997.38,997.38
2020-07-24 00:00:00,996.64,996.52,996.41,996.44,996.46,996.48,996.5,996.51,996.53,996.56,996.62,996.67,996.7,996.75,996.79,996.84,996.89,996.93,996.96,996.99,997.03,997.06,997.09,997.12,997.16,997.2,997.23,997.25,997.27,997.29,997.31,997.32,997.33,997.33,997.34,997.34,997.34,997.35,997.35,997.35,997.35,997.35,997.35,997.35,997.35,997.35,997.35
2020-07-25 00:00:00,996.71,996.54,996.37,996.37,996.38,996.39,996.39,996.41,996.48,996.54,996.58,996.63,996.68,996.73,996.78,996.83,996.87,996.91,996.95,996.98,997.01,997.05,997.08,997.11,997.14,997.18,997.22,997.24,997.26,997.28,997.3,997.31,997.32,997.32,997.33,997.33,997.33,997.33,997.33,997.34,997.34,997.34,997.34,997.34,997.34,997.34,997.34
2020-07-26 00:00:00,996.38,996.32,996.26,996.3,996.33,996.36,996.38,996.39,996.41,996.49,996.58,996.62,996.66,996.7,996.76,996.81,996.85,996.89,996.93,996.96,997,997.03,997.06,997.09,997.13,997.17,997.2,997.22,997.24,997.26,997.28,997.29,997.3,997.3,997.3,997.31,997.31,997.31,997.31,997.31,997.32,997.32,997.32,997.32,997.32,997.32,997.32
2020-07-27 00:00:00,996.24,996.24,996.24,996.24,996.24,996.24,996.26,996.31,996.37,996.42,996.48,996.53,996.59,996.66,996.72,996.78,996.83,996.87,996.9,996.93,996.97,997,997.03,997.06,997.09,997.13,997.16,997.18,997.2,997.22,997.24,997.25,997.26,997.26,997.27,997.27,997.27,997.27,997.27,997.28,997.28,997.28,997.28,997.28,997.28,997.28,997.28
2020-07-28 00:00:00,996.43,996.41,996.39,996.37,996.37,996.36,996.36,996.36,996.36,996.38,996.42,996.48,996.54,996.6,996.67,996.73,996.78,996.82,996.86,996.89,996.92,996.96,996.99,997.02,997.05,997.09,997.12,997.14,997.16,997.18,997.19,997.2,997.21,997.22,997.22,997.22,997.23,997.23,997.23,997.23,997.23,997.23,997.23,997.23,997.23,997.23,997.23
2020-07-29 00:00:00,996.86,996.63,996.4,996.33,996.34,996.35,996.36,996.41,996.47,996.5,996.53,996.56,996.59,996.63,996.67,996.71,996.75,996.78,996.81,996.84,996.87,996.91,996.93,996.96,996.99,997.03,997.05,997.08,997.1,997.11,997.13,997.14,997.14,997.15,997.15,997.16,997.16,997.16,997.16,997.17,997.17,997.17,997.17,997.17,997.17,997.17,997.17
2020-07-30 00:00:00,996.46,996.45,996.44,996.44,996.44,996.44,996.43,996.44,996.46,996.49,996.52,996.54,996.57,996.6,996.63,996.67,996.7,996.73,996.76,996.79,996.83,996.86,996.89,996.92,996.95,996.98,997.01,997.03,997.05,997.07,997.08,997.09,997.1,997.11,997.11,997.11,997.12,997.12,997.12,997.12,997.12,997.12,997.12,997.12,997.12,997.12,997.12
2020-07-31 00:00:00,996.52,996.52,996.52,996.52,996.51,996.51,996.51,996.51,996.5,996.5,996.52,996.54,996.57,996.6,996.63,996.66,996.69,996.72,996.74,996.77,996.8,996.83,996.86,996.88,996.91,996.95,996.97,997,997.02,997.03,997.05,997.06,997.06,997.07,997.07,997.08,997.08,997.08,997.08,997.08,997.09,997.09,997.09,997.09,997.09,997.09,997.09
2020-08-01 00:00:00,996.51,996.51,996.51,996.51,996.51,996.5,996.49,996.5,996.51,996.52,996.54,996.55,996.57,996.6,996.62,996.65,996.68,996.71,996.73,996.75,996.78,996.81,996.83,996.86,996.88,996.92,996.94,996.97,996.98,997,997.02,997.03,997.03,997.04,997.04,997.05,997.05,997.05,997.05,997.05,997.05,997.05,997.05,997.05,997.05,997.05,997.05
2020-08-02 00:00:00,996.53,996.52,996.52,996.52,996.52,996.52,996.5,996.47,996.47,996.49,996.51,996.53,996.55,996.58,996.61,996.64,996.67,996.7,996.72,996.74,996.77,996.8,996.82,996.85,996.87,996.91,996.93,996.95,996.97,996.99,997,997.01,997.02,997.02,997.03,997.03,997.03,997.03,997.04,997.04,997.04,997.04,997.04,997.04,997.04,997.04,997.04
2020-08-03 00:00:00,996.71,996.7,996.68,996.68,996.67,996.62,996.56,996.54,996.54,996.55,996.56,996.57,996.58,996.6,996.62,996.65,996.67,996.69,996.71,996.73,996.75,996.78,996.8,996.82,996.84,996.87,996.89,996.91,996.93,996.94,996.95,996.96,996.97,996.97,996.98,996.98,996.98,996.98,996.99,996.99,996.99,996.99,996.99,996.99,996.99,996.99,996.99
2020-08-04 00:00:00,996.9,996.88,996.85,996.85,996.85,996.81,996.71,996.67,996.67,996.67,996.68,996.69,996.69,996.7,996.7,996.71,996.72,996.73,996.73,996.74,996.75,996.77,996.78,996.79,996.8,996.82,996.83,996.84,996.85,996.86,996.87,996.88,996.89,996.89,996.89,996.89,996.9,996.9,996.9,996.9,996.9,996.9,996.9,996.9,996.9,996.9,996.9
2020-08-05 00:00:00,996.98,996.97,996.97,996.97,996.95,996.82,996.77,996.77,996.77,996.77,996.77,996.77,996.77,996.77,996.78,996.78,996.78,996.78,996.79,996.79,996.79,996.79,996.8,996.8,996.8,996.81,996.81,996.81,996.82,996.82,996.82,996.82,996.82,996.82,996.83,996.83,996.83,996.83,996.83,996.83,996.83,996.83,996.83,996.83,996.83,996.83,996.83
2020-08-06 00:00:00,997.53,997.11,996.67,996.73,996.74,996.75,996.76,996.77,996.78,996.79,996.8,996.8,996.81,996.81,996.81,996.81,996.81,996.82,996.82,996.82,996.82,996.82,996.82,996.82,996.82,996.82,996.82,996.82,996.82,996.82,996.82,996.82,996.82,996.82,996.82,996.82,996.82,996.82,996.82,996.82,996.82,996.82,996.82,996.82,996.82,996.82,996.82
2020-08-07 00:00:00,997.36,997.02,996.67,996.72,996.74,996.76,996.78,996.8,996.82,996.83,996.84,996.85,996.86,996.85,996.85,996.85,996.85,996.85,996.85,996.85,996.85,996.84,996.84,996.84,996.84,996.84,996.84,996.84,996.84,996.84,996.84,996.83,996.83,996.83,996.83,996.83,996.83,996.83,996.83,996.83,996.83,996.83,996.83,996.83,996.83,996.83,996.83
2020-08-08 00:00:00,996.98,996.94,996.9,996.87,996.86,996.85,996.84,996.84,996.84,996.84,996.84,996.84,996.84,996.84,996.84,996.84,996.84,996.84,996.84,996.84,996.84,996.84,996.84,996.84,996.84,996.84,996.84,996.84,996.84,996.84,996.84,996.84,996.84,996.84,996.84,996.84,996.84,996.84,996.84,996.84,996.84,996.84,996.84,996.84,996.84,996.84,996.84
2020-08-09 00:00:00,996.79,996.79,996.79,996.79,996.79,996.79,996.79,996.79,996.79,996.79,996.8,996.8,996.81,996.82,996.82,996.83,996.83,996.84,996.84,996.84,996.85,996.85,996.85,996.85,996.85,996.86,996.86,996.86,996.86,996.86,996.86,996.86,996.86,996.86,996.86,996.86,996.86,996.86,996.86,996.86,996.86,996.86,996.86,996.86,996.86,996.86,996.86
2020-08-10 00:00:00,996.74,996.74,996.74,996.74,996.74,996.74,996.74,996.73,996.74,996.74,996.74,996.75,996.76,996.76,996.77,996.78,996.79,996.79,996.8,996.8,996.81,996.81,996.81,996.82,996.82,996.83,996.83,996.83,996.83,996.84,996.84,996.84,996.84,996.84,996.84,996.84,996.84,996.84,996.84,996.84,996.84,996.84,996.84,996.84,996.84,996.84,996.84
2020-08-11 00:00:00,996.76,996.74,996.72,996.71,996.71,996.7,996.7,996.7,996.7,996.71,996.71,996.72,996.73,996.74,996.75,996.76,996.76,996.77,996.77,996.78,996.78,996.79,996.79,996.79,996.8,996.8,996.8,996.81,996.81,996.81,996.81,996.81,996.81,996.81,996.81,996.81,996.82,996.82,996.82,996.82,996.82,996.82,996.82,996.82,996.82,996.82,996.82
2020-08-12 00:00:00,996.94,996.85,996.76,996.74,996.73,996.73,996.73,996.73,996.73,996.73,996.73,996.73,996.73,996.74,996.74,996.75,996.75,996.76,996.76,996.76,996.77,996.77,996.77,996.78,996.78,996.78,996.79,996.79,996.79,996.79,996.79,996.79,996.79,996.8,996.8,996.8,996.8,996.8,996.8,996.8,996.8,996.8,996.8,996.8,996.8,996.8,996.8
2020-08-13 00:00:00,996.86,996.81,996.76,996.74,996.74,996.73,996.73,996.73,996.73,996.73,996.73,996.74,996.75,996.76,996.77,996.77,996.77,996.77,996.78,996.78,996.78,996.78,996.78,996.78,996.78,996.78,996.78,996.78,996.78,996.78,996.78,996.79,996.79,996.79,996.79,996.79,996.79,996.79,996.79,996.79,996.79,996.79,996.79,996.79,996.79,996.79,996.79
2020-08-14 00:00:00,996.75,996.75,996.74,996.74,996.74,996.73,996.72,996.72,996.73,996.74,996.75,996.76,996.76,996.77,996.77,996.77,996.77,996.77,996.78,996.78,996.78,996.78,996.78,996.78,996.78,996.78,996.78,996.78,996.78,996.78,996.78,996.78,996.78,996.78,996.78,996.78,996.78,996.78,996.78,996.78,996.78,996.78,996.78,996.78,996.78,996.78,996.78
2020-08-15 00:00:00,996.74,996.74,996.74,996.74,996.74,996.73,996.73,996.72,996.71,996.71,996.72,996.72,996.73,996.74,996.74,996.75,996.75,996.75,996.76,996.76,996.76,996.76,996.77,996.77,996.77,996.77,996.77,996.77,996.77,996.78,996.78,996.78,996.78,996.78,996.78,996.78,996.78,996.78,996.78,996.78,996.78,996.78,996.78,996.78,996.78,996.78,996.78
2020-08-16 00:00:00,996.91,996.86,996.81,996.78,996.77,996.76,996.76,996.76,996.76,996.76,996.76,996.76,996.76,996.76,996.76,996.76,996.76,996.76,996.76,996.76,996.76,996.76,996.76,996.76,996.76,996.76,996.76,996.76,996.76,996.76,996.76,996.76,996.76,996.76,996.76,996.76,996.76,996.76,996.76,996.76,996.76,996.76,996.76,996.76,996.76,996.76,996.76
2020-08-17 00:00:00,996.86,996.85,996.83,996.83,996.83,996.83,996.82,996.82,996.82,996.82,996.82,996.82,996.81,996.78,996.77,996.77,996.77,996.77,996.77,996.77,996.77,996.77,996.77,996.77,996.77,996.77,996.77,996.77,996.77,996.77,996.77,996.77,996.77,996.77,996.77,996.77,996.77,996.77,996.77,996.77,996.77,996.77,996.77,996.77,996.77,996.77,996.77
2020-08-18 00:00:00,996.92,996.88,996.84,996.83,996.83,996.82,996.82,996.82,996.82,996.82,996.82,996.82,996.82,996.82,996.82,996.77,996.77,996.77,996.78,996.78,996.78,996.78,996.78,996.78,996.78,996.78,996.78,996.78,996.78,996.78,996.78,996.78,996.78,996.78,996.78,996.77,996.77,996.77,996.77,996.77,996.77,996.77,996.77,996.77,996.77,996.77,996.77
2020-08-19 00:00:00,996.88,996.88,996.88,996.88,996.88,996.88,996.88,996.88,996.87,996.85,996.85,996.84,996.84,996.84,996.85,996.85,996.85,996.84,996.82,996.81,996.81,996.8,996.8,996.8,996.8,996.8,996.8,996.8,996.8,996.8,996.8,996.8,996.8,996.8,996.8,996.8,996.8,996.8,996.8,996.8,996.8,996.8,996.8,996.8,996.8,996.8,996.8
2020-08-20 00:00:00,996.94,996.91,996.88,996.86,996.85,996.85,996.85,996.85,996.85,996.85,996.85,996.84,996.84,996.84,996.84,996.84,996.85,996.85,996.85,996.85,996.85,996.86,996.86,996.86,996.86,996.86,996.86,996.86,996.86,996.86,996.86,996.86,996.86,996.86,996.86,996.86,996.86,996.86,996.86,996.86,996.86,996.86,996.86,996.86,996.86,996.86,996.86
2020-08-21 00:00:00,996.95,996.93,996.91,996.89,996.88,996.88,996.88,996.88,996.88,996.88,996.88,996.88,996.88,996.88,996.88,996.88,996.88,996.88,996.88,996.88,996.88,996.87,996.87,996.87,996.87,996.87,996.87,996.87,996.87,996.87,996.87,996.87,996.87,996.87,996.87,996.87,996.87,996.87,996.87,996.87,996.87,996.87,996.87,996.87,996.87,996.87,996.87
2020-08-22 00:00:00,996.97,996.94,996.91,996.89,996.88,996.87,996.87,996.87,996.87,996.87,996.87,996.87,996.87,996.87,996.87,996.87,996.87,996.87,996.87,996.88,996.88,996.88,996.88,996.88,996.88,996.88,996.88,996.89,996.89,996.89,996.89,996.89,996.89,996.89,996.89,996.89,996.89,996.89,996.89,996.89,996.89,996.89,996.89,996.89,996.89,996.89,996.89
2020-08-23 00:00:00,996.91,996.91,996.9,996.89,996.89,996.89,996.89,996.89,996.89,996.89,996.89,996.89,996.89,996.89,996.88,996.88,996.88,996.88,996.88,996.88,996.88,996.88,996.88,996.88,996.88,996.88,996.88,996.88,996.89,996.89,996.89,996.89,996.89,996.89,996.89,996.89,996.89,996.89,996.89,996.89,996.89,996.89,996.89,996.89,996.89,996.89,996.89
2020-08-24 00:00:00,996.78,996.78,996.78,996.78,996.78,996.78,996.78,996.8,996.82,996.83,996.85,996.86,996.87,996.87,996.88,996.88,996.88,996.89,996.89,996.89,996.89,996.89,996.89,996.9,996.9,996.9,996.9,996.9,996.9,996.9,996.9,996.9,996.9,996.9,996.9,996.9,996.9,996.9,996.9,996.9,996.9,996.9,996.9,996.9,996.9,996.9,996.9
2020-08-25 00:00:00,996.74,996.74,996.74,996.74,996.74,996.74,996.74,996.75,996.76,996.78,996.8,996.81,996.82,996.83,996.84,996.85,996.86,996.86,996.87,996.87,996.87,996.88,996.88,996.88,996.89,996.89,996.89,996.89,996.89,996.89,996.89,996.89,996.9,996.9,996.9,996.9,996.9,996.9,996.9,996.9,996.9,996.9,996.9,996.9,996.9,996.9,996.9
2020-08-26 00:00:00,996.68,996.68,996.68,996.67,996.67,996.67,996.67,996.69,996.71,996.74,996.76,996.78,996.79,996.8,996.81,996.82,996.83,996.84,996.84,996.85,996.85,996.86,996.86,996.87,996.87,996.88,996.88,996.88,996.88,996.88,996.89,996.89,996.89,996.89,996.89,996.89,996.89,996.89,996.89,996.89,996.89,996.89,996.89,996.89,996.89,996.89,996.89
2020-08-27 00:00:00,996.71,996.71,996.71,996.7,996.7,996.7,996.7,996.7,996.7,996.7,996.71,996.72,996.73,996.75,996.76,996.78,996.79,996.8,996.8,996.81,996.82,996.82,996.83,996.84,996.84,996.85,996.85,996.86,996.86,996.86,996.87,996.87,996.87,996.87,996.87,996.87,996.87,996.87,996.87,996.87,996.87,996.87,996.87,996.87,996.87,996.87,996.87
2020-08-28 00:00:00,996.5,996.53,996.56,996.59,996.62,996.64,996.66,996.67,996.69,996.71,996.72,996.73,996.74,996.75,996.76,996.76,996.77,996.78,996.78,996.79,996.8,996.8,996.81,996.81,996.82,996.83,996.83,996.83,996.84,996.84,996.84,996.85,996.85,996.85,996.85,996.85,996.85,996.85,996.85,996.85,996.85,996.85,996.85,996.85,996.85,996.85,996.85
2020-08-29 00:00:00,996.68,996.67,996.66,996.65,996.65,996.64,996.64,996.64,996.64,996.64,996.65,996.66,996.67,996.69,996.7,996.71,996.73,996.74,996.75,996.75,996.76,996.77,996.78,996.78,996.79,996.8,996.81,996.81,996.81,996.82,996.82,996.82,996.83,996.83,996.83,996.83,996.83,996.83,996.83,996.83,996.83,996.83,996.83,996.83,996.83,996.83,996.83
2020-08-30 00:00:00,996.86,996.83,996.8,996.8,996.8,996.8,996.79,996.79,996.78,996.78,996.77,996.77,996.77,996.77,996.77,996.77,996.77,996.77,996.76,996.76,996.76,996.76,996.76,996.76,996.76,996.76,996.76,996.76,996.76,996.76,996.76,996.76,996.76,996.76,996.76,996.76,996.76,996.76,996.76,996.76,996.76,996.76,996.76,996.76,996.76,996.76,996.76
2020-08-31 00:00:00,997,996.94,996.88,996.84,996.82,996.82,996.81,996.81,996.81,996.81,996.81,996.81,996.81,996.81,996.81,996.81,996.81,996.81,996.81,996.81,996.81,996.81,996.81,996.81,996.81,996.81,996.81,996.81,996.8,996.8,996.8,996.8,996.8,996.8,996.8,996.8,996.8,996.8,996.8,996.8,996.8,996.8,996.8,996.8,996.8,996.8,996.8
2020-09-01 00:00:00,997.01,996.96,996.91,996.89,996.88,996.88,996.87,996.87,996.87,996.87,996.87,996.87,996.87,996.87,996.87,996.87,996.86,996.86,996.86,996.86,996.86,996.86,996.86,996.86,996.86,996.86,996.86,996.86,996.86,996.86,996.86,996.86,996.86,996.86,996.86,996.86,996.86,996.86,996.86,996.86,996.86,996.86,996.86,996.86,996.86,996.86,996.86
2020-09-02 00:00:00,996.93,996.92,996.91,996.91,996.91,996.91,996.9,996.9,996.9,996.9,996.9,996.9,996.9,996.9,996.9,996.9,996.9,996.9,996.9,996.9,996.9,996.9,996.91,996.91,996.91,996.91,996.91,996.91,996.91,996.91,996.91,996.91,996.91,996.91,996.91,996.91,996.91,996.91,996.91,996.91,996.91,996.91,996.91,996.91,996.91,996.91,996.91
2020-09-03 00:00:00,997.15,997.05,996.95,996.94,996.94,996.93,996.93,996.93,996.93,996.93,996.93,996.93,996.93,996.93,996.93,996.93,996.93,996.93,996.93,996.93,996.93,996.93,996.93,996.93,996.93,996.93,996.93,996.93,996.93,996.92,996.92,996.92,996.92,996.92,996.92,996.92,996.92,996.92,996.92,996.92,996.92,996.92,996.92,996.92,996.92,996.92,996.92
2020-09-04 00:00:00,997.05,997.05,997.05,997.05,997.04,997.04,997.04,997.04,997.04,997.04,997.04,997.04,997.04,997.04,997.04,997.03,997.03,997.03,997.03,997.03,997.03,997.03,997.03,997.03,997.03,997.03,997.03,997.03,997.03,997.03,997.03,997.03,997.03,997.03,997.03,997.03,997.03,997.03,997.02,997.02,997.02,997.01,997,996.99,996.99,996.98,996.98
2020-09-05 00:00:00,997.26,997.2,997.13,997.11,997.11,997.11,997.1,997.1,997.1,997.1,997.1,997.1,997.1,997.1,997.1,997.1,997.1,997.1,997.1,997.1,997.09,997.09,997.09,997.09,997.09,997.09,997.09,997.09,997.09,997.09,997.09,997.09,997.09,997.09,997.09,997.09,997.09,997.09,997.09,997.09,997.09,997.09,997.09,997.09,997.09,997.09,997.09
2020-09-06 00:00:00,997.35,997.25,997.16,997.15,997.14,997.14,997.14,997.14,997.14,997.14,997.14,997.14,997.14,997.14,997.14,997.14,997.13,997.13,997.13,997.13,997.13,997.13,997.13,997.13,997.13,997.13,997.13,997.13,997.13,997.13,997.13,997.13,997.13,997.13,997.13,997.13,997.13,997.13,997.13,997.13,997.13,997.13,997.13,997.13,997.13,997.13,997.13
2020-09-07 00:00:00,997.17,997.17,997.17,997.17,997.17,997.17,997.17,997.17,997.17,997.17,997.17,997.17,997.17,997.17,997.16,997.16,997.16,997.16,997.16,997.16,997.16,997.16,997.16,997.16,997.16,997.16,997.16,997.16,997.15,997.15,997.15,997.15,997.15,997.15,997.15,997.15,997.15,997.15,997.15,997.15,997.15,997.15,997.15,997.15,997.15,997.15,997.15
2020-09-08 00:00:00,997.37,997.32,997.28,997.26,997.25,997.24,997.23,997.23,997.22,997.22,997.22,997.22,997.22,997.22,997.21,997.21,997.21,997.21,997.21,997.21,997.21,997.21,997.21,997.21,997.21,997.21,997.21,997.21,997.21,997.21,997.21,997.21,997.21,997.21,997.21,997.21,997.21,997.21,997.21,997.21,997.21,997.21,997.21,997.21,997.21,997.21,997.21
2020-09-09 00:00:00,997.38,997.38,997.38,997.38,997.38,997.38,997.38,997.38,997.37,997.37,997.37,997.37,997.37,997.37,997.37,997.37,997.37,997.37,997.37,997.37,997.37,997.37,997.37,997.37,997.37,997.37,997.37,997.37,997.37,997.37,997.36,997.36,997.36,997.36,997.36,997.36,997.36,997.36,997.36,997.36,997.36,997.36,997.36,997.36,997.36,997.36,997.36
2020-09-10 00:00:00,997.51,997.51,997.51,997.51,997.51,997.5,997.5,997.5,997.5,997.5,997.5,997.5,997.5,997.5,997.5,997.5,997.5,997.5,997.5,997.5,997.5,997.5,997.5,997.5,997.5,997.5,997.49,997.49,997.49,997.49,997.49,997.49,997.49,997.49,997.49,997.49,997.49,997.49,997.49,997.49,997.49,997.49,997.49,997.49,997.49,997.49,997.49
2020-09-11 00:00:00,997.6,997.6,997.6,997.6,997.6,997.59,997.59,997.59,997.59,997.59,997.59,997.59,997.59,997.59,997.59,997.59,997.59,997.59,997.59,997.59,997.59,997.59,997.59,997.59,997.59,997.59,997.59,997.58,997.58,997.58,997.58,997.58,997.58,997.58,997.58,997.58,997.58,997.58,997.58,997.58,997.58,997.58,997.58,997.58,997.58,997.58,997.58
2020-09-12 00:00:00,997.66,997.66,997.66,997.66,997.66,997.66,997.66,997.66,997.66,997.66,997.66,997.66,997.66,997.66,997.66,997.65,997.65,997.65,997.65,997.65,997.65,997.65,997.65,997.65,997.65,997.65,997.65,997.65,997.65,997.65,997.65,997.65,997.65,997.65,997.65,997.65,997.65,997.65,997.65,997.65,997.65,997.65,997.65,997.65,997.65,997.65,997.65
2020-09-13 00:00:00,997.74,997.72,997.7,997.69,997.68,997.68,997.68,997.68,997.68,997.67,997.67,997.67,997.67,997.67,997.67,997.67,997.67,997.67,997.67,997.67,997.67,997.67,997.67,997.67,997.67,997.67,997.67,997.67,997.67,997.67,997.67,997.67,997.67,997.67,997.67,997.67,997.67,997.67,997.67,997.67,997.67,997.67,997.67,997.67,997.67,997.67,997.67
2020-09-14 00:00:00,997.73,997.72,997.71,997.7,997.7,997.7,997.69,997.69,997.69,997.69,997.69,997.69,997.69,997.69,997.69,997.69,997.69,997.69,997.68,997.68,997.68,997.68,997.68,997.68,997.68,997.68,997.68,997.69,997.69,997.69,997.69,997.69,997.69,997.69,997.69,997.69,997.69,997.69,997.69,997.69,997.69,997.69,997.69,997.69,997.69,997.69,997.69
2020-09-15 00:00:00,997.71,997.71,997.7,997.7,997.69,997.69,997.69,997.69,997.69,997.69,997.69,997.68,997.68,997.69,997.69,997.69,997.69,997.69,997.7,997.7,997.7,997.7,997.7,997.7,997.7,997.7,997.7,997.71,997.71,997.71,997.71,997.71,997.71,997.71,997.71,997.71,997.71,997.71,997.71,997.71,997.71,997.71,997.71,997.71,997.71,997.71,997.71
2020-09-16 00:00:00,997.74,997.74,997.73,997.73,997.73,997.73,997.73,997.72,997.72,997.72,997.72,997.71,997.71,997.71,997.7,997.7,997.7,997.7,997.7,997.7,997.7,997.7,997.7,997.7,997.7,997.7,997.7,997.7,997.7,997.7,997.7,997.7,997.7,997.7,997.7,997.7,997.7,997.7,997.7,997.7,997.7,997.7,997.7,997.7,997.7,997.7,997.7
2020-09-17 00:00:00,997.74,997.73,997.73,997.72,997.72,997.71,997.71,997.71,997.71,997.71,997.71,997.71,997.71,997.71,997.71,997.71,997.71,997.71,997.71,997.71,997.71,997.71,997.71,997.71,997.71,997.71,997.71,997.71,997.71,997.71,997.72,997.72,997.72,997.72,997.72,997.72,997.72,997.72,997.72,997.72,997.72,997.72,997.72,997.72,997.72,997.72,997.72
2020-09-18 00:00:00,997.8,997.78,997.77,997.75,997.74,997.74,997.74,997.74,997.74,997.73,997.73,997.73,997.73,997.73,997.73,997.73,997.73,997.73,997.73,997.73,997.73,997.73,997.73,997.73,997.73,997.73,997.73,997.73,997.72,997.72,997.72,997.72,997.72,997.72,997.72,997.72,997.72,997.72,997.72,997.72,997.72,997.72,997.72,997.72,997.72,997.72,997.72
2020-09-19 00:00:00,997.86,997.86,997.86,997.86,997.86,997.86,997.85,997.84,997.8,997.77,997.76,997.75,997.75,997.74,997.74,997.74,997.74,997.74,997.74,997.74,997.74,997.74,997.74,997.74,997.74,997.74,997.74,997.74,997.74,997.74,997.74,997.74,997.74,997.74,997.74,997.74,997.74,997.74,997.74,997.74,997.74,997.74,997.74,997.74,997.74,997.74,997.74
2020-09-20 00:00:00,998,997.94,997.87,997.86,997.86,997.86,997.85,997.85,997.85,997.84,997.84,997.84,997.83,997.83,997.83,997.83,997.83,997.82,997.82,997.82,997.82,997.82,997.82,997.82,997.82,997.82,997.81,997.81,997.81,997.8,997.8,997.79,997.79,997.79,997.78,997.78,997.78,997.78,997.78,997.78,997.78,997.78,997.78,997.78,997.78,997.78,997.78
2020-09-21 00:00:00,998.05,997.99,997.94,997.91,997.9,997.9,997.89,997.89,997.89,997.89,997.89,997.89,997.89,997.89,997.89,997.89,997.89,997.89,997.89,997.89,997.89,997.89,997.89,997.89,997.89,997.89,997.89,997.89,997.88,997.88,997.88,997.88,997.88,997.88,997.87,997.87,997.87,997.87,997.87,997.87,997.87,997.87,997.87,997.87,997.87,997.87,997.87
2020-09-22 00:00:00,997.95,997.95,997.95,997.95,997.94,997.94,997.94,997.94,997.94,997.94,997.94,997.94,997.94,997.94,997.94,997.94,997.94,997.94,997.94,997.93,997.93,997.93,997.93,997.93,997.93,997.93,997.93,997.93,997.93,997.93,997.93,997.93,997.93,997.93,997.93,997.93,997.93,997.93,997.93,997.93,997.93,997.93,997.93,997.93,997.92,997.92,997.92
2020-09-23 00:00:00,997.97,997.96,997.96,997.95,997.95,997.95,997.95,997.95,997.95,997.94,997.94,997.94,997.94,997.94,997.94,997.94,997.94,997.94,997.94,997.94,997.94,997.94,997.94,997.94,997.94,997.95,997.95,997.95,997.95,997.95,997.95,997.95,997.95,997.95,997.95,997.95,997.95,997.95,997.95,997.95,997.95,997.95,997.95,997.95,997.95,997.95,997.95
2020-09-24 00:00:00,997.96,997.96,997.96,997.96,997.95,997.95,997.95,997.95,997.95,997.95,997.95,997.95,997.95,997.95,997.95,997.95,997.95,997.95,997.95,997.95,997.95,997.95,997.95,997.95,997.95,997.95,997.95,997.95,997.95,997.95,997.95,997.95,997.95,997.95,997.96,997.96,997.96,997.96,997.96,997.96,997.96,997.96,997.96,997.96,997.96,997.96,997.96
2020-09-25 00:00:00,997.98,997.97,997.97,997.97,997.97,997.97,997.97,997.96,997.96,997.96,997.96,997.96,997.96,997.96,997.96,997.96,997.96,997.96,997.96,997.96,997.96,997.96,997.96,997.96,997.96,997.96,997.96,997.96,997.96,997.96,997.96,997.96,997.96,997.97,997.97,997.97,997.97,997.97,997.97,997.97,997.97,997.97,997.97,997.97,997.97,997.97,997.97
2020-09-26 00:00:00,998.05,998,997.94,997.93,997.92,997.92,997.93,997.94,997.94,997.95,997.96,997.96,997.96,997.97,997.97,997.97,997.97,997.97,997.98,997.98,997.98,997.98,997.98,997.98,997.98,997.98,997.98,997.98,997.98,997.98,997.98,997.98,997.98,997.98,997.98,997.98,997.98,997.98,997.98,997.98,997.98,997.98,997.98,997.98,997.98,997.98,997.98
2020-09-27 00:00:00,997.97,997.97,997.97,997.96,997.96,997.96,997.96,997.96,997.96,997.96,997.96,997.96,997.96,997.96,997.96,997.96,997.96,997.96,997.96,997.96,997.96,997.96,997.95,997.95,997.95,997.95,997.95,997.95,997.95,997.95,997.95,997.95,997.95,997.95,997.95,997.95,997.95,997.95,997.95,997.95,997.95,997.95,997.95,997.95,997.95,997.95,997.95
2020-09-28 00:00:00,998.12,998.07,998.03,998.01,998.01,998,998,998,998,998,998,998,998,998,998,998,998,998,998,998,998,998,998,998,998,998,998,998,998,998,997.99,997.99,997.99,997.99,997.99,997.98,997.98,997.98,997.98,997.98,997.98,997.98,997.98,997.98,997.98,997.98,997.98
2020-09-29 00:00:00,998.08,998.08,998.08,998.08,998.08,998.08,998.08,998.08,998.08,998.08,998.08,998.08,998.08,998.08,998.08,998.07,998.07,998.07,998.07,998.07,998.07,998.07,998.07,998.07,998.07,998.07,998.07,998.07,998.07,998.07,998.07,998.07,998.07,998.07,998.07,998.07,998.07,998.07,998.07,998.07,998.07,998.07,998.07,998.07,998.07,998.07,998.07
2020-09-30 00:00:00,998.28,998.21,998.14,998.13,998.13,998.13,998.13,998.13,998.13,998.13,998.13,998.13,998.13,998.13,998.13,998.13,998.13,998.13,998.12,998.12,998.12,998.12,998.12,998.12,998.12,998.12,998.12,998.12,998.12,998.12,998.12,998.12,998.12,998.12,998.12,998.12,998.12,998.12,998.12,998.12,998.12,998.12,998.12,998.12,998.12,998.12,998.12
2020-10-01 00:00:00,998.23,998.23,998.23,998.23,998.23,998.23,998.23,998.22,998.22,998.22,998.22,998.22,998.22,998.22,998.22,998.22,998.22,998.22,998.22,998.22,998.22,998.22,998.22,998.22,998.22,998.22,998.22,998.22,998.22,998.22,998.22,998.22,998.21,998.21,998.21,998.21,998.21,998.21,998.21,998.21,998.21,998.21,998.21,998.21,998.21,998.21,998.21
2020-10-02 00:00:00,998.31,998.31,998.31,998.31,998.31,998.31,998.31,998.31,998.31,998.31,998.31,998.31,998.3,998.3,998.3,998.3,998.3,998.3,998.3,998.3,998.3,998.3,998.3,998.3,998.3,998.3,998.3,998.3,998.3,998.3,998.3,998.3,998.3,998.3,998.3,998.3,998.3,998.3,998.3,998.3,998.3,998.3,998.3,998.3,998.3,998.3,998.3
2020-10-03 00:00:00,998.6,998.48,998.36,998.35,998.34,998.34,998.34,998.34,998.34,998.34,998.34,998.34,998.34,998.34,998.34,998.34,998.34,998.34,998.34,998.34,998.34,998.34,998.34,998.34,998.34,998.34,998.34,998.34,998.34,998.34,998.34,998.34,998.34,998.34,998.34,998.34,998.34,998.34,998.34,998.34,998.34,998.34,998.34,998.34,998.34,998.34,998.34
2020-10-04 00:00:00,998.4,998.4,998.4,998.4,998.4,998.4,998.4,998.4,998.4,998.4,998.4,998.4,998.4,998.4,998.4,998.4,998.4,998.4,998.4,998.4,998.4,998.4,998.4,998.39,998.39,998.39,998.39,998.39,998.39,998.39,998.39,998.39,998.39,998.39,998.39,998.39,998.39,998.39,998.39,998.39,998.39,998.39,998.39,998.39,998.39,998.39,998.39
2020-10-05 00:00:00,998.47,998.47,998.47,998.47,998.47,998.47,998.46,998.46,998.46,998.46,998.46,998.46,998.46,998.46,998.46,998.46,998.45,998.45,998.45,998.45,998.45,998.45,998.45,998.44,998.44,998.44,998.44,998.44,998.44,998.44,998.44,998.44,998.44,998.44,998.44,998.44,998.44,998.44,998.44,998.44,998.44,998.43,998.43,998.43,998.43,998.43,998.42
2020-10-06 00:00:00,998.56,998.56,998.55,998.55,998.54,998.54,998.54,998.54,998.54,998.54,998.54,998.54,998.53,998.53,998.53,998.53,998.53,998.53,998.53,998.53,998.53,998.53,998.53,998.53,998.53,998.53,998.52,998.52,998.52,998.52,998.52,998.52,998.52,998.52,998.52,998.52,998.52,998.52,998.52,998.52,998.52,998.52,998.52,998.52,998.52,998.52,998.52
2020-10-07 00:00:00,998.57,998.57,998.57,998.57,998.57,998.57,998.56,998.56,998.56,998.56,998.56,998.56,998.56,998.56,998.56,998.56,998.56,998.56,998.56,998.56,998.56,998.56,998.55,998.55,998.55,998.55,998.55,998.55,998.55,998.55,998.55,998.55,998.55,998.55,998.55,998.55,998.55,998.55,998.55,998.55,998.55,998.55,998.55,998.55,998.55,998.55,998.55
2020-10-08 00:00:00,998.65,998.63,998.61,998.6,998.59,998.58,998.58,998.58,998.58,998.58,998.58,998.58,998.58,998.58,998.58,998.58,998.58,998.58,998.58,998.58,998.58,998.58,998.58,998.58,998.57,998.57,998.57,998.57,998.57,998.57,998.57,998.57,998.56,998.56,998.56,998.56,998.56,998.56,998.56,998.56,998.56,998.56,998.56,998.56,998.56,998.56,998.56
2020-10-09 00:00:00,998.74,998.69,998.64,998.62,998.61,998.6,998.6,998.6,998.6,998.6,998.6,998.6,998.6,998.6,998.6,998.6,998.6,998.6,998.6,998.6,998.6,998.6,998.6,998.6,998.6,998.6,998.6,998.6,998.6,998.6,998.6,998.6,998.6,998.6,998.6,998.6,998.6,998.6,998.6,998.6,998.6,998.6,998.6,998.6,998.6,998.59,998.59
2020-10-10 00:00:00,998.61,998.61,998.61,998.61,998.61,998.61,998.61,998.61,998.61,998.61,998.61,998.61,998.6,998.6,998.6,998.6,998.6,998.6,998.6,998.6,998.6,998.6,998.6,998.6,998.6,998.6,998.6,998.6,998.6,998.6,998.6,998.6,998.6,998.6,998.6,998.6,998.6,998.6,998.6,998.6,998.6,998.61,998.61,998.61,998.61,998.61,998.61
2020-10-11 00:00:00,998.62,998.62,998.62,998.62,998.62,998.62,998.62,998.62,998.62,998.62,998.61,998.61,998.61,998.61,998.61,998.61,998.61,998.61,998.61,998.61,998.61,998.61,998.61,998.61,998.61,998.6,998.6,998.6,998.6,998.6,998.6,998.6,998.6,998.6,998.6,998.6,998.6,998.6,998.6,998.6,998.6,998.6,998.6,998.6,998.6,998.6,998.6
2020-10-12 00:00:00,998.63,998.63,998.63,998.63,998.63,998.63,998.63,998.63,998.63,998.62,998.62,998.62,998.62,998.62,998.62,998.62,998.62,998.62,998.62,998.62,998.62,998.62,998.62,998.62,998.62,998.62,998.62,998.62,998.62,998.62,998.62,998.62,998.62,998.62,998.62,998.62,998.62,998.62,998.62,998.62,998.62,998.62,998.62,998.62,998.62,998.62,998.62
2020-10-13 00:00:00,998.67,998.67,998.67,998.67,998.67,998.67,998.67,998.66,998.66,998.66,998.66,998.66,998.66,998.66,998.66,998.66,998.66,998.66,998.66,998.66,998.66,998.66,998.66,998.66,998.66,998.66,998.66,998.66,998.66,998.66,998.66,998.66,998.66,998.66,998.66,998.66,998.66,998.66,998.66,998.66,998.65,998.65,998.65,998.65,998.65,998.65,998.65
2020-10-14 00:00:00,998.82,998.78,998.73,998.72,998.72,998.72,998.72,998.72,998.72,998.72,998.71,998.71,998.71,998.71,998.71,998.71,998.71,998.71,998.71,998.71,998.71,998.71,998.71,998.71,998.71,998.71,998.71,998.71,998.71,998.71,998.71,998.71,998.71,998.71,998.71,998.71,998.71,998.71,998.71,998.71,998.71,998.71,998.71,998.71,998.71,998.71,998.71
2020-10-15 00:00:00,998.77,998.77,998.77,998.77,998.77,998.77,998.77,998.77,998.77,998.76,998.76,998.76,998.76,998.76,998.76,998.76,998.76,998.76,998.76,998.76,998.76,998.76,998.76,998.76,998.76,998.76,998.76,998.76,998.76,998.76,998.76,998.75,998.75,998.74,998.74,998.74,998.74,998.74,998.74,998.74,998.74,998.74,998.74,998.74,998.74,998.74,998.74
2020-10-16 00:00:00,998.85,998.84,998.84,998.84,998.84,998.84,998.84,998.84,998.84,998.84,998.84,998.84,998.84,998.84,998.84,998.84,998.84,998.84,998.84,998.84,998.84,998.83,998.83,998.83,998.83,998.83,998.83,998.83,998.83,998.83,998.83,998.83,998.83,998.83,998.83,998.83,998.83,998.83,998.83,998.83,998.83,998.83,998.83,998.83,998.83,998.83,998.83
2020-10-17 00:00:00,999.01,998.97,998.92,998.91,998.91,998.9,998.9,998.9,998.9,998.9,998.9,998.9,998.9,998.9,998.9,998.9,998.9,998.9,998.9,998.9,998.9,998.9,998.9,998.9,998.9,998.9,998.9,998.89,998.89,998.89,998.89,998.89,998.89,998.89,998.89,998.89,998.89,998.89,998.89,998.89,998.89,998.89,998.89,998.89,998.89,998.89,998.89
2020-10-18 00:00:00,998.96,998.96,998.96,998.96,998.96,998.96,998.96,998.96,998.96,998.96,998.96,998.96,998.96,998.96,998.96,998.96,998.96,998.96,998.96,998.96,998.96,998.96,998.96,998.96,998.96,998.96,998.96,998.96,998.96,998.96,998.96,998.96,998.96,998.96,998.96,998.96,998.96,998.96,998.96,998.96,998.96,998.96,998.96,998.96,998.96,998.96,998.96
2020-10-19 00:00:00,999.03,999.03,999.03,999.03,999.03,999.03,999.03,999.03,999.03,999.03,999.03,999.03,999.03,999.03,999.03,999.03,999.02,999.02,999.02,999.02,999.02,999.02,999.02,999.02,999.02,999.02,999.02,999.02,999.02,999.02,999.02,999.02,999.02,999.02,999.02,999.02,999.02,999.02,999.02,999.02,999.02,999.02,999.02,999.02,999.02,999.02,999.02
2020-10-20 00:00:00,999.09,999.08,999.08,999.08,999.07,999.07,999.07,999.07,999.07,999.07,999.07,999.07,999.07,999.07,999.06,999.06,999.06,999.06,999.06,999.06,999.06,999.06,999.06,999.06,999.06,999.06,999.06,999.06,999.06,999.06,999.06,999.06,999.06,999.06,999.06,999.06,999.06,999.06,999.06,999.06,999.06,999.06,999.06,999.06,999.06,999.06,999.06
2020-10-21 00:00:00,999.11,999.11,999.11,999.1,999.1,999.1,999.1,999.1,999.1,999.1,999.1,999.1,999.1,999.1,999.1,999.1,999.09,999.09,999.09,999.09,999.09,999.09,999.09,999.09,999.09,999.09,999.09,999.09,999.09,999.09,999.09,999.09,999.09,999.09,999.09,999.09,999.09,999.09,999.09,999.09,999.09,999.09,999.09,999.09,999.09,999.09,999.09
2020-10-22 00:00:00,999.16,999.15,999.13,999.13,999.12,999.12,999.12,999.12,999.12,999.12,999.12,999.12,999.12,999.12,999.12,999.12,999.12,999.12,999.12,999.12,999.12,999.12,999.12,999.12,999.12,999.12,999.12,999.12,999.12,999.12,999.12,999.12,999.12,999.11,999.11,999.11,999.11,999.11,999.11,999.11,999.11,999.11,999.11,999.11,999.11,999.11,999.11
2020-10-23 00:00:00,999.16,999.15,999.15,999.14,999.14,999.14,999.14,999.14,999.14,999.14,999.14,999.14,999.14,999.14,999.14,999.14,999.14,999.14,999.14,999.14,999.14,999.14,999.14,999.14,999.14,999.14,999.14,999.14,999.14,999.14,999.14,999.14,999.14,999.14,999.14,999.14,999.14,999.14,999.14,999.14,999.14,999.14,999.14,999.14,999.14,999.14,999.14
2020-10-24 00:00:00,999.21,999.21,999.2,999.2,999.2,999.2,999.2,999.2,999.2,999.2,999.2,999.2,999.2,999.2,999.2,999.2,999.2,999.2,999.2,999.2,999.2,999.2,999.2,999.2,999.2,999.2,999.2,999.2,999.2,999.2,999.2,999.2,999.2,999.2,999.2,999.2,999.2,999.2,999.2,999.2,999.2,999.2,999.2,999.2,999.2,999.2,999.2
2020-10-25 00:00:00,999.25,999.25,999.25,999.25,999.25,999.25,999.25,999.24,999.24,999.24,999.24,999.24,999.24,999.24,999.24,999.24,999.24,999.24,999.24,999.24,999.24,999.24,999.24,999.24,999.24,999.24,999.24,999.24,999.24,999.24,999.24,999.24,999.24,999.24,999.24,999.24,999.24,999.24,999.24,999.24,999.24,999.24,999.24,999.24,999.24,999.24,999.24
2020-10-26 00:00:00,999.3,999.29,999.29,999.29,999.29,999.29,999.29,999.29,999.29,999.28,999.28,999.28,999.28,999.28,999.28,999.28,999.28,999.28,999.28,999.28,999.28,999.27,999.27,999.27,999.27,999.27,999.27,999.27,999.27,999.27,999.27,999.27,999.27,999.27,999.27,999.27,999.27,999.27,999.27,999.27,999.27,999.27,999.27,999.27,999.27,999.27,999.27
2020-10-27 00:00:00,999.34,999.34,999.34,999.34,999.34,999.34,999.34,999.34,999.34,999.34,999.34,999.34,999.33,999.33,999.33,999.33,999.33,999.33,999.33,999.33,999.33,999.33,999.33,999.33,999.33,999.33,999.33,999.33,999.33,999.33,999.33,999.33,999.33,999.33,999.33,999.33,999.33,999.33,999.33,999.33,999.33,999.33,999.33,999.33,999.33,999.33,999.33
2020-10-28 00:00:00,999.41,999.4,999.4,999.39,999.39,999.39,999.39,999.38,999.38,999.38,999.38,999.38,999.38,999.38,999.37,999.37,999.37,999.37,999.37,999.37,999.37,999.37,999.37,999.36,999.36,999.36,999.36,999.36,999.36,999.36,999.36,999.36,999.36,999.36,999.36,999.36,999.36,999.36,999.36,999.36,999.36,999.36,999.36,999.36,999.36,999.36,999.36
2020-10-29 00:00:00,999.45,999.44,999.42,999.42,999.42,999.41,999.41,999.41,999.41,999.41,999.41,999.41,999.41,999.41,999.41,999.41,999.41,999.41,999.41,999.41,999.41,999.41,999.41,999.41,999.41,999.41,999.41,999.41,999.41,999.41,999.41,999.41,999.41,999.41,999.41,999.41,999.41,999.41,999.41,999.41,999.41,999.41,999.41,999.41,999.41,999.41,999.41
2020-10-30 00:00:00,999.51,999.48,999.46,999.45,999.45,999.45,999.45,999.45,999.45,999.44,999.44,999.44,999.44,999.44,999.44,999.44,999.44,999.44,999.44,999.44,999.44,999.44,999.44,999.44,999.44,999.44,999.44,999.44,999.44,999.44,999.44,999.44,999.44,999.44,999.44,999.44,999.44,999.44,999.44,999.44,999.44,999.44,999.44,999.44,999.44,999.44,999.44
2020-10-31 00:00:00,999.63,999.56,999.48,999.48,999.48,999.48,999.47,999.47,999.46,999.46,999.46,999.46,999.46,999.46,999.46,999.46,999.46,999.46,999.46,999.46,999.46,999.46,999.46,999.46,999.46,999.46,999.46,999.46,999.46,999.46,999.46,999.46,999.46,999.46,999.46,999.46,999.46,999.46,999.46,999.46,999.46,999.46,999.46,999.46,999.46,999.46,999.46
2020-11-01 00:00:00,999.51,999.51,999.51,999.51,999.51,999.51,999.51,999.51,999.51,999.51,999.51,999.51,999.51,999.51,999.51,999.51,999.51,999.51,999.51,999.51,999.51,999.51,999.51,999.51,999.51,999.51,999.51,999.51,999.51,999.51,999.51,999.51,999.5,999.5,999.5,999.5,999.5,999.5,999.5,999.5,999.5,999.5,999.5,999.5,999.5,999.49,999.49
2020-11-02 00:00:00,999.57,999.57,999.57,999.57,999.57,999.57,999.57,999.57,999.56,999.56,999.56,999.56,999.56,999.56,999.56,999.56,999.56,999.56,999.56,999.56,999.56,999.56,999.56,999.56,999.56,999.56,999.56,999.56,999.56,999.56,999.56,999.56,999.56,999.56,999.56,999.56,999.56,999.56,999.56,999.56,999.56,999.56,999.56,999.56,999.56,999.56,999.56
2020-11-03 00:00:00,999.62,999.61,999.6,999.6,999.6,999.6,999.6,999.6,999.6,999.6,999.6,999.6,999.6,999.6,999.6,999.6,999.6,999.6,999.6,999.6,999.59,999.59,999.59,999.59,999.59,999.59,999.59,999.59,999.59,999.59,999.59,999.59,999.59,999.59,999.59,999.59,999.59,999.59,999.59,999.59,999.59,999.59,999.59,999.59,999.59,999.59,999.59
2020-11-04 00:00:00,999.61,999.61,999.61,999.61,999.61,999.61,999.61,999.61,999.61,999.61,999.61,999.61,999.61,999.61,999.61,999.61,999.61,999.61,999.61,999.61,999.61,999.61,999.61,999.61,999.61,999.61,999.61,999.61,999.61,999.6,999.6,999.6,999.6,999.6,999.6,999.6,999.6,999.6,999.6,999.6,999.6,999.6,999.6,999.6,999.6,999.6,999.6
2020-11-05 00:00:00,999.61,999.61,999.61,999.61,999.61,999.61,999.61,999.61,999.61,999.61,999.61,999.61,999.61,999.61,999.61,999.61,999.61,999.61,999.61,999.61,999.61,999.61,999.61,999.61,999.61,999.61,999.61,999.61,999.61,999.61,999.61,999.61,999.61,999.61,999.61,999.61,999.61,999.61,999.61,999.61,999.61,999.61,999.61,999.61,999.61,999.61,999.61
2020-11-06 00:00:00,999.61,999.61,999.61,999.61,999.61,999.61,999.61,999.61,999.61,999.61,999.61,999.61,999.61,999.61,999.61,999.61,999.61,999.61,999.61,999.61,999.61,999.61,999.61,999.61,999.61,999.61,999.61,999.61,999.61,999.61,999.61,999.61,999.61,999.61,999.61,999.61,999.61,999.61,999.61,999.61,999.61,999.61,999.61,999.61,999.61,999.61,999.61
2020-11-07 00:00:00,999.6,999.6,999.6,999.6,999.6,999.6,999.6,999.6,999.6,999.6,999.6,999.6,999.6,999.6,999.6,999.6,999.6,999.61,999.61,999.61,999.61,999.61,999.61,999.61,999.61,999.61,999.61,999.61,999.61,999.61,999.61,999.61,999.61,999.61,999.61,999.61,999.61,999.61,999.61,999.61,999.61,999.61,999.61,999.61,999.61,999.61,999.61
2020-11-08 00:00:00,999.6,999.6,999.6,999.6,999.6,999.6,999.6,999.6,999.6,999.6,999.6,999.6,999.6,999.6,999.6,999.6,999.6,999.6,999.6,999.6,999.6,999.6,999.6,999.61,999.61,999.61,999.61,999.61,999.61,999.61,999.61,999.61,999.61,999.61,999.61,999.61,999.61,999.61,999.61,999.61,999.61,999.61,999.61,999.61,999.61,999.61,999.61
2020-11-09 00:00:00,999.58,999.58,999.58,999.58,999.58,999.58,999.58,999.58,999.58,999.58,999.58,999.58,999.58,999.58,999.58,999.58,999.58,999.58,999.58,999.58,999.59,999.59,999.59,999.59,999.59,999.59,999.59,999.59,999.59,999.59,999.59,999.59,999.59,999.59,999.59,999.59,999.59,999.59,999.59,999.59,999.59,999.59,999.59,999.59,999.59,999.59,999.59
2020-11-10 00:00:00,999.55,999.55,999.55,999.55,999.56,999.56,999.56,999.56,999.56,999.56,999.56,999.56,999.56,999.56,999.56,999.56,999.56,999.56,999.56,999.56,999.56,999.56,999.56,999.56,999.56,999.56,999.56,999.56,999.56,999.56,999.56,999.56,999.56,999.56,999.56,999.56,999.56,999.56,999.56,999.56,999.56,999.56,999.56,999.56,999.56,999.56,999.56
2020-11-11 00:00:00,999.57,999.56,999.56,999.56,999.56,999.56,999.56,999.56,999.56,999.55,999.55,999.55,999.55,999.55,999.55,999.55,999.55,999.55,999.55,999.55,999.55,999.55,999.55,999.55,999.55,999.55,999.55,999.55,999.55,999.55,999.55,999.55,999.55,999.55,999.55,999.55,999.55,999.55,999.55,999.55,999.55,999.55,999.55,999.55,999.55,999.55,999.55
2020-11-12 00:00:00,999.62,999.61,999.6,999.59,999.59,999.59,999.59,999.59,999.59,999.59,999.59,999.59,999.59,999.59,999.59,999.59,999.59,999.59,999.59,999.59,999.59,999.59,999.59,999.59,999.59,999.59,999.59,999.59,999.59,999.59,999.59,999.59,999.59,999.59,999.59,999.59,999.59,999.59,999.59,999.59,999.59,999.59,999.59,999.59,999.59,999.59,999.59
2020-11-13 00:00:00,999.66,999.64,999.62,999.61,999.61,999.61,999.61,999.61,999.61,999.61,999.61,999.61,999.61,999.61,999.61,999.61,999.61,999.61,999.61,999.61,999.61,999.61,999.61,999.61,999.61,999.61,999.61,999.61,999.61,999.61,999.61,999.61,999.61,999.61,999.6,999.6,999.6,999.6,999.6,999.6,999.6,999.6,999.6,999.6,999.6,999.6,999.6
2020-11-14 00:00:00,999.66,999.66,999.65,999.65,999.65,999.65,999.65,999.65,999.65,999.65,999.65,999.65,999.65,999.65,999.65,999.65,999.65,999.65,999.65,999.65,999.65,999.65,999.65,999.65,999.65,999.65,999.65,999.65,999.65,999.65,999.65,999.65,999.65,999.65,999.65,999.65,999.65,999.65,999.65,999.65,999.65,999.65,999.65,999.65,999.65,999.65,999.65
2020-11-15 00:00:00,999.68,999.68,999.68,999.68,999.68,999.68,999.68,999.68,999.68,999.68,999.68,999.68,999.68,999.68,999.68,999.68,999.68,999.68,999.68,999.68,999.68,999.68,999.68,999.68,999.68,999.68,999.68,999.68,999.68,999.68,999.68,999.68,999.68,999.68,999.68,999.68,999.68,999.68,999.68,999.68,999.68,999.68,999.68,999.68,999.68,999.68,999.68
2020-11-16 00:00:00,999.71,999.71,999.71,999.71,999.71,999.71,999.71,999.71,999.71,999.71,999.71,999.71,999.71,999.71,999.71,999.71,999.71,999.71,999.71,999.71,999.71,999.71,999.71,999.71,999.71,999.71,999.71,999.71,999.71,999.71,999.71,999.71,999.71,999.71,999.71,999.71,999.71,999.71,999.71,999.71,999.71,999.71,999.71,999.71,999.71,999.71,999.71
2020-11-17 00:00:00,999.74,999.74,999.74,999.74,999.74,999.74,999.74,999.74,999.74,999.74,999.74,999.74,999.74,999.74,999.74,999.74,999.74,999.74,999.74,999.74,999.74,999.74,999.74,999.74,999.74,999.74,999.74,999.74,999.74,999.74,999.74,999.74,999.74,999.74,999.74,999.74,999.74,999.74,999.74,999.74,999.74,999.74,999.74,999.74,999.74,999.74,999.74
2020-11-18 00:00:00,999.78,999.77,999.77,999.76,999.76,999.76,999.76,999.76,999.76,999.76,999.76,999.76,999.76,999.76,999.76,999.76,999.76,999.76,999.76,999.76,999.76,999.76,999.76,999.76,999.76,999.76,999.76,999.76,999.76,999.76,999.76,999.76,999.76,999.76,999.76,999.76,999.76,999.76,999.76,999.76,999.76,999.76,999.76,999.76,999.76,999.76,999.76
2020-11-19 00:00:00,999.79,999.79,999.79,999.79,999.79,999.79,999.79,999.79,999.79,999.79,999.79,999.79,999.79,999.79,999.79,999.79,999.79,999.79,999.79,999.79,999.79,999.79,999.79,999.79,999.79,999.78,999.78,999.78,999.78,999.78,999.78,999.78,999.78,999.78,999.78,999.78,999.78,999.78,999.78,999.78,999.78,999.78,999.78,999.78,999.78,999.78,999.78
2020-11-20 00:00:00,999.8,999.8,999.79,999.79,999.79,999.79,999.79,999.79,999.79,999.79,999.79,999.79,999.79,999.79,999.79,999.79,999.79,999.79,999.79,999.79,999.79,999.79,999.79,999.79,999.79,999.79,999.79,999.79,999.79,999.79,999.79,999.79,999.79,999.79,999.79,999.79,999.79,999.79,999.79,999.79,999.79,999.79,999.79,999.79,999.79,999.79,999.79
2020-11-21 00:00:00,999.82,999.81,999.81,999.81,999.81,999.81,999.81,999.81,999.81,999.81,999.81,999.81,999.8,999.8,999.8,999.8,999.8,999.8,999.8,999.8,999.8,999.8,999.8,999.8,999.8,999.8,999.8,999.8,999.8,999.8,999.8,999.8,999.8,999.8,999.8,999.8,999.8,999.8,999.8,999.8,999.8,999.8,999.8,999.8,999.8,999.8,999.8
