datetime,Flow_metersCubedPerSecond,Water_Temperature_celsius,Salinity_practicalSalinityUnits
2014-01-01,58,,0
2014-01-02,54,,0
2014-01-03,54,,0
2014-01-04,58,,0
2014-01-05,55,,0
2014-01-06,48,,0
2014-01-07,54,,0
2014-01-08,60,,0
2014-01-09,68,,0
2014-01-10,76,,0
2014-01-11,85.4,,0
2014-01-12,93.7,,0
2014-01-13,97.4,,0
2014-01-14,81.3,,0
2014-01-15,73.9,,0
2014-01-16,68.9,,0
2014-01-17,64.7,,0
2014-01-18,62.9,,0
2014-01-19,61.5,,0
2014-01-20,55.5,,0
2014-01-21,62.4,,0
2014-01-22,60.6,,0
2014-01-23,59.7,,0
2014-01-24,62.4,,0
2014-01-25,64.7,,0
2014-01-26,68.4,,0
2014-01-27,70.7,,0
2014-01-28,71.6,,0
2014-01-29,63,,0
2014-01-30,65,,0
2014-01-31,58.3,,0
2014-02-01,58.8,,0
2014-02-02,59.2,,0
2014-02-03,55.5,,0
2014-02-04,57.8,,0
2014-02-05,55.5,,0
2014-02-06,52.8,,0
2014-02-07,54.6,,0
2014-02-08,52.8,,0
2014-02-09,53.2,,0
2014-02-10,50.5,,0
2014-02-11,53.7,,0
2014-02-12,53.7,,0
2014-02-13,58.3,,0
2014-02-14,55.1,,0
2014-02-15,50,,0
2014-02-16,53.2,,0
2014-02-17,50,,0
2014-02-18,46.8,,0
2014-02-19,50,,0
2014-02-20,38,,0
2014-02-21,44,,0
2014-02-22,46,,0
2014-02-23,44,,0
2014-02-24,36,,0
2014-02-25,28,,0
2014-02-26,28,,0
2014-02-27,24,,0
2014-02-28,32,,0
2014-03-01,20,,0
2014-03-02,18,,0
2014-03-03,22,,0
2014-03-04,24,,0
2014-03-05,22,,0
2014-03-06,20,,0
2014-03-07,20,,0
2014-03-08,16,,0
2014-03-09,18,,0
2014-03-10,12,,0
2014-03-11,8.03,,0
2014-03-12,25,,0
2014-03-13,21,,0
2014-03-14,59.7,,0
2014-03-15,197,,0
2014-03-16,363,,0
2014-03-17,270,,0
2014-03-18,161,,0
2014-03-19,159,,0
2014-03-20,200,,0
2014-03-21,165,,0
2014-03-22,133,,0
2014-03-23,99.2,,0
2014-03-24,73.8,,0
2014-03-25,81.7,,0
2014-03-26,61.2,,0
2014-03-27,75.9,,0
2014-03-28,109,,0
2014-03-29,110,,0
2014-03-30,83.9,,0
2014-03-31,87.3,,0
2014-04-01,84.7,,0
2014-04-02,105,,0
2014-04-03,71.7,,0
2014-04-04,55.5,,0
2014-04-05,76.1,,0
2014-04-06,63.9,,0
2014-04-07,74.9,,0
2014-04-08,69.5,,0
2014-04-09,47.4,,0
2014-04-10,82.4,,0
2014-04-11,64,,0
2014-04-12,72.7,,0
2014-04-13,146,,0
2014-04-14,317,,0
2014-04-15,338,,0
2014-04-16,154,,0
2014-04-17,132,,0
2014-04-18,99.4,,0
2014-04-19,80.2,,0
2014-04-20,91.8,,0
2014-04-21,88.6,,0
2014-04-22,80.7,,0
2014-04-23,78.2,,0
2014-04-24,77.3,,0
2014-04-25,95.6,,0
2014-04-26,111,,0
2014-04-27,65.5,,0
2014-04-28,103,,0
2014-04-29,124,,0
2014-04-30,132,,0
2014-05-01,113,,0
2014-05-02,97.4,,0
2014-05-03,86.8,,0
2014-05-04,86.4,,0
2014-05-05,82.2,,0
2014-05-06,79.6,,0
2014-05-07,61.7,,0
2014-05-08,46.2,,0
2014-05-09,70.9,,0
2014-05-10,86.2,,0
2014-05-11,77.9,,0
2014-05-12,98.5,,0
2014-05-13,158,,0
2014-05-14,121,,0
2014-05-15,93.1,,0
2014-05-16,79.2,,0
2014-05-17,67.8,,0
2014-05-18,80.9,,0
2014-05-19,67.8,,0
2014-05-20,88.1,,0
2014-05-21,66.8,,0
2014-05-22,61.5,,0
2014-05-23,59.3,,0
2014-05-24,60,,0
2014-05-25,56,,0
2014-05-26,63.2,,0
2014-05-27,59.8,,0
2014-05-28,84.1,,0
2014-05-29,67.5,,0
2014-05-30,60.9,,0
2014-05-31,50.9,,0
2014-06-01,48.1,,0
2014-06-02,179,,0
2014-06-03,259,,0
2014-06-04,143,,0
2014-06-05,81.5,,0
2014-06-06,74.4,,0
2014-06-07,78.7,,0
2014-06-08,72.9,,0
2014-06-09,67.5,,0
2014-06-10,68,,0
2014-06-11,54.4,,0
2014-06-12,55.8,,0
2014-06-13,64.5,,0
2014-06-14,48.5,,0
2014-06-15,46.2,,0
2014-06-16,58.7,,0
2014-06-17,61.5,,0
2014-06-18,103,,0
2014-06-19,197,,0
2014-06-20,244,,0
2014-06-21,324,,0
2014-06-22,202,,0
2014-06-23,130,,0
2014-06-24,111,,0
2014-06-25,91.5,,0
2014-06-26,75.2,,0
2014-06-27,59.4,,0
2014-06-28,60.1,,0
2014-06-29,64.2,,0
2014-06-30,113,,0
2014-07-01,192,,0
2014-07-02,191,,0
2014-07-03,107,,0
2014-07-04,85.5,,0
2014-07-05,54,,0
2014-07-06,92.6,,0
2014-07-07,70.8,,0
2014-07-08,90.5,,0
2014-07-09,79.2,,0
2014-07-10,59.7,,0
2014-07-11,67.9,,0
2014-07-12,81.4,,0
2014-07-13,71.2,,0
2014-07-14,68.3,,0
2014-07-15,73.6,,0
2014-07-16,66.7,,0
2014-07-17,61.1,,0
2014-07-18,63.8,,0
2014-07-19,62.7,,0
2014-07-20,58.9,,0
2014-07-21,58,,0
2014-07-22,67.2,,0
2014-07-23,49.8,,0
2014-07-24,47.8,,0
2014-07-25,48.1,,0
2014-07-26,65.6,,0
2014-07-27,63.7,,0
2014-07-28,48,,0
2014-07-29,54.3,,0
2014-07-30,54,,0
2014-07-31,53.4,,0
2014-08-01,58.1,,0
2014-08-02,62.3,,0
2014-08-03,54.7,,0
2014-08-04,82.6,,0
2014-08-05,221,,0
2014-08-06,110,,0
2014-08-07,74.6,,0
2014-08-08,61.1,,0
2014-08-09,60.3,,0
2014-08-10,56.6,,0
2014-08-11,70,,0
2014-08-12,57.2,,0
2014-08-13,60.7,,0
2014-08-14,53.3,,0
2014-08-15,43.3,,0
2014-08-16,61.4,,0
2014-08-17,54.1,,0
2014-08-18,43.8,,0
2014-08-19,61.5,,0
2014-08-20,57.7,,0
2014-08-21,44.7,,0
2014-08-22,56.4,,
2014-08-23,53.9,,
2014-08-24,46.9,,
2014-08-25,66.2,,
2014-08-26,78.5,,
2014-08-27,61.5,,
2014-08-28,57.4,,
2014-08-29,42.3,,
2014-08-30,73.2,,
2014-08-31,63.3,,
2014-09-01,60.7,,
2014-09-02,58.1,,
2014-09-03,26.4,,
2014-09-04,56.7,,
2014-09-05,88.2,,
2014-09-06,61.2,,
2014-09-07,54.4,,
2014-09-08,44.7,,
2014-09-09,51,,
2014-09-10,73.9,,
2014-09-11,55.9,,
2014-09-12,57.7,,
2014-09-13,55.7,,
2014-09-14,46,,
2014-09-15,67.7,,
2014-09-16,59.3,,
2014-09-17,55,,
2014-09-18,52.7,,
2014-09-19,21.6,,
2014-09-20,70.5,,
2014-09-21,60.5,,
2014-09-22,49.9,,
2014-09-23,49.1,,
2014-09-24,49.9,,
2014-09-25,51,,
2014-09-26,48.4,,
2014-09-27,48.4,,
2014-09-28,49.5,,
2014-09-29,60.3,,
2014-09-30,39.5,,
2014-10-01,46.7,,
2014-10-02,39.4,,
2014-10-03,57.8,,
2014-10-04,70.8,,
2014-10-05,52,,
2014-10-06,47.5,,
2014-10-07,67.3,,
2014-10-08,52.9,,
2014-10-09,55.9,,
2014-10-10,50.4,,
2014-10-11,46.1,,
2014-10-12,55.8,,
2014-10-13,70.5,,
2014-10-14,144,,
2014-10-15,92.5,,
2014-10-16,66.6,,
2014-10-17,71.9,,
2014-10-18,61.2,,
2014-10-19,40.8,,
2014-10-20,77.1,,
2014-10-21,53.6,,
2014-10-22,49.3,,
2014-10-23,62.9,,
2014-10-24,60.9,,
2014-10-25,57.8,,
2014-10-26,65,,
2014-10-27,47.1,,
2014-10-28,49.9,,
2014-10-29,81.9,,
2014-10-30,60.3,,
2014-10-31,64.9,,
2014-11-01,49.9,,
2014-11-02,35.6,,
2014-11-03,79.5,,
2014-11-04,54,,
2014-11-05,70.1,,
2014-11-06,74.3,,
2014-11-07,39.8,,
2014-11-08,81.1,,
2014-11-09,72.3,,
2014-11-10,69.7,,
2014-11-11,52.4,,
2014-11-12,64,,
2014-11-13,69.4,,
2014-11-14,65.8,,
2014-11-15,59.3,,
2014-11-16,60.1,,
2014-11-17,63,,
2014-11-18,55,,
2014-11-19,61.2,,
2014-11-20,59.7,,
2014-11-21,49.5,,
2014-11-22,63.6,,
2014-11-23,81,,
2014-11-24,87.1,,
2014-11-25,91.5,,
2014-11-26,68.2,,
2014-11-27,62.7,,
2014-11-28,55.8,,
2014-11-29,65,,
2014-11-30,69.9,,
2014-12-01,48.2,,
2014-12-02,52.9,,
2014-12-03,63.9,,
2014-12-04,56.3,,
2014-12-05,57.5,,
2014-12-06,58.3,,
2014-12-07,48.6,,
2014-12-08,63.7,,
2014-12-09,62.4,,
2014-12-10,56.8,,
2014-12-11,55.1,,
2014-12-12,53.1,,
2014-12-13,60.7,,
2014-12-14,64.2,,
2014-12-15,71.2,,
2014-12-16,80.7,,
2014-12-17,75.8,,
2014-12-18,60.4,,
2014-12-19,57.3,,
2014-12-20,55.1,,
2014-12-21,52.2,,
2014-12-22,67.1,,
2014-12-23,70.8,,
2014-12-24,89.3,,
2014-12-25,69.8,,
2014-12-26,77.1,,
2014-12-27,55.8,,
2014-12-28,72.3,,
2014-12-29,54,,
2014-12-30,41.7,,
2014-12-31,46.9,,
2015-01-01,52.2,,
2015-01-02,54,,
2015-01-03,54.9,,
2015-01-04,51.2,,
2015-01-05,42.6,,
2015-01-06,47.9,,
2015-01-07,46,,
2015-01-08,44,,
2015-01-09,44,,
2015-01-10,45,,
2015-01-11,48,,
2015-01-12,49,,
2015-01-13,45,,
2015-01-14,44,,
2015-01-15,50,,
2015-01-16,49,,
2015-01-17,53,,
2015-01-18,57,,
2015-01-19,57,,
2015-01-20,53,,
2015-01-21,51,,
2015-01-22,48,,
2015-01-23,50,,
2015-01-24,56,,
2015-01-25,51,,
2015-01-26,37,,
2015-01-27,51,,
2015-01-28,50,,
2015-01-29,48,,
2015-01-30,42,,
2015-01-31,45,,
2015-02-01,30,,
2015-02-02,41,,
2015-02-03,54,,
2015-02-04,52,,
2015-02-05,48,,
2015-02-06,47,,
2015-02-07,50,,
2015-02-08,52,,
2015-02-09,50,,
2015-02-10,44,,
2015-02-11,48,,
2015-02-12,45,,
2015-02-13,45,,
2015-02-14,48,,
2015-02-15,41,,
2015-02-16,48,,
2015-02-17,51,,
2015-02-18,49,,
2015-02-19,43,,
2015-02-20,47,,
2015-02-21,51,,
2015-02-22,54,,
2015-02-23,49,,
2015-02-24,51,,
2015-02-25,54,,
2015-02-26,56,,
2015-02-27,53,,
2015-02-28,52,,
2015-03-01,54,,
2015-03-02,59.8,,
2015-03-03,61.7,,
2015-03-04,63.8,,
2015-03-05,61.2,,
2015-03-06,58.2,,
2015-03-07,61.7,,
2015-03-08,75.8,,
2015-03-09,130,,
2015-03-10,162,,
2015-03-11,138,,
2015-03-12,94.9,,
2015-03-13,83.8,,
2015-03-14,77.1,,
2015-03-15,62.5,,
2015-03-16,69.6,,
2015-03-17,59.5,,
2015-03-18,54.3,,
2015-03-19,53.2,,
2015-03-20,48.6,,
2015-03-21,57.7,,
2015-03-22,48.4,,
2015-03-23,50.7,,
2015-03-24,57,,
2015-03-25,34.1,,
2015-03-26,81.7,,
2015-03-27,51.7,,
2015-03-28,42.2,,
2015-03-29,38.3,,
2015-03-30,68.5,,
2015-03-31,46.4,,
2015-04-01,18.7,,
2015-04-02,79.5,,
2015-04-03,60,,
2015-04-04,39.8,,
2015-04-05,67,,
2015-04-06,61.2,,
2015-04-07,49.8,,
2015-04-08,102,,
2015-04-09,189,,
2015-04-10,355,,
2015-04-11,279,,
2015-04-12,114,,
2015-04-13,106,,
2015-04-14,90.3,,
2015-04-15,79.2,,
2015-04-16,59.3,,
2015-04-17,64.7,,
2015-04-18,68.3,,
2015-04-19,48.8,,
2015-04-20,57.8,,
2015-04-21,84.2,,
2015-04-22,81.7,,
2015-04-23,63.8,,
2015-04-24,67.5,,
2015-04-25,56.2,,
2015-04-26,54.7,,
2015-04-27,54.2,,
2015-04-28,53.4,,
2015-04-29,64.2,,
2015-04-30,50.3,,
2015-05-01,56.5,,
2015-05-02,50.7,,
2015-05-03,43.1,,
2015-05-04,80.3,,
2015-05-05,66.7,,
2015-05-06,71.3,,
2015-05-07,38.2,,
2015-05-08,84.5,,
2015-05-09,62.3,,
2015-05-10,51,,
2015-05-11,-0.59,,
2015-05-12,96,,
2015-05-13,54.6,,
2015-05-14,52.1,,
2015-05-15,55,,
2015-05-16,45.5,,
2015-05-17,42.1,,
2015-05-18,93.2,,
2015-05-19,77.3,,
2015-05-20,44.1,,
2015-05-21,57.4,,
2015-05-22,50.6,,
2015-05-23,51.7,,
2015-05-24,53.8,,
2015-05-25,53.6,,
2015-05-26,37.1,,
2015-05-27,89.4,,
2015-05-28,51.6,,
2015-05-29,61.7,,
2015-05-30,81.2,,
2015-05-31,69.4,,
2015-06-01,53.1,,
2015-06-02,53.3,,
2015-06-03,51.7,,
2015-06-04,59.8,,
2015-06-05,52.9,,
2015-06-06,38.2,,
2015-06-07,49.8,,
2015-06-08,47,,
2015-06-09,42.5,,
2015-06-10,49.6,,
2015-06-11,55,,
2015-06-12,112,,
2015-06-13,92.9,,
2015-06-14,74.7,,
2015-06-15,69.9,,
2015-06-16,53.5,,
2015-06-17,48.4,,
2015-06-18,57.7,,
2015-06-19,39.7,,
2015-06-20,51,,
2015-06-21,52,,
2015-06-22,28.5,,
2015-06-23,65.4,,
2015-06-24,42.1,,
2015-06-25,51.4,,
2015-06-26,49.1,,
2015-06-27,43.3,,
2015-06-28,42.4,,
2015-06-29,46.4,,
2015-06-30,49,,
2015-07-01,41,,
2015-07-02,42,,
2015-07-03,41.5,,
2015-07-04,39.7,,
2015-07-05,27.3,,
2015-07-06,57.2,,
2015-07-07,65.6,,
2015-07-08,48.3,,
2015-07-09,42.9,,
2015-07-10,38.4,,
2015-07-11,37.5,,
2015-07-12,38.5,,
2015-07-13,67.7,,
2015-07-14,95.7,,
2015-07-15,50.2,,
2015-07-16,49.4,,
2015-07-17,64.2,,
2015-07-18,120,,
2015-07-19,123,,
2015-07-20,67.7,,
2015-07-21,56.5,,
2015-07-22,49.6,,
2015-07-23,43.7,,
2015-07-24,34.8,,
2015-07-25,49,,
2015-07-26,45.8,,
2015-07-27,37.7,,
2015-07-28,37.7,,
2015-07-29,25.1,,
2015-07-30,48.1,,
2015-07-31,45.1,,
2015-08-01,37.7,,
2015-08-02,21.2,,
2015-08-03,49.6,,
2015-08-04,40.2,,
2015-08-05,39.7,,
2015-08-06,30.5,,
2015-08-07,37.9,,
2015-08-08,49.3,,
2015-08-09,39.4,,
2015-08-10,42.8,,
2015-08-11,39.8,,
2015-08-12,36.8,,
2015-08-13,30.9,,
2015-08-14,44.8,,
2015-08-15,32.9,,
2015-08-16,30.9,,
2015-08-17,53.9,,
2015-08-18,57.7,,
2015-08-19,61.2,,
2015-08-20,102,,
2015-08-21,40.3,,
2015-08-22,38.7,,
2015-08-23,54,,
2015-08-24,51.4,,
2015-08-25,48.7,,
2015-08-26,38.2,,
2015-08-27,39.9,,
2015-08-28,51.2,,
2015-08-29,78.2,,
2015-08-30,72.8,,
2015-08-31,56.7,,
2015-09-01,44.2,,
2015-09-02,42.8,,
2015-09-03,47.5,,
2015-09-04,37.7,,
2015-09-05,35,,
2015-09-06,37,,
2015-09-07,40.6,,
2015-09-08,37.6,,
2015-09-09,45.3,,
2015-09-10,57,,
2015-09-11,52.2,,
2015-09-12,43.5,,
2015-09-13,35.1,,
2015-09-14,37.4,,
2015-09-15,31.9,,
2015-09-16,44.6,,
2015-09-17,40.5,,
2015-09-18,128,,
2015-09-19,172,,
2015-09-20,93.6,,
2015-09-21,61.8,,
2015-09-22,64.6,,
2015-09-23,54.8,,
2015-09-24,54.5,,
2015-09-25,50.6,,
2015-09-26,44,,
2015-09-27,42.3,,
2015-09-28,56.7,,
2015-09-29,139,,
2015-09-30,168,,
2015-10-01,101,,
2015-10-02,79.2,,
2015-10-03,63.2,,
2015-10-04,59.6,,
2015-10-05,60.2,,
2015-10-06,60.4,,
2015-10-07,59.1,,
2015-10-08,57.8,,
2015-10-09,58.3,,
2015-10-10,32.6,,
2015-10-11,56.9,,
2015-10-12,58.2,,
2015-10-13,68.6,,
2015-10-14,55.9,,
2015-10-15,55.9,,
2015-10-16,58,,
2015-10-17,53.9,,
2015-10-18,34.4,,
2015-10-19,58.8,,
2015-10-20,58.7,,
2015-10-21,48.6,,
2015-10-22,55.7,,
2015-10-23,46.7,,
2015-10-24,59.1,,
2015-10-25,65.3,,
2015-10-26,53.9,,
2015-10-27,61.7,,
2015-10-28,53.6,,
2015-10-29,132,,
2015-10-30,60,,
2015-10-31,71.8,,
2015-11-01,94.4,,
2015-11-02,71.2,,
2015-11-03,60.6,,
2015-11-04,57.7,,
2015-11-05,48.6,,
2015-11-06,115,,
2015-11-07,92.9,,
2015-11-08,62.8,,
2015-11-09,79.5,,
2015-11-10,61.5,,
2015-11-11,55.9,,
2015-11-12,61.6,,
2015-11-13,105,,
2015-11-14,66.5,,
2015-11-15,62.3,,
2015-11-16,57.5,,
2015-11-17,70.8,,
2015-11-18,88.3,,
2015-11-19,183,,
2015-11-20,150,,
2015-11-21,92.5,,
2015-11-22,69.2,,
2015-11-23,81.7,,
2015-11-24,69.5,,
2015-11-25,64.7,,
2015-11-26,105,,
2015-11-27,209,,
2015-11-28,196,,
2015-11-29,116,,
2015-11-30,105,,
2015-12-01,120,,
2015-12-02,141,,
2015-12-03,85.6,,
2015-12-04,104,,
2015-12-05,94.8,,
2015-12-06,93.7,,
2015-12-07,91.7,,
2015-12-08,89.4,,
2015-12-09,78.9,,
2015-12-10,34.6,,
2015-12-11,123,,
2015-12-12,76.3,,
2015-12-13,71.6,,
2015-12-14,191,,
2015-12-15,273,,
2015-12-16,108,,
2015-12-17,149,,
2015-12-18,107,,
2015-12-19,74.9,,
2015-12-20,75,,
2015-12-21,96.9,,
2015-12-22,74.8,,
2015-12-23,49.7,,
2015-12-24,144,,
2015-12-25,102,,
2015-12-26,92.9,,
2015-12-27,88.6,,
2015-12-28,86,,
2015-12-29,62.5,,
2015-12-30,93.8,,
2015-12-31,83,,
2016-01-01,84.4,,
2016-01-02,78.6,,
2016-01-03,73.4,,
2016-01-04,69.1,,
2016-01-05,60.8,,
2016-01-06,70.7,,
2016-01-07,76.3,,
2016-01-08,87.9,,
2016-01-09,121,,
2016-01-10,95.5,,
2016-01-11,71.1,,
2016-01-12,75,,
2016-01-13,66.7,,
2016-01-14,71.6,,
2016-01-15,72.4,,
2016-01-16,66.2,,
2016-01-17,51.5,,
2016-01-18,51.8,,
2016-01-19,51.1,,
2016-01-20,52.2,,
2016-01-21,51.8,,
2016-01-22,53.6,,
2016-01-23,57.4,,
2016-01-24,62,,
2016-01-25,65.1,,
2016-01-26,67.4,,
2016-01-27,63.7,,
2016-01-28,74.4,,
2016-01-29,64.7,,
2016-01-30,67.4,,
2016-01-31,67.2,,
2016-02-01,65.3,,
2016-02-02,70.8,,
2016-02-03,66.6,,
2016-02-04,65.4,,
2016-02-05,65.8,,
2016-02-06,62.6,,
2016-02-07,64.9,,
2016-02-08,72,,
2016-02-09,58.1,,
2016-02-10,55.4,,
2016-02-11,60.5,,
2016-02-12,60.1,,
2016-02-13,50.7,,
2016-02-14,53.1,,
2016-02-15,56,,
2016-02-16,58.4,,
2016-02-17,59.8,,
2016-02-18,62.3,,
2016-02-19,73.2,,
2016-02-20,193,,
2016-02-21,266,,
2016-02-22,203,,
2016-02-23,115,,
2016-02-24,103,,
2016-02-25,85.5,,
2016-02-26,73.7,,
2016-02-27,72.5,,
2016-02-28,89.8,,
2016-02-29,106,,
2016-03-01,78,,
2016-03-02,71.2,,
2016-03-03,71.7,,
2016-03-04,63.8,,
2016-03-05,77.3,,
2016-03-06,68.2,,
2016-03-07,104,,
2016-03-08,103,,
2016-03-09,113,,
2016-03-10,102,,
2016-03-11,82.3,,
2016-03-12,84.7,,
2016-03-13,88.1,,
2016-03-14,82.6,,
2016-03-15,92.1,,
2016-03-16,114,,
2016-03-17,286,,
2016-03-18,175,,
2016-03-19,112,,
2016-03-20,81.6,,
2016-03-21,78.8,,
2016-03-22,101,,
2016-03-23,111,,
2016-03-24,71.8,,
2016-03-25,104,,
2016-03-26,117,,
2016-03-27,104,,
2016-03-28,97.7,,
2016-03-29,74.9,,
2016-03-30,92.8,,
2016-03-31,133,,
2016-04-01,142,,
2016-04-02,121,,
2016-04-03,86.2,,
2016-04-04,103,,
2016-04-05,69.2,,
2016-04-06,127,,
2016-04-07,118,,
2016-04-08,106,,
2016-04-09,68.7,,
2016-04-10,93.7,,
2016-04-11,85.4,,
2016-04-12,75.9,,
2016-04-13,80,,
2016-04-14,76.3,,
2016-04-15,76.2,,
2016-04-16,72.1,,
2016-04-17,69.3,,
2016-04-18,78,,
2016-04-19,64.8,,
2016-04-20,63.6,,
2016-04-21,73.6,,
2016-04-22,74.4,,
2016-04-23,65.5,,
2016-04-24,73.2,,
2016-04-25,56,,
2016-04-26,75.8,,
2016-04-27,57.9,,
2016-04-28,67.8,,
2016-04-29,70.8,,
2016-04-30,81.6,,
2016-05-01,82.5,,
2016-05-02,70.1,,
2016-05-03,60,,
2016-05-04,83.2,,
2016-05-05,60.9,,
2016-05-06,60.4,,
2016-05-07,73.1,,
2016-05-08,61.9,,
2016-05-09,71.6,,
2016-05-10,63.1,,
2016-05-11,88.7,,
2016-05-12,86.3,,
2016-05-13,92.9,,
2016-05-14,83.7,,
2016-05-15,75.5,,
2016-05-16,71.2,,
2016-05-17,75.6,,
2016-05-18,64.2,,
2016-05-19,66.2,,
2016-05-20,65.6,,
2016-05-21,61.5,,
2016-05-22,58.1,,
2016-05-23,57.5,,
2016-05-24,61.7,,
2016-05-25,47.9,,
2016-05-26,62.2,,
2016-05-27,56.3,,
2016-05-28,43.3,,
2016-05-29,85.3,,
2016-05-30,78.8,,
2016-05-31,56.5,,
2016-06-01,95.5,,
2016-06-02,90,,
2016-06-03,58.6,,
2016-06-04,67,,
2016-06-05,56.9,,
2016-06-06,71.3,,
2016-06-07,60.8,,
2016-06-08,53.7,,
2016-06-09,56.1,,
2016-06-10,42.3,,
2016-06-11,68.9,,
2016-06-12,54.9,,
2016-06-13,58.9,,
2016-06-14,54,,
2016-06-15,105,,
2016-06-16,113,,
2016-06-17,63.4,,
2016-06-18,57.3,,
2016-06-19,41.2,,
2016-06-20,66.9,,
2016-06-21,52.5,,
2016-06-22,53.5,,
2016-06-23,54.3,,
2016-06-24,45.3,,
2016-06-25,25.4,,
2016-06-26,102,,
2016-06-27,122,,
2016-06-28,75.5,,
2016-06-29,62.9,,
2016-06-30,61.9,,
2016-07-01,74.9,,
2016-07-02,62.7,,
2016-07-03,62.6,,
2016-07-04,50.8,,
2016-07-05,52.7,,
2016-07-06,63.9,,
2016-07-07,64.8,,
2016-07-08,68.1,,
2016-07-09,66.5,,
2016-07-10,48.1,,
2016-07-11,35.3,,
2016-07-12,70.1,,
2016-07-13,48.4,,
2016-07-14,61.1,,
2016-07-15,56.8,,
2016-07-16,38.6,,
2016-07-17,46.6,,
2016-07-18,67.2,,
2016-07-19,46.3,,
2016-07-20,42.2,,
2016-07-21,42.7,,
2016-07-22,117,,
2016-07-23,107,,
2016-07-24,131,,
2016-07-25,144,,
2016-07-26,93.4,,
2016-07-27,72.9,,
2016-07-28,71.8,,
2016-07-29,55.6,,
2016-07-30,57,,
2016-07-31,52.2,,
2016-08-01,56,,
2016-08-02,57.9,,
2016-08-03,60,,
2016-08-04,46.8,,
2016-08-05,134,,
2016-08-06,145,,
2016-08-07,102,,
2016-08-08,70.9,,
2016-08-09,65.3,,
2016-08-10,57.9,,
2016-08-11,70.9,,
2016-08-12,71.2,,
2016-08-13,77.8,,
2016-08-14,73.3,,
2016-08-15,68.6,,
2016-08-16,49.6,,
2016-08-17,76.1,,
2016-08-18,47.8,,
2016-08-19,88,,
2016-08-20,109,,
2016-08-21,134,,
2016-08-22,80.9,,
2016-08-23,75.7,,
2016-08-24,81.6,,
2016-08-25,73.3,,
2016-08-26,73.1,,
2016-08-27,88.9,,
2016-08-28,124,,
2016-08-29,97.2,,
2016-08-30,85.3,,
2016-08-31,75.3,,
2016-09-01,72.8,,
2016-09-02,62.9,,
2016-09-03,58.3,,
2016-09-04,57.8,,
2016-09-05,61.9,,
2016-09-06,77,,
2016-09-07,122,,
2016-09-08,297,,
2016-09-09,246,,
2016-09-10,138,,
2016-09-11,89.4,,
2016-09-12,77.3,,
2016-09-13,97,,
2016-09-14,84.6,,
2016-09-15,77,,
2016-09-16,87.1,,
2016-09-17,86.7,,
2016-09-18,77.9,,
2016-09-19,70,,
2016-09-20,73.2,,
2016-09-21,140,,
2016-09-22,268,,
2016-09-23,283,,
2016-09-24,163,,
2016-09-25,101,,
2016-09-26,106,,
2016-09-27,116,,
2016-09-28,106,,
2016-09-29,101,,
2016-09-30,87.1,,
2016-10-01,93.4,,
2016-10-02,84.2,,
2016-10-03,83.6,,
2016-10-04,87.7,,
2016-10-05,81.9,,
2016-10-06,86.7,,
2016-10-07,79.8,,
2016-10-08,101,,
2016-10-09,82.3,,
2016-10-10,79.5,,
2016-10-11,72.1,,
2016-10-12,108,,
2016-10-13,89,,
2016-10-14,72.5,,
2016-10-15,97.4,,
2016-10-16,110,,
2016-10-17,95.9,,
2016-10-18,110,,
2016-10-19,92.1,,
2016-10-20,92.2,,
2016-10-21,79.8,,
2016-10-22,83.2,,
2016-10-23,85.1,,
2016-10-24,79.9,,
2016-10-25,78.4,,
2016-10-26,186,,
2016-10-27,411,,
2016-10-28,316,,
2016-10-29,208,,
2016-10-30,125,,
2016-10-31,93,,
2016-11-01,125,,
2016-11-02,98.9,,
2016-11-03,98.6,,
2016-11-04,92.3,,
2016-11-05,98.8,,
2016-11-06,90.4,,
2016-11-07,82.5,,
2016-11-08,96.3,,
2016-11-09,83.8,,
2016-11-10,92.1,,
2016-11-11,94.7,,
2016-11-12,69.2,,
2016-11-13,85.6,,
2016-11-14,107,,
2016-11-15,85.4,,
2016-11-16,80.3,,
2016-11-17,81.2,,
2016-11-18,21.7,,
2016-11-19,146,,
2016-11-20,85.6,,
2016-11-21,83.9,,
2016-11-22,82.7,,
2016-11-23,80.5,,
2016-11-24,90.3,,
2016-11-25,82,,
2016-11-26,79.1,,
2016-11-27,87.2,,
2016-11-28,133,,
2016-11-29,199,,
2016-11-30,163,,
2016-12-01,124,,
2016-12-02,105,,
2016-12-03,93.4,,
2016-12-04,81.5,,
2016-12-05,98.2,,
2016-12-06,77.4,,
2016-12-07,107,,
2016-12-08,90,,
2016-12-09,79.2,,
2016-12-10,78.2,,
2016-12-11,78.8,,
2016-12-12,83.1,,
2016-12-13,76.6,,
2016-12-14,70.5,,
2016-12-15,61.1,,
2016-12-16,73.1,,
2016-12-17,77.7,,
2016-12-18,75.1,,
2016-12-19,68.5,,
2016-12-20,76.3,,
2016-12-21,78,,
2016-12-22,77.1,,
2016-12-23,76.1,,
2016-12-24,76,,
2016-12-25,81,,
2016-12-26,104,,
2016-12-27,151,,
2016-12-28,111,,
2016-12-29,96.4,,
2016-12-30,85.1,,
2016-12-31,84.1,,
2017-01-01,76.7,,
2017-01-02,76.8,,
2017-01-03,74.2,,
2017-01-04,66.9,,
2017-01-05,59.7,,
2017-01-06,60.4,,
2017-01-07,62.6,,
2017-01-08,60.7,,
2017-01-09,59.8,,
2017-01-10,71.6,,
2017-01-11,116,,
2017-01-12,105,,
2017-01-13,77.8,,
2017-01-14,69.9,,
2017-01-15,69.6,,
2017-01-16,71.3,,
2017-01-17,122,,
2017-01-18,189,,
2017-01-19,185,,
2017-01-20,263,,
2017-01-21,406,,
2017-01-22,340,,
2017-01-23,221,,
2017-01-24,147,,
2017-01-25,118,,
2017-01-26,106,,
2017-01-27,95.9,,
2017-01-28,95,,
2017-01-29,84.4,,
2017-01-30,79.1,,
2017-01-31,79.1,,
2017-02-01,73.9,,
2017-02-02,68.3,,
2017-02-03,64.4,,
2017-02-04,67.1,,
2017-02-05,71.4,,
2017-02-06,70.9,,
2017-02-07,76.5,,
2017-02-08,78.4,,
2017-02-09,67.9,,
2017-02-10,73.2,,
2017-02-11,79.5,,
2017-02-12,92.5,,
2017-02-13,121,,
2017-02-14,140,,
2017-02-15,150,,
2017-02-16,103,,
2017-02-17,89.6,,
2017-02-18,115,,
2017-02-19,116,,
2017-02-20,112,,
2017-02-21,204,,
2017-02-22,190,,
2017-02-23,161,,
2017-02-24,148,,
2017-02-25,147,,
2017-02-26,118,,
2017-02-27,126,,
2017-02-28,137,,
2017-03-01,204,,
2017-03-02,198,,
2017-03-03,137,,
2017-03-04,116,,
2017-03-05,97.6,,
2017-03-06,96.2,,
2017-03-07,148,,
2017-03-08,150,,
2017-03-09,161,,
2017-03-10,106,,
2017-03-11,92.7,,
2017-03-12,91.6,,
2017-03-13,101,,
2017-03-14,76.2,,
2017-03-15,87.1,,
2017-03-16,85.7,,
2017-03-17,92.7,,
2017-03-18,114,,
2017-03-19,90.2,,
2017-03-20,114,,
2017-03-21,106,,
2017-03-22,71.2,,
2017-03-23,61,,
2017-03-24,180,,
2017-03-25,101,,
2017-03-26,107,,
2017-03-27,133,,
2017-03-28,115,,
2017-03-29,117,,
2017-03-30,140,,
2017-03-31,155,,
2017-04-01,130,,
2017-04-02,113,,
2017-04-03,122,,
2017-04-04,155,,
2017-04-05,197,,
2017-04-06,132,,
2017-04-07,102,,
2017-04-08,90,,
2017-04-09,111,,
2017-04-10,116,,
2017-04-11,92.5,,
2017-04-12,104,,
2017-04-13,119,,
2017-04-14,107,,
2017-04-15,132,,
2017-04-16,253,,
2017-04-17,252,,
2017-04-18,119,,
2017-04-19,140,,
2017-04-20,130,,
2017-04-21,158,,
2017-04-22,111,,
2017-04-23,109,,
2017-04-24,95,,
2017-04-25,103,,
2017-04-26,144,,
2017-04-27,224,,
2017-04-28,300,,
2017-04-29,203,,
2017-04-30,136,,
2017-05-01,146,,
2017-05-02,254,,
2017-05-03,172,,
2017-05-04,140,,
2017-05-05,118,,
2017-05-06,125,,
2017-05-07,112,,
2017-05-08,106,,
2017-05-09,106,,
2017-05-10,109,,
2017-05-11,103,,
2017-05-12,108,,
2017-05-13,102,,
2017-05-14,95.5,,
2017-05-15,88.1,,
2017-05-16,124,,
2017-05-17,115,,
2017-05-18,169,,
2017-05-19,127,,
2017-05-20,99.8,,
2017-05-21,107,,
2017-05-22,138,,
2017-05-23,120,,
2017-05-24,110,,
2017-05-25,93.8,,
2017-05-26,97.6,,
2017-05-27,95.3,,
2017-05-28,96.2,,
2017-05-29,91.7,,
2017-05-30,96.7,,
2017-05-31,88.5,,
2017-06-01,86.4,,
2017-06-02,81.8,,
2017-06-03,82.4,,
2017-06-04,87,,
2017-06-05,86.4,,
2017-06-06,68.1,,
2017-06-07,64.6,,
2017-06-08,77,,
2017-06-09,82.6,,
2017-06-10,41.4,,
2017-06-11,84.7,,
2017-06-12,88.5,,
2017-06-13,167,,
2017-06-14,230,,
2017-06-15,143,,
2017-06-16,80.5,,
2017-06-17,103,,
2017-06-18,104,,
2017-06-19,101,,
2017-06-20,99.1,,
2017-06-21,86.1,,
2017-06-22,99,,
2017-06-23,145,,
2017-06-24,185,,
2017-06-25,141,,
2017-06-26,107,,
2017-06-27,75.9,,
2017-06-28,96.7,,
2017-06-29,284,,
2017-06-30,382,,
2017-07-01,220,,
2017-07-02,128,,
2017-07-03,102,,
2017-07-04,95,,
2017-07-05,97.3,,
2017-07-06,104,,
2017-07-07,162,,
2017-07-08,115,,
2017-07-09,99.7,,
2017-07-10,73.8,,
2017-07-11,87.9,,
2017-07-12,105,,
2017-07-13,168,,
2017-07-14,129,,
2017-07-15,95.4,,
2017-07-16,104,,
2017-07-17,90.6,,
2017-07-18,87.1,,
2017-07-19,81.8,,
2017-07-20,125,,
2017-07-21,168,,
2017-07-22,315,,
2017-07-23,322,,
2017-07-24,171,,
2017-07-25,110,,
2017-07-26,125,,
2017-07-27,114,,
2017-07-28,113,,
2017-07-29,99.9,,
2017-07-30,92.8,,
2017-07-31,95.2,,
2017-08-01,95.7,,
2017-08-02,95.2,,
2017-08-03,79,,
2017-08-04,118,,
2017-08-05,96.1,,
2017-08-06,95.8,,
2017-08-07,89.2,,
2017-08-08,83.2,,
2017-08-09,78.3,,
2017-08-10,102,,
2017-08-11,106,,
2017-08-12,87.1,,
2017-08-13,82.7,,
2017-08-14,84.2,,
2017-08-15,87.6,,
2017-08-16,77.8,,
2017-08-17,107,,
2017-08-18,148,,
2017-08-19,113,,
2017-08-20,97.7,,
2017-08-21,84,,
2017-08-22,96.7,,
2017-08-23,91.7,,
2017-08-24,88.3,,
2017-08-25,79.3,,
2017-08-26,81.8,,
2017-08-27,87.2,,
2017-08-28,88.8,,
2017-08-29,81.4,,
2017-08-30,77.3,,
2017-08-31,94,,
2017-09-01,75.7,,
2017-09-02,79.3,,
2017-09-03,64.6,,
2017-09-04,97.4,,
2017-09-05,86.4,,
2017-09-06,82.9,,
2017-09-07,80.1,,
2017-09-08,82.4,,
2017-09-09,70.8,,
2017-09-10,74.6,,
2017-09-11,77.2,,
2017-09-12,75.4,,
2017-09-13,73.5,,
2017-09-14,69.7,,
2017-09-15,72.7,,
2017-09-16,72,,
2017-09-17,83,,
2017-09-18,71.8,,
2017-09-19,68,,
2017-09-20,64,,
2017-09-21,74.5,,
2017-09-22,66.4,,
2017-09-23,71.5,,
2017-09-24,67.3,,
2017-09-25,69.2,,
2017-09-26,69.6,,
2017-09-27,74.4,,
2017-09-28,64.5,,
2017-09-29,76.1,,
2017-09-30,65.3,,
2017-10-01,68.6,,
2017-10-02,61.9,,
2017-10-03,60.8,,
2017-10-04,106,,
2017-10-05,98,,
2017-10-06,76.9,,
2017-10-07,78,,
2017-10-08,114,,
2017-10-09,87.7,,
2017-10-10,88.8,,
2017-10-11,70.5,,
2017-10-12,71,,
2017-10-13,86.7,,
2017-10-14,67.4,,
2017-10-15,106,,
2017-10-16,72.4,,
2017-10-17,63,,
2017-10-18,54.6,,
2017-10-19,53.5,,
2017-10-20,53.4,,
2017-10-21,52.4,,
2017-10-22,58.7,,
2017-10-23,71.1,,
2017-10-24,93.1,,
2017-10-25,98.6,,
2017-10-26,82.4,,
2017-10-27,70.9,,
2017-10-28,98.4,,
2017-10-29,71.8,,
2017-10-30,71.6,,
2017-10-31,93.4,,
2017-11-01,79.4,,
2017-11-02,91.1,,
2017-11-03,88,,
2017-11-04,80.5,,
2017-11-05,88.4,,
2017-11-06,79.8,,
2017-11-07,79.5,,
2017-11-08,65,,
2017-11-09,100,,
2017-11-10,65.3,,
2017-11-11,80.7,,
2017-11-12,78.4,,
2017-11-13,65.2,,
2017-11-14,72.5,,
2017-11-15,85.7,,
2017-11-16,84.7,,
2017-11-17,81.6,,
2017-11-18,103,,
2017-11-19,65.6,,
2017-11-20,58.5,,
2017-11-21,120,,
2017-11-22,63.1,,
2017-11-23,84.8,,
2017-11-24,73.6,,
2017-11-25,83.3,,
2017-11-26,71,,
2017-11-27,62.1,,
2017-11-28,85.1,,
2017-11-29,76.1,,
2017-11-30,68.9,,
2017-12-01,70,,
2017-12-02,70.5,,
2017-12-03,66.8,,
2017-12-04,10.2,,
2017-12-05,110,,
2017-12-06,116,,
2017-12-07,73.2,,
2017-12-08,65.8,,
2017-12-09,72.3,,
2017-12-10,65.4,,
2017-12-11,73.6,,
2017-12-12,58.2,,
2017-12-13,71.6,,
2017-12-14,55.1,,
2017-12-15,60.7,,
2017-12-16,66.4,,
2017-12-17,63.8,,
2017-12-18,62.4,,
2017-12-19,74.8,,
2017-12-20,73.1,,
2017-12-21,70.4,,
2017-12-22,60.7,,
2017-12-23,60.4,,
2017-12-24,61.1,,
2017-12-25,57.5,,
2017-12-26,48.8,,
2017-12-27,51.8,,
2017-12-28,55.5,,
2017-12-29,60.6,,
2017-12-30,59.2,,
2017-12-31,52.5,,
2018-01-01,51.4,,
2018-01-02,53.9,,
2018-01-03,56.2,,
2018-01-04,53.9,,
2018-01-05,49.2,,
2018-01-06,50.5,,
2018-01-07,55.9,,
2018-01-08,58.5,,
2018-01-09,60.4,,
2018-01-10,77.9,,
2018-01-11,106,,
2018-01-12,89.4,,
2018-01-13,62.6,,
2018-01-14,56.4,,
2018-01-15,65,,
2018-01-16,66.7,,
2018-01-17,69.2,,
2018-01-18,65.4,,
2018-01-19,67.7,,
2018-01-20,68,,
2018-01-21,73.6,,
2018-01-22,193,,
2018-01-23,482,,
2018-01-24,364,,
2018-01-25,167,,
2018-01-26,97.4,,
2018-01-27,96.7,,
2018-01-28,92.7,,
2018-01-29,68.9,,
2018-01-30,62.1,,
2018-01-31,67.4,,
2018-02-01,58.6,,
2018-02-02,54,,
2018-02-03,64.6,,
2018-02-04,58.9,,
2018-02-05,53.5,,
2018-02-06,62.9,,
2018-02-07,65,,
2018-02-08,67.5,,
2018-02-09,66.5,,
2018-02-10,67.2,,
2018-02-11,65.8,,
2018-02-12,67.7,,
2018-02-13,68.6,,
2018-02-14,71.5,,
2018-02-15,72,,
2018-02-16,77.4,,
2018-02-17,66.6,,
2018-02-18,62.8,,
2018-02-19,77.2,2,
2018-02-20,230,1.5,
2018-02-21,552,0,
2018-02-22,443,0.3,
2018-02-23,195,1.7,
2018-02-24,233,1.1,
2018-02-25,380,1.4,
2018-02-26,518,2.5,
2018-02-27,287,5.9,
2018-02-28,170,4.2,
2018-03-01,105,3,
2018-03-02,89.7,2.8,
2018-03-03,82.5,4.1,
2018-03-04,80.2,3.8,
2018-03-05,72.9,2.2,
2018-03-06,75.5,1,
2018-03-07,65.8,0,
2018-03-08,72.2,0,
2018-03-09,72.4,0.3,
2018-03-10,72.3,1.1,
2018-03-11,67.9,2.2,
2018-03-12,75.1,3.5,
2018-03-13,71,0.8,
2018-03-14,70.3,2.8,
2018-03-15,77.4,3.3,
2018-03-16,65,1.1,
2018-03-17,66.4,3.1,
2018-03-18,73.4,5.5,
2018-03-19,90.2,4.2,
2018-03-20,51.9,0.5,
2018-03-21,58.2,1.6,
2018-03-22,67.2,3.2,
2018-03-23,74.4,3.1,
2018-03-24,58.6,1.9,
2018-03-25,56.3,2,
2018-03-26,57.4,3.8,
2018-03-27,79.6,6.1,
2018-03-28,76.7,6.3,
2018-03-29,84.9,7.8,
2018-03-30,59,5.6,
2018-03-31,78.2,5.1,
2018-04-01,73.3,0.9,
2018-04-02,76.8,2,
2018-04-03,71.5,1.6,
2018-04-04,51.6,0.3,
2018-04-05,66.4,2.1,
2018-04-06,77.8,0.8,
2018-04-07,65.8,0.4,
2018-04-08,69.9,1.3,
2018-04-09,57.1,1.7,
2018-04-10,53.9,2.6,
2018-04-11,79.5,7.6,
2018-04-12,81,9.5,
2018-04-13,109,5,
2018-04-14,93.7,1.7,
2018-04-15,49.7,0,
2018-04-16,74.8,0.3,
2018-04-17,86.7,1.6,
2018-04-18,100,1.3,
2018-04-19,90.3,3.6,
2018-04-20,137,6.5,
2018-04-21,140,8.3,
2018-04-22,120,10.5,
2018-04-23,106,12.3,
2018-04-24,101,14.9,
2018-04-25,75.4,12,
2018-04-26,84.7,13.7,
2018-04-27,76.8,11.3,
2018-04-28,70.1,9.1,
2018-04-29,63.9,11.5,
2018-04-30,49.2,17.3,
2018-05-01,86.6,19.9,
2018-05-02,190,19.9,
2018-05-03,277,17.1,
2018-05-04,423,17.9,
2018-05-05,407,20,
2018-05-06,191,18.9,
2018-05-07,112,19.6,
2018-05-08,112,22.1,
2018-05-09,132,19.4,
2018-05-10,178,17.6,
2018-05-11,172,8.2,
2018-05-12,193,10.4,
2018-05-13,173,12.1,
2018-05-14,177,16.5,
2018-05-15,166,19.7,
2018-05-16,126,20.6,
2018-05-17,120,20.2,
2018-05-18,96.5,19.2,
2018-05-19,89.4,19.2,
2018-05-20,77.1,14.8,
2018-05-21,112,14.6,
2018-05-22,112,15.9,
2018-05-23,101,19.8,
2018-05-24,88.8,23.5,
2018-05-25,76.4,25.2,
2018-05-26,101,26.1,
2018-05-27,83.3,28.1,
2018-05-28,77.5,28.2,
2018-05-29,76.5,28.3,
2018-05-30,90.3,25.8,
2018-05-31,113,26.3,
2018-06-01,93.5,23.9,
2018-06-02,70.2,19.4,
2018-06-03,84.4,19.4,
2018-06-04,64.3,21.4,
2018-06-05,82.4,21.4,
2018-06-06,63,20.4,
2018-06-07,69.3,23,
2018-06-08,62.7,20.8,
2018-06-09,66.5,22.2,
2018-06-10,76.3,19.4,
2018-06-11,71.3,20.7,
2018-06-12,65.6,22.8,
2018-06-13,68,23.6,
2018-06-14,62.5,23.2,
2018-06-15,41.6,23.9,
2018-06-16,60.4,26.2,
2018-06-17,89.1,28.8,
2018-06-18,87.7,28,
2018-06-19,105,21.2,
2018-06-20,154,21.1,
2018-06-21,147,19.8,
2018-06-22,114,19.6,
2018-06-23,85.1,21.9,
2018-06-24,79.9,24.3,
2018-06-25,76.1,22.5,
2018-06-26,55.7,22,
2018-06-27,69.6,23.2,
2018-06-28,64,25.4,
2018-06-29,47.2,28.6,
2018-06-30,73.6,29.5,
2018-07-01,65.9,27.4,
2018-07-02,78.6,26.4,
2018-07-03,66.2,27.9,
2018-07-04,59.4,29.8,
2018-07-05,70,28.4,
2018-07-06,51.6,24.5,
2018-07-07,52.6,25.1,
2018-07-08,51.2,26.5,
2018-07-09,63.5,27.8,
2018-07-10,61.3,27.9,
2018-07-11,49.1,27.7,
2018-07-12,45.7,28,
2018-07-13,60.1,28.5,
2018-07-14,78,26.8,
2018-07-15,59.8,28.2,
2018-07-16,66.7,28.1,
2018-07-17,57.8,25.9,
2018-07-18,48.8,26.3,
2018-07-19,56,25.7,
2018-07-20,103,23.9,
2018-07-21,105,23.5,
2018-07-22,65.1,22.8,
2018-07-23,60,24.4,
2018-07-24,58.8,25.8,
2018-07-25,44.8,25.5,
2018-07-26,72.6,23.5,
2018-07-27,64.8,22.4,
2018-07-28,57.4,23.3,
2018-07-29,52.8,24.3,
2018-07-30,52.7,23.5,
2018-07-31,56.1,23.2,
2018-08-01,49.6,24.9,
2018-08-02,75.2,23.4,
2018-08-03,50.2,24.1,
2018-08-04,38.4,27.1,
2018-08-05,60.5,27.1,
2018-08-06,82.9,25,
2018-08-07,78.8,23.5,
2018-08-08,47.6,24.2,
2018-08-09,36.9,25.3,
2018-08-10,50.4,24.8,
2018-08-11,53,26.2,
2018-08-12,52.1,27.3,
2018-08-13,54,27.7,
2018-08-14,51.2,27.2,
2018-08-15,53.1,26.9,
2018-08-16,42.7,25.7,
2018-08-17,129,24.9,
2018-08-18,205,24.7,
2018-08-19,133,25.2,
2018-08-20,109,,
2018-08-21,321,,
2018-08-22,477,,
2018-08-23,232,,
2018-08-24,158,,
2018-08-25,175,,
2018-08-26,140,,
2018-08-27,173,,
2018-08-28,188,,
2018-08-29,261,,
2018-08-30,247,,
2018-08-31,150,,
2018-09-01,134,,
2018-09-02,152,,
2018-09-03,207,,
2018-09-04,198,,
2018-09-05,180,,
2018-09-06,232,,
2018-09-07,179,,
2018-09-08,149,,
2018-09-09,118,,
2018-09-10,110,,
2018-09-11,107,,
2018-09-12,109,,
2018-09-13,108,,
2018-09-14,104,,
2018-09-15,103,,
2018-09-16,100,,
2018-09-17,101,,
2018-09-18,106,,
2018-09-19,111,,
2018-09-20,100,,
2018-09-21,188,,
2018-09-22,123,,
2018-09-23,117,,
2018-09-24,99.6,,
2018-09-25,120,,
2018-09-26,158,,
2018-09-27,125,,
2018-09-28,116,,
2018-09-29,115,,
2018-09-30,116,,
2018-10-01,167,,
2018-10-02,400,,
2018-10-03,319,,
2018-10-04,220,,
2018-10-05,136,,
2018-10-06,186,,
2018-10-07,270,,
2018-10-08,309,,
2018-10-09,375,,
2018-10-10,156,,
2018-10-11,248,,
2018-10-12,195,,
2018-10-13,126,,
2018-10-14,175,,
2018-10-15,121,,
2018-10-16,137,,
2018-10-17,142,,
2018-10-18,104,,
2018-10-19,132,,
2018-10-20,138,,
2018-10-21,106,,
2018-10-22,129,,
2018-10-23,117,,
2018-10-24,107,,
2018-10-25,116,,
2018-10-26,116,,
2018-10-27,107,,
2018-10-28,106,,
2018-10-29,110,,
2018-10-30,120,,
2018-10-31,119,,
2018-11-01,119,,
2018-11-02,112,,
2018-11-03,120,,
2018-11-04,97.4,,
2018-11-05,201,,
2018-11-06,163,,
2018-11-07,210,,
2018-11-08,158,,
2018-11-09,107,,
2018-11-10,133,,
2018-11-11,130,,
2018-11-12,127,,
2018-11-13,106,,
2018-11-14,98.3,,
2018-11-15,101,,
2018-11-16,120,,
2018-11-17,112,,
2018-11-18,96.7,,
2018-11-19,114,,
2018-11-20,82.3,,
2018-11-21,121,,
2018-11-22,88.5,,
2018-11-23,80.2,,
2018-11-24,135,,
2018-11-25,151,,
2018-11-26,76.4,,
2018-11-27,94.7,,
2018-11-28,86.3,,
2018-11-29,97.1,,
2018-11-30,99.9,,
2018-12-01,120,,
2018-12-02,136,,
2018-12-03,143,,
2018-12-04,109,,
2018-12-05,106,,
2018-12-06,108,,
2018-12-07,86,,
2018-12-08,85,,
2018-12-09,89.1,,
2018-12-10,85.5,,
2018-12-11,95.2,,
2018-12-12,89.1,,
2018-12-13,92.5,,
2018-12-14,89.8,,
2018-12-15,86.9,,
2018-12-16,84.4,,
2018-12-17,88.3,,
2018-12-18,79.8,,
2018-12-19,89.8,,
2018-12-20,106,,
2018-12-21,93.9,,
2018-12-22,84.2,,
2018-12-23,82.5,,
2018-12-24,96.3,,
2018-12-25,87,,
2018-12-26,90.2,,
2018-12-27,106,,
2018-12-28,209,,
2018-12-29,125,,
2018-12-30,115,,
2018-12-31,111,,
2019-01-01,98.3,,
2019-01-02,87,,
2019-01-03,90.3,,
2019-01-04,99.8,,
2019-01-05,95.3,,
2019-01-06,94.9,,
2019-01-07,166,,
2019-01-08,412,,
2019-01-09,308,,
2019-01-10,135,,
2019-01-11,109,,
2019-01-12,105,,
2019-01-13,96.2,,
2019-01-14,94.6,,
2019-01-15,94.7,,
2019-01-16,103,,
2019-01-17,91.9,,
2019-01-18,96.4,,
2019-01-19,80.8,,
2019-01-20,88.4,,
2019-01-21,83,,
2019-01-22,90.4,,
2019-01-23,93.9,,
2019-01-24,91.5,,
2019-01-25,84.6,,
2019-01-26,87.2,,
2019-01-27,92.5,,
2019-01-28,91.3,,
2019-01-29,86.4,,
2019-01-30,70.8,,
2019-01-31,85.8,,
2019-02-01,82.9,,
2019-02-02,91.2,,
2019-02-03,112,,
2019-02-04,202,,
2019-02-05,449,,
2019-02-06,385,,
2019-02-07,180,,
2019-02-08,112,,
2019-02-09,94.7,,
2019-02-10,91.5,,
2019-02-11,88.7,,
2019-02-12,93.2,,
2019-02-13,91.1,,
2019-02-14,91.5,,
2019-02-15,86.2,,
2019-02-16,84,,
2019-02-17,86.5,,
2019-02-18,81.2,,
2019-02-19,75.9,,
2019-02-20,82.2,,
2019-02-21,83.1,,
2019-02-22,81.3,,
2019-02-23,94.9,,
2019-02-24,144,,
2019-02-25,138,,
2019-02-26,128,,
2019-02-27,110,,
2019-02-28,97.7,,
2019-03-01,96.6,,
2019-03-02,88,,
2019-03-03,88.3,,
2019-03-04,77.4,,
2019-03-05,86.7,,
2019-03-06,82,,
2019-03-07,80.4,,
2019-03-08,82.1,,
2019-03-09,89.3,,
2019-03-10,95.2,,
2019-03-11,101,,
2019-03-12,101,,
2019-03-13,264,,
2019-03-14,1090,,
2019-03-15,1650,,
2019-03-16,1420,,
2019-03-17,853,,
2019-03-18,386,,
2019-03-19,234,,
2019-03-20,204,,
2019-03-21,182,,
2019-03-22,187,,
2019-03-23,162,,
2019-03-24,169,,
2019-03-25,133,,
2019-03-26,136,,
2019-03-27,124,,
2019-03-28,157,,
2019-03-29,143,,
2019-03-30,144,,
2019-03-31,101,,
2019-04-01,83,,
2019-04-02,141,,
2019-04-03,138,,
2019-04-04,124,,
2019-04-05,106,,
2019-04-06,119,,
2019-04-07,115,,
2019-04-08,111,,
2019-04-09,136,,
2019-04-10,137,,
2019-04-11,98.9,,
2019-04-12,99.1,,
2019-04-13,240,,
2019-04-14,133,,
2019-04-15,109,,
2019-04-16,132,,
2019-04-17,110,,
2019-04-18,162,,
2019-04-19,118,,
2019-04-20,109,,
2019-04-21,96,,
2019-04-22,116,,
2019-04-23,164,,
2019-04-24,130,,
2019-04-25,119,,
2019-04-26,108,,
2019-04-27,108,,
2019-04-28,111,,
2019-04-29,116,,
2019-04-30,135,,
2019-05-01,123,,
2019-05-02,136,,
2019-05-03,120,,
2019-05-04,111,,
2019-05-05,104,,
2019-05-06,178,,
2019-05-07,123,,
2019-05-08,117,,
2019-05-09,185,,
2019-05-10,157,,
2019-05-11,122,,
2019-05-12,120,,
2019-05-13,105,,
2019-05-14,101,,
2019-05-15,92.7,,
2019-05-16,114,,
2019-05-17,127,,
2019-05-18,129,,
2019-05-19,109,,
2019-05-20,150,,
2019-05-21,122,,
2019-05-22,97.5,,
2019-05-23,135,,
2019-05-24,128,,
2019-05-25,298,,
2019-05-26,507,,
2019-05-27,278,,
2019-05-28,176,,
2019-05-29,135,,
2019-05-30,123,,
2019-05-31,95.7,,
2019-06-01,125,,
2019-06-02,112,,
2019-06-03,92.4,,
2019-06-04,86.1,,
2019-06-05,112,,
2019-06-06,93.7,,
2019-06-07,88.5,,
2019-06-08,89.4,,
2019-06-09,87.1,,
2019-06-10,85.5,,
2019-06-11,81.7,,
2019-06-12,111,,
2019-06-13,104,,
2019-06-14,54.9,,
2019-06-15,150,,
2019-06-16,101,,
2019-06-17,88.1,,
2019-06-18,88.5,,
2019-06-19,105,,
2019-06-20,99,,
2019-06-21,94.1,,
2019-06-22,88.2,,
2019-06-23,83.3,,
2019-06-24,96.7,,
2019-06-25,123,,
2019-06-26,111,,
2019-06-27,90.2,,
2019-06-28,155,,
2019-06-29,228,,
2019-06-30,162,,
2019-07-01,188,,
2019-07-02,155,,
2019-07-03,151,,
2019-07-04,147,,
2019-07-05,144,,
2019-07-06,133,,
2019-07-07,106,,
2019-07-08,98.3,,
2019-07-09,88.1,,
2019-07-10,95.1,,
2019-07-11,114,,
2019-07-12,83.8,,
2019-07-13,94.9,,
2019-07-14,82.3,,
2019-07-15,68.2,,
2019-07-16,100,,
2019-07-17,80.7,,
2019-07-18,82.9,,
2019-07-19,174,,
2019-07-20,278,,
2019-07-21,196,,
2019-07-22,114,,
2019-07-23,76.5,,
2019-07-24,80.1,,
2019-07-25,80.2,,
2019-07-26,73.9,,
2019-07-27,93.1,,
2019-07-28,78.3,,
2019-07-29,104,,
2019-07-30,96.1,,
2019-07-31,83.4,,
2019-08-01,67.2,,
2019-08-02,72.7,,
2019-08-03,73.2,,
2019-08-04,87.5,,
2019-08-05,78.2,,
2019-08-06,136,,
2019-08-07,107,,
2019-08-08,115,,
2019-08-09,84.7,,
2019-08-10,78.2,,
2019-08-11,77.5,,
2019-08-12,83.4,,
2019-08-13,74.8,,
2019-08-14,98.5,,
2019-08-15,86.1,,
2019-08-16,89,,
2019-08-17,101,,
2019-08-18,93.9,,
2019-08-19,101,,
2019-08-20,88.9,,
2019-08-21,87.8,,
2019-08-22,84.3,,
2019-08-23,81.2,,
2019-08-24,76.6,,
2019-08-25,79.1,,
2019-08-26,81.3,,
2019-08-27,76.4,,
2019-08-28,85.6,,
2019-08-29,76.3,,
2019-08-30,90.4,,
2019-08-31,78.2,,
2019-09-01,72.1,,
2019-09-02,72.9,,
2019-09-03,72.2,,
2019-09-04,91.4,,
2019-09-05,64.8,,
2019-09-06,89.1,,
2019-09-07,74.3,,
2019-09-08,78.1,,
2019-09-09,67.1,,
2019-09-10,108,,
2019-09-11,124,,
2019-09-12,97.7,,
2019-09-13,161,,
2019-09-14,189,,
2019-09-15,121,,
2019-09-16,91.4,,
2019-09-17,83,,
2019-09-18,81.2,,
2019-09-19,93,,
2019-09-20,83.8,,
2019-09-21,53.6,,
2019-09-22,179,,
2019-09-23,254,,
2019-09-24,133,,
2019-09-25,140,,
2019-09-26,94.2,,
2019-09-27,97.3,,
2019-09-28,106,,
2019-09-29,116,,
2019-09-30,134,,
2019-10-01,216,,
2019-10-02,705,,
2019-10-03,819,,
2019-10-04,493,,
2019-10-05,205,,
2019-10-06,257,,
2019-10-07,211,,
2019-10-08,144,,
2019-10-09,140,,
2019-10-10,138,,
2019-10-11,97.8,,
2019-10-12,188,,
2019-10-13,188,,
2019-10-14,156,,
2019-10-15,137,,
2019-10-16,157,,
2019-10-17,134,,
2019-10-18,121,,
2019-10-19,144,,
2019-10-20,134,,
2019-10-21,51,,
2019-10-22,186,,
2019-10-23,178,,
2019-10-24,134,,
2019-10-25,123,,
2019-10-26,144,,
2019-10-27,125,,
2019-10-28,137,,
2019-10-29,133,,
2019-10-30,154,,
2019-10-31,122,,
2019-11-01,123,,
2019-11-02,143,,
2019-11-03,127,,
2019-11-04,149,,
2019-11-05,136,,
2019-11-06,147,,
2019-11-07,119,,
2019-11-08,89.5,,
2019-11-09,135,,
2019-11-10,137,,
2019-11-11,118,,
2019-11-12,96.1,,
2019-11-13,105,,
2019-11-14,95.2,,
2019-11-15,93.9,,
2019-11-16,99.2,,
2019-11-17,116,,
2019-11-18,116,,
2019-11-19,115,,
2019-11-20,111,,
2019-11-21,162,,
2019-11-22,202,,
2019-11-23,145,,
2019-11-24,129,,
2019-11-25,121,,
2019-11-26,138,,
2019-11-27,147,,
2019-11-28,237,,
2019-11-29,149,,
2019-11-30,150,,
2019-12-01,242,,
2019-12-02,170,,
2019-12-03,134,,
2019-12-04,137,,
2019-12-05,121,,
2019-12-06,122,,
2019-12-07,83.4,,
2019-12-08,140,,
2019-12-09,104,,
2019-12-10,125,,
2019-12-11,87.1,,
2019-12-12,94.7,,
2019-12-13,100,,
2019-12-14,105,,
2019-12-15,92.7,,
2019-12-16,91,,
2019-12-17,90.6,,
2019-12-18,80.3,,
2019-12-19,87.1,,
2019-12-20,95.6,,
2019-12-21,100,,
2019-12-22,101,,
2019-12-23,109,,
2019-12-24,101,,
2019-12-25,104,,
2019-12-26,96.2,,
2019-12-27,106,,
2019-12-28,111,,
2019-12-29,169,,
2019-12-30,207,,
2019-12-31,233,,